#-----------------------------------------------------------
# Vivado v2025.1 (64-bit)
# SW Build 6140274 on Wed May 21 22:58:25 MDT 2025
# IP Build 6138677 on Thu May 22 03:10:11 MDT 2025
# SharedData Build 6139179 on Tue May 20 17:58:58 MDT 2025
# Start of session at: Tue Aug  4 13:21:34 2026
# Process ID         : 8753
# Current directory  : /home/jconway/spi-soc-research
# Command line       : vivado -mode batch -source hardware/sim/run_keyhole_sim.tcl -log /tmp/r6_sim5.log -journal /tmp/r6_sim5.jou
# Log file           : /tmp/r6_sim5.log
# Journal file       : /tmp/r6_sim5.jou
# Running On         : stile.lps.umd.edu
# Platform           : Ubuntu
# Operating System   : Ubuntu 24.04.4 LTS
# Processor Detail   : Intel(R) Core(TM) i9-9900X CPU @ 3.50GHz
# CPU Frequency      : 4100.041 MHz
# CPU Physical cores : 10
# CPU Logical cores  : 20
# Host memory        : 50263 MB
# Swap memory        : 8589 MB
# Total Virtual      : 58853 MB
# Available Virtual  : 55963 MB
#-----------------------------------------------------------
source hardware/sim/run_keyhole_sim.tcl
# set REPO $::env(HOME)/spi-soc-research
# file delete -force /tmp/r6_keyhole_sim
# create_project r6sim /tmp/r6_keyhole_sim -part xczu9eg-ffvb1156-2-e -force
# source $REPO/hardware/sim/sim_keyhole_bd.tcl
## create_bd_design sim_keyhole
Wrote  : </tmp/r6_keyhole_sim/r6sim.srcs/sources_1/bd/sim_keyhole/sim_keyhole.bd> 
## create_bd_port -dir I -type clk -freq_hz 100000000 aclk
## create_bd_port -dir I -type rst aresetn
## create_bd_cell -type ip -vlnv xilinx.com:ip:axi_vip axi_vip_0
## set_property -dict [list CONFIG.INTERFACE_MODE {MASTER} \
##   CONFIG.PROTOCOL {AXI4LITE} CONFIG.ADDR_WIDTH {32} \
##   CONFIG.DATA_WIDTH {32}] [get_bd_cells axi_vip_0]
## create_bd_cell -type ip -vlnv xilinx.com:ip:axi_vip axi_vip_1
## set_property -dict [list CONFIG.INTERFACE_MODE {SLAVE} \
##   CONFIG.PROTOCOL {AXI4} CONFIG.ADDR_WIDTH {32} \
##   CONFIG.DATA_WIDTH {32}] [get_bd_cells axi_vip_1]
## create_bd_cell -type ip -vlnv xilinx.com:ip:axi_cdma axi_cdma_0
## set_property -dict [list CONFIG.C_INCLUDE_SG {0} \
##   CONFIG.C_M_AXI_MAX_BURST_LEN {16} \
##   CONFIG.C_M_AXI_DATA_WIDTH {32}] [get_bd_cells axi_cdma_0]
## create_bd_cell -type ip -vlnv xilinx.com:ip:axi_quad_spi axi_quad_spi_0
WARNING: [BD 41-721] Attempt to set value '0' on disabled parameter 'C_S_AXI4_ID_WIDTH' of cell '/axi_quad_spi_0' is ignored
## set_property -dict [list CONFIG.C_FIFO_DEPTH {256} \
##   CONFIG.C_NUM_SS_BITS {1}] [get_bd_cells axi_quad_spi_0]
## create_bd_cell -type ip -vlnv xilinx.com:ip:smartconnect smartconnect_0
## set_property -dict [list CONFIG.NUM_SI {2} CONFIG.NUM_MI {3} \
##   CONFIG.NUM_CLKS {1}] [get_bd_cells smartconnect_0]
## connect_bd_intf_net [get_bd_intf_pins axi_vip_0/M_AXI] \
##   [get_bd_intf_pins smartconnect_0/S00_AXI]
## connect_bd_intf_net [get_bd_intf_pins axi_cdma_0/M_AXI] \
##   [get_bd_intf_pins smartconnect_0/S01_AXI]
## connect_bd_intf_net [get_bd_intf_pins smartconnect_0/M00_AXI] \
##   [get_bd_intf_pins axi_quad_spi_0/AXI_LITE]
## connect_bd_intf_net [get_bd_intf_pins smartconnect_0/M01_AXI] \
##   [get_bd_intf_pins axi_cdma_0/S_AXI_LITE]
## connect_bd_intf_net [get_bd_intf_pins smartconnect_0/M02_AXI] \
##   [get_bd_intf_pins axi_vip_1/S_AXI]
## connect_bd_net [get_bd_ports aclk] \
##   [get_bd_pins axi_vip_0/aclk] [get_bd_pins axi_vip_1/aclk] \
##   [get_bd_pins axi_cdma_0/s_axi_lite_aclk] \
##   [get_bd_pins axi_cdma_0/m_axi_aclk] \
##   [get_bd_pins axi_quad_spi_0/s_axi_aclk] \
##   [get_bd_pins axi_quad_spi_0/ext_spi_clk] \
##   [get_bd_pins smartconnect_0/aclk]
## connect_bd_net [get_bd_ports aresetn] \
##   [get_bd_pins axi_vip_0/aresetn] [get_bd_pins axi_vip_1/aresetn] \
##   [get_bd_pins axi_cdma_0/s_axi_lite_aresetn] \
##   [get_bd_pins axi_quad_spi_0/s_axi_aresetn] \
##   [get_bd_pins smartconnect_0/aresetn]
## assign_bd_address -offset 0xA0000000 -range 0x00010000 \
##   -target_address_space [get_bd_addr_spaces axi_vip_0/Master_AXI] \
##   [get_bd_addr_segs axi_quad_spi_0/AXI_LITE/Reg] -force
Slave segment '/axi_quad_spi_0/AXI_LITE/Reg' is being assigned into address space '/axi_vip_0/Master_AXI' at <0xA000_0000 [ 64K ]>.
## assign_bd_address -offset 0xA0010000 -range 0x00010000 \
##   -target_address_space [get_bd_addr_spaces axi_vip_0/Master_AXI] \
##   [get_bd_addr_segs axi_cdma_0/S_AXI_LITE/Reg] -force
Slave segment '/axi_cdma_0/S_AXI_LITE/Reg' is being assigned into address space '/axi_vip_0/Master_AXI' at <0xA001_0000 [ 64K ]>.
## assign_bd_address -offset 0x00000000 -range 0x00010000 \
##   -target_address_space [get_bd_addr_spaces axi_vip_0/Master_AXI] \
##   [get_bd_addr_segs axi_vip_1/S_AXI/Reg] -force
Slave segment '/axi_vip_1/S_AXI/Reg' is being assigned into address space '/axi_vip_0/Master_AXI' at <0x0000_0000 [ 64K ]>.
## assign_bd_address -offset 0xA0000000 -range 0x00010000 \
##   -target_address_space [get_bd_addr_spaces axi_cdma_0/Data] \
##   [get_bd_addr_segs axi_quad_spi_0/AXI_LITE/Reg] -force
Slave segment '/axi_quad_spi_0/AXI_LITE/Reg' is being assigned into address space '/axi_cdma_0/Data' at <0xA000_0000 [ 64K ]>.
## assign_bd_address -offset 0x00000000 -range 0x00010000 \
##   -target_address_space [get_bd_addr_spaces axi_cdma_0/Data] \
##   [get_bd_addr_segs axi_vip_1/S_AXI/Reg] -force
Slave segment '/axi_vip_1/S_AXI/Reg' is being assigned into address space '/axi_cdma_0/Data' at <0x0000_0000 [ 64K ]>.
## catch { exclude_bd_addr_seg -target_address_space \
##   [get_bd_addr_spaces axi_cdma_0/Data] \
##   [get_bd_addr_segs axi_cdma_0/S_AXI_LITE/Reg] }
Excluding slave segment /axi_cdma_0/S_AXI_LITE/Reg from address space /axi_cdma_0/Data.
## validate_bd_design
INFO: [BD 5-943] Reserving offset range <0xA000_0000 [ 64K ]> from slave interface '/smartconnect_0/S00_AXI' to master interface '/smartconnect_0/M00_AXI'. This will be used by smartconnect on path for routing.
INFO: [BD 5-943] Reserving offset range <0xA001_0000 [ 64K ]> from slave interface '/smartconnect_0/S00_AXI' to master interface '/smartconnect_0/M01_AXI'. This will be used by smartconnect on path for routing.
INFO: [BD 5-943] Reserving offset range <0x0000_0000 [ 64K ]> from slave interface '/smartconnect_0/S00_AXI' to master interface '/smartconnect_0/M02_AXI'. This will be used by smartconnect on path for routing.
INFO: [BD 5-943] Reserving offset range <0xA000_0000 [ 64K ]> from slave interface '/smartconnect_0/S01_AXI' to master interface '/smartconnect_0/M00_AXI'. This will be used by smartconnect on path for routing.
INFO: [BD 5-943] Reserving offset range <0x0000_0000 [ 64K ]> from slave interface '/smartconnect_0/S01_AXI' to master interface '/smartconnect_0/M02_AXI'. This will be used by smartconnect on path for routing.
INFO: [xilinx.com:ip:smartconnect:1.0-1] sim_keyhole_smartconnect_0_0: SmartConnect sim_keyhole_smartconnect_0_0 is in High-performance Mode.
INFO: [xilinx.com:ip:axi_quad_spi:3.2-1] /axi_quad_spi_0 
                   #######################################################################################
                   INFO: AXI Quad SPI core's AXI Lite Clock and EXT SPI CLK are synchronous to each other.
                   ########################################################################################
## save_bd_design
Wrote  : </tmp/r6_keyhole_sim/r6sim.srcs/sources_1/bd/sim_keyhole/sim_keyhole.bd> 
## puts "R6_SIMBD: sim_keyhole BD validated"
R6_SIMBD: sim_keyhole BD validated
# make_wrapper -files [get_files */sim_keyhole.bd] -top
INFO: [BD 41-1662] The design 'sim_keyhole.bd' is already validated. Therefore parameter propagation will not be re-run.
Verilog Output written to : /tmp/r6_keyhole_sim/r6sim.gen/sources_1/bd/sim_keyhole/synth/sim_keyhole.v
Verilog Output written to : /tmp/r6_keyhole_sim/r6sim.gen/sources_1/bd/sim_keyhole/sim/sim_keyhole.v
Verilog Output written to : /tmp/r6_keyhole_sim/r6sim.gen/sources_1/bd/sim_keyhole/hdl/sim_keyhole_wrapper.v
# add_files -norecurse [glob /tmp/r6_keyhole_sim/r6sim.gen/sources_1/bd/sim_keyhole/hdl/sim_keyhole_wrapper.v]
# add_files -fileset sim_1 -norecurse $REPO/hardware/sim/tb_keyhole.sv
# set_property top tb_keyhole [get_filesets sim_1]
# set_property top_lib xil_defaultlib [get_filesets sim_1]
# update_compile_order -fileset sim_1
update_compile_order: Time (s): cpu = 00:00:05 ; elapsed = 00:00:05 . Memory (MB): peak = 1897.211 ; gain = 32.016 ; free physical = 40456 ; free virtual = 52632
# launch_simulation
Command: launch_simulation 
INFO: [Vivado 12-12493] Simulation top is 'tb_keyhole'
INFO: [BD 41-1662] The design 'sim_keyhole.bd' is already validated. Therefore parameter propagation will not be re-run.
Verilog Output written to : /tmp/r6_keyhole_sim/r6sim.gen/sources_1/bd/sim_keyhole/synth/sim_keyhole.v
Verilog Output written to : /tmp/r6_keyhole_sim/r6sim.gen/sources_1/bd/sim_keyhole/sim/sim_keyhole.v
Verilog Output written to : /tmp/r6_keyhole_sim/r6sim.gen/sources_1/bd/sim_keyhole/hdl/sim_keyhole_wrapper.v
INFO: [BD 41-1029] Generation completed for the IP Integrator block axi_vip_0 .
INFO: [BD 41-1029] Generation completed for the IP Integrator block axi_vip_1 .
INFO: [BD 41-1029] Generation completed for the IP Integrator block axi_cdma_0 .
INFO: [BD 41-1029] Generation completed for the IP Integrator block axi_quad_spi_0 .
Exporting to file /tmp/r6_keyhole_sim/r6sim.gen/sources_1/bd/sim_keyhole/ip/sim_keyhole_smartconnect_0_0/bd_0/hw_handoff/sim_keyhole_smartconnect_0_0.hwh
Generated Hardware Definition File /tmp/r6_keyhole_sim/r6sim.gen/sources_1/bd/sim_keyhole/ip/sim_keyhole_smartconnect_0_0/bd_0/synth/sim_keyhole_smartconnect_0_0.hwdef
INFO: [BD 41-1029] Generation completed for the IP Integrator block smartconnect_0 .
Exporting to file /tmp/r6_keyhole_sim/r6sim.gen/sources_1/bd/sim_keyhole/hw_handoff/sim_keyhole.hwh
Generated Hardware Definition File /tmp/r6_keyhole_sim/r6sim.gen/sources_1/bd/sim_keyhole/synth/sim_keyhole.hwdef
INFO: [Vivado 12-5682] Launching behavioral simulation in '/tmp/r6_keyhole_sim/r6sim.sim/sim_1/behav/xsim'
INFO: [Vivado 12-13660] Precompiled IP simulation library mode is enabled (default). The design IP libraries will be referenced from the compiled library path. Please note that if the precompiled version of the library is not found from the path or the IP is in locked state, then the library source files for these IPs will be compiled locally as part of the compile order.
INFO: [Vivado 12-4795] Using compiled simulation libraries for IPs
INFO: [SIM-utils-51] Simulation object is 'sim_1'
INFO: [SIM-utils-72] Using boost library from '/tools/Xilinx/2025.1/Vivado/tps/boost_1_72_0'
INFO: [USF-XSim-7] Finding pre-compiled libraries...
INFO: [USF-XSim-11] File '/tools/Xilinx/2025.1/data/xsim/xsim.ini' copied to run dir:'/tmp/r6_keyhole_sim/r6sim.sim/sim_1/behav/xsim'
INFO: [SIM-utils-54] Inspecting design source files for 'tb_keyhole' in fileset 'sim_1'...
INFO: [SIM-utils-43] Exported '/tmp/r6_keyhole_sim/r6sim.sim/sim_1/behav/xsim/mode_1_memory_0_mixed.mif'
INFO: [SIM-utils-43] Exported '/tmp/r6_keyhole_sim/r6sim.sim/sim_1/behav/xsim/mode_1_memory_1_wb.mif'
INFO: [SIM-utils-43] Exported '/tmp/r6_keyhole_sim/r6sim.sim/sim_1/behav/xsim/mode_1_memory_2_nm.mif'
INFO: [SIM-utils-43] Exported '/tmp/r6_keyhole_sim/r6sim.sim/sim_1/behav/xsim/mode_1_memory_4_mx.mif'
INFO: [SIM-utils-43] Exported '/tmp/r6_keyhole_sim/r6sim.sim/sim_1/behav/xsim/mode_2_memory_0_mixed.mif'
INFO: [SIM-utils-43] Exported '/tmp/r6_keyhole_sim/r6sim.sim/sim_1/behav/xsim/mode_2_memory_1_wb.mif'
INFO: [SIM-utils-43] Exported '/tmp/r6_keyhole_sim/r6sim.sim/sim_1/behav/xsim/mode_2_memory_2_nm.mif'
INFO: [SIM-utils-43] Exported '/tmp/r6_keyhole_sim/r6sim.sim/sim_1/behav/xsim/mode_2_memory_4_mx.mif'
INFO: [SIM-utils-43] Exported '/tmp/r6_keyhole_sim/r6sim.sim/sim_1/behav/xsim/mode_2_memory_3_sp.mif'
INFO: [SIM-utils-43] Exported '/tmp/r6_keyhole_sim/r6sim.sim/sim_1/behav/xsim/mode_1_memory_3_sp.mif'
INFO: [SIM-utils-43] Exported '/tmp/r6_keyhole_sim/r6sim.sim/sim_1/behav/xsim/mode_1_memory_0_mixed.mem'
INFO: [SIM-utils-43] Exported '/tmp/r6_keyhole_sim/r6sim.sim/sim_1/behav/xsim/mode_1_memory_1_wb.mem'
INFO: [SIM-utils-43] Exported '/tmp/r6_keyhole_sim/r6sim.sim/sim_1/behav/xsim/mode_1_memory_2_nm.mem'
INFO: [SIM-utils-43] Exported '/tmp/r6_keyhole_sim/r6sim.sim/sim_1/behav/xsim/mode_1_memory_4_mx.mem'
INFO: [SIM-utils-43] Exported '/tmp/r6_keyhole_sim/r6sim.sim/sim_1/behav/xsim/mode_2_memory_0_mixed.mem'
INFO: [SIM-utils-43] Exported '/tmp/r6_keyhole_sim/r6sim.sim/sim_1/behav/xsim/mode_2_memory_1_wb.mem'
INFO: [SIM-utils-43] Exported '/tmp/r6_keyhole_sim/r6sim.sim/sim_1/behav/xsim/mode_2_memory_2_nm.mem'
INFO: [SIM-utils-43] Exported '/tmp/r6_keyhole_sim/r6sim.sim/sim_1/behav/xsim/mode_2_memory_4_mx.mem'
INFO: [SIM-utils-43] Exported '/tmp/r6_keyhole_sim/r6sim.sim/sim_1/behav/xsim/mode_2_memory_3_sp.mem'
INFO: [SIM-utils-43] Exported '/tmp/r6_keyhole_sim/r6sim.sim/sim_1/behav/xsim/mode_1_memory_3_sp.mem'
INFO: [SIM-utils-43] Exported '/tmp/r6_keyhole_sim/r6sim.sim/sim_1/behav/xsim/sc_xtlm_sim_keyhole_smartconnect_0_0.mem'
INFO: [USF-XSim-97] Finding global include files...
INFO: [USF-XSim-98] Fetching design files from 'sim_1'...
INFO: [USF-XSim-2] XSim::Compile design
INFO: [USF-XSim-61] Executing 'COMPILE and ANALYZE' step in '/tmp/r6_keyhole_sim/r6sim.sim/sim_1/behav/xsim'
xvlog --incr --relax -L uvm -L axi_vip_v1_1_21 -L smartconnect_v1_0 -L xilinx_vip -prj tb_keyhole_vlog.prj
INFO: [VRFC 10-2263] Analyzing SystemVerilog file "/tmp/r6_keyhole_sim/r6sim.ip_user_files/bd/sim_keyhole/ip/sim_keyhole_axi_vip_0_0/sim/sim_keyhole_axi_vip_0_0_pkg.sv" into library xil_defaultlib
INFO: [VRFC 10-2263] Analyzing SystemVerilog file "/tmp/r6_keyhole_sim/r6sim.ip_user_files/bd/sim_keyhole/ip/sim_keyhole_axi_vip_0_0/sim/sim_keyhole_axi_vip_0_0.sv" into library xil_defaultlib
INFO: [VRFC 10-311] analyzing module sim_keyhole_axi_vip_0_0
INFO: [VRFC 10-2263] Analyzing SystemVerilog file "/tmp/r6_keyhole_sim/r6sim.ip_user_files/bd/sim_keyhole/ip/sim_keyhole_axi_vip_1_0/sim/sim_keyhole_axi_vip_1_0_pkg.sv" into library xil_defaultlib
INFO: [VRFC 10-2263] Analyzing SystemVerilog file "/tmp/r6_keyhole_sim/r6sim.ip_user_files/bd/sim_keyhole/ip/sim_keyhole_axi_vip_1_0/sim/sim_keyhole_axi_vip_1_0.sv" into library xil_defaultlib
INFO: [VRFC 10-311] analyzing module sim_keyhole_axi_vip_1_0
INFO: [VRFC 10-2263] Analyzing Verilog file "/tmp/r6_keyhole_sim/r6sim.ip_user_files/bd/sim_keyhole/ip/sim_keyhole_smartconnect_0_0/bd_0/ip/ip_0/sim/bd_6da4_one_0.v" into library xil_defaultlib
INFO: [VRFC 10-311] analyzing module bd_6da4_one_0
INFO: [VRFC 10-2263] Analyzing SystemVerilog file "/tmp/r6_keyhole_sim/r6sim.ip_user_files/bd/sim_keyhole/ip/sim_keyhole_smartconnect_0_0/bd_0/ip/ip_2/sim/bd_6da4_arsw_0.sv" into library xil_defaultlib
INFO: [VRFC 10-311] analyzing module bd_6da4_arsw_0
WARNING: [VRFC 10-8772] attribute 'X_INTERFACE_MODE' is already specified; last one will take precedence [/tmp/r6_keyhole_sim/r6sim.ip_user_files/bd/sim_keyhole/ip/sim_keyhole_smartconnect_0_0/bd_0/ip/ip_2/sim/bd_6da4_arsw_0.sv:82]
WARNING: [VRFC 10-8772] attribute 'X_INTERFACE_PARAMETER' is already specified; last one will take precedence [/tmp/r6_keyhole_sim/r6sim.ip_user_files/bd/sim_keyhole/ip/sim_keyhole_smartconnect_0_0/bd_0/ip/ip_2/sim/bd_6da4_arsw_0.sv:83]
WARNING: [VRFC 10-8772] attribute 'X_INTERFACE_MODE' is already specified; last one will take precedence [/tmp/r6_keyhole_sim/r6sim.ip_user_files/bd/sim_keyhole/ip/sim_keyhole_smartconnect_0_0/bd_0/ip/ip_2/sim/bd_6da4_arsw_0.sv:95]
WARNING: [VRFC 10-8772] attribute 'X_INTERFACE_MODE' is already specified; last one will take precedence [/tmp/r6_keyhole_sim/r6sim.ip_user_files/bd/sim_keyhole/ip/sim_keyhole_smartconnect_0_0/bd_0/ip/ip_2/sim/bd_6da4_arsw_0.sv:96]
INFO: [VRFC 10-2263] Analyzing SystemVerilog file "/tmp/r6_keyhole_sim/r6sim.ip_user_files/bd/sim_keyhole/ip/sim_keyhole_smartconnect_0_0/bd_0/ip/ip_3/sim/bd_6da4_rsw_0.sv" into library xil_defaultlib
INFO: [VRFC 10-311] analyzing module bd_6da4_rsw_0
WARNING: [VRFC 10-8772] attribute 'X_INTERFACE_MODE' is already specified; last one will take precedence [/tmp/r6_keyhole_sim/r6sim.ip_user_files/bd/sim_keyhole/ip/sim_keyhole_smartconnect_0_0/bd_0/ip/ip_3/sim/bd_6da4_rsw_0.sv:82]
WARNING: [VRFC 10-8772] attribute 'X_INTERFACE_PARAMETER' is already specified; last one will take precedence [/tmp/r6_keyhole_sim/r6sim.ip_user_files/bd/sim_keyhole/ip/sim_keyhole_smartconnect_0_0/bd_0/ip/ip_3/sim/bd_6da4_rsw_0.sv:83]
WARNING: [VRFC 10-8772] attribute 'X_INTERFACE_MODE' is already specified; last one will take precedence [/tmp/r6_keyhole_sim/r6sim.ip_user_files/bd/sim_keyhole/ip/sim_keyhole_smartconnect_0_0/bd_0/ip/ip_3/sim/bd_6da4_rsw_0.sv:84]
WARNING: [VRFC 10-8772] attribute 'X_INTERFACE_PARAMETER' is already specified; last one will take precedence [/tmp/r6_keyhole_sim/r6sim.ip_user_files/bd/sim_keyhole/ip/sim_keyhole_smartconnect_0_0/bd_0/ip/ip_3/sim/bd_6da4_rsw_0.sv:85]
WARNING: [VRFC 10-8772] attribute 'X_INTERFACE_MODE' is already specified; last one will take precedence [/tmp/r6_keyhole_sim/r6sim.ip_user_files/bd/sim_keyhole/ip/sim_keyhole_smartconnect_0_0/bd_0/ip/ip_3/sim/bd_6da4_rsw_0.sv:97]
INFO: [VRFC 10-2263] Analyzing SystemVerilog file "/tmp/r6_keyhole_sim/r6sim.ip_user_files/bd/sim_keyhole/ip/sim_keyhole_smartconnect_0_0/bd_0/ip/ip_4/sim/bd_6da4_awsw_0.sv" into library xil_defaultlib
INFO: [VRFC 10-311] analyzing module bd_6da4_awsw_0
WARNING: [VRFC 10-8772] attribute 'X_INTERFACE_MODE' is already specified; last one will take precedence [/tmp/r6_keyhole_sim/r6sim.ip_user_files/bd/sim_keyhole/ip/sim_keyhole_smartconnect_0_0/bd_0/ip/ip_4/sim/bd_6da4_awsw_0.sv:82]
WARNING: [VRFC 10-8772] attribute 'X_INTERFACE_PARAMETER' is already specified; last one will take precedence [/tmp/r6_keyhole_sim/r6sim.ip_user_files/bd/sim_keyhole/ip/sim_keyhole_smartconnect_0_0/bd_0/ip/ip_4/sim/bd_6da4_awsw_0.sv:83]
WARNING: [VRFC 10-8772] attribute 'X_INTERFACE_MODE' is already specified; last one will take precedence [/tmp/r6_keyhole_sim/r6sim.ip_user_files/bd/sim_keyhole/ip/sim_keyhole_smartconnect_0_0/bd_0/ip/ip_4/sim/bd_6da4_awsw_0.sv:95]
WARNING: [VRFC 10-8772] attribute 'X_INTERFACE_MODE' is already specified; last one will take precedence [/tmp/r6_keyhole_sim/r6sim.ip_user_files/bd/sim_keyhole/ip/sim_keyhole_smartconnect_0_0/bd_0/ip/ip_4/sim/bd_6da4_awsw_0.sv:96]
INFO: [VRFC 10-2263] Analyzing SystemVerilog file "/tmp/r6_keyhole_sim/r6sim.ip_user_files/bd/sim_keyhole/ip/sim_keyhole_smartconnect_0_0/bd_0/ip/ip_5/sim/bd_6da4_wsw_0.sv" into library xil_defaultlib
INFO: [VRFC 10-311] analyzing module bd_6da4_wsw_0
WARNING: [VRFC 10-8772] attribute 'X_INTERFACE_MODE' is already specified; last one will take precedence [/tmp/r6_keyhole_sim/r6sim.ip_user_files/bd/sim_keyhole/ip/sim_keyhole_smartconnect_0_0/bd_0/ip/ip_5/sim/bd_6da4_wsw_0.sv:82]
WARNING: [VRFC 10-8772] attribute 'X_INTERFACE_PARAMETER' is already specified; last one will take precedence [/tmp/r6_keyhole_sim/r6sim.ip_user_files/bd/sim_keyhole/ip/sim_keyhole_smartconnect_0_0/bd_0/ip/ip_5/sim/bd_6da4_wsw_0.sv:83]
WARNING: [VRFC 10-8772] attribute 'X_INTERFACE_MODE' is already specified; last one will take precedence [/tmp/r6_keyhole_sim/r6sim.ip_user_files/bd/sim_keyhole/ip/sim_keyhole_smartconnect_0_0/bd_0/ip/ip_5/sim/bd_6da4_wsw_0.sv:95]
WARNING: [VRFC 10-8772] attribute 'X_INTERFACE_MODE' is already specified; last one will take precedence [/tmp/r6_keyhole_sim/r6sim.ip_user_files/bd/sim_keyhole/ip/sim_keyhole_smartconnect_0_0/bd_0/ip/ip_5/sim/bd_6da4_wsw_0.sv:96]
INFO: [VRFC 10-2263] Analyzing SystemVerilog file "/tmp/r6_keyhole_sim/r6sim.ip_user_files/bd/sim_keyhole/ip/sim_keyhole_smartconnect_0_0/bd_0/ip/ip_6/sim/bd_6da4_bsw_0.sv" into library xil_defaultlib
INFO: [VRFC 10-311] analyzing module bd_6da4_bsw_0
WARNING: [VRFC 10-8772] attribute 'X_INTERFACE_MODE' is already specified; last one will take precedence [/tmp/r6_keyhole_sim/r6sim.ip_user_files/bd/sim_keyhole/ip/sim_keyhole_smartconnect_0_0/bd_0/ip/ip_6/sim/bd_6da4_bsw_0.sv:82]
WARNING: [VRFC 10-8772] attribute 'X_INTERFACE_PARAMETER' is already specified; last one will take precedence [/tmp/r6_keyhole_sim/r6sim.ip_user_files/bd/sim_keyhole/ip/sim_keyhole_smartconnect_0_0/bd_0/ip/ip_6/sim/bd_6da4_bsw_0.sv:83]
WARNING: [VRFC 10-8772] attribute 'X_INTERFACE_MODE' is already specified; last one will take precedence [/tmp/r6_keyhole_sim/r6sim.ip_user_files/bd/sim_keyhole/ip/sim_keyhole_smartconnect_0_0/bd_0/ip/ip_6/sim/bd_6da4_bsw_0.sv:84]
WARNING: [VRFC 10-8772] attribute 'X_INTERFACE_PARAMETER' is already specified; last one will take precedence [/tmp/r6_keyhole_sim/r6sim.ip_user_files/bd/sim_keyhole/ip/sim_keyhole_smartconnect_0_0/bd_0/ip/ip_6/sim/bd_6da4_bsw_0.sv:85]
WARNING: [VRFC 10-8772] attribute 'X_INTERFACE_MODE' is already specified; last one will take precedence [/tmp/r6_keyhole_sim/r6sim.ip_user_files/bd/sim_keyhole/ip/sim_keyhole_smartconnect_0_0/bd_0/ip/ip_6/sim/bd_6da4_bsw_0.sv:97]
INFO: [VRFC 10-2263] Analyzing SystemVerilog file "/tmp/r6_keyhole_sim/r6sim.ip_user_files/bd/sim_keyhole/ip/sim_keyhole_smartconnect_0_0/bd_0/ip/ip_7/sim/bd_6da4_s00mmu_0.sv" into library xil_defaultlib
INFO: [VRFC 10-311] analyzing module bd_6da4_s00mmu_0
INFO: [VRFC 10-2263] Analyzing SystemVerilog file "/tmp/r6_keyhole_sim/r6sim.ip_user_files/bd/sim_keyhole/ip/sim_keyhole_smartconnect_0_0/bd_0/ip/ip_8/sim/bd_6da4_s00tr_0.sv" into library xil_defaultlib
INFO: [VRFC 10-311] analyzing module bd_6da4_s00tr_0
INFO: [VRFC 10-2263] Analyzing SystemVerilog file "/tmp/r6_keyhole_sim/r6sim.ip_user_files/bd/sim_keyhole/ip/sim_keyhole_smartconnect_0_0/bd_0/ip/ip_9/sim/bd_6da4_s00sic_0.sv" into library xil_defaultlib
INFO: [VRFC 10-311] analyzing module bd_6da4_s00sic_0
INFO: [VRFC 10-2263] Analyzing SystemVerilog file "/tmp/r6_keyhole_sim/r6sim.ip_user_files/bd/sim_keyhole/ip/sim_keyhole_smartconnect_0_0/bd_0/ip/ip_10/sim/bd_6da4_s00a2s_0.sv" into library xil_defaultlib
INFO: [VRFC 10-311] analyzing module bd_6da4_s00a2s_0
INFO: [VRFC 10-2263] Analyzing SystemVerilog file "/tmp/r6_keyhole_sim/r6sim.ip_user_files/bd/sim_keyhole/ip/sim_keyhole_smartconnect_0_0/bd_0/ip/ip_11/sim/bd_6da4_sarn_0.sv" into library xil_defaultlib
INFO: [VRFC 10-311] analyzing module bd_6da4_sarn_0
INFO: [VRFC 10-2263] Analyzing SystemVerilog file "/tmp/r6_keyhole_sim/r6sim.ip_user_files/bd/sim_keyhole/ip/sim_keyhole_smartconnect_0_0/bd_0/ip/ip_12/sim/bd_6da4_srn_0.sv" into library xil_defaultlib
INFO: [VRFC 10-311] analyzing module bd_6da4_srn_0
INFO: [VRFC 10-2263] Analyzing SystemVerilog file "/tmp/r6_keyhole_sim/r6sim.ip_user_files/bd/sim_keyhole/ip/sim_keyhole_smartconnect_0_0/bd_0/ip/ip_13/sim/bd_6da4_sawn_0.sv" into library xil_defaultlib
INFO: [VRFC 10-311] analyzing module bd_6da4_sawn_0
INFO: [VRFC 10-2263] Analyzing SystemVerilog file "/tmp/r6_keyhole_sim/r6sim.ip_user_files/bd/sim_keyhole/ip/sim_keyhole_smartconnect_0_0/bd_0/ip/ip_14/sim/bd_6da4_swn_0.sv" into library xil_defaultlib
INFO: [VRFC 10-311] analyzing module bd_6da4_swn_0
INFO: [VRFC 10-2263] Analyzing SystemVerilog file "/tmp/r6_keyhole_sim/r6sim.ip_user_files/bd/sim_keyhole/ip/sim_keyhole_smartconnect_0_0/bd_0/ip/ip_15/sim/bd_6da4_sbn_0.sv" into library xil_defaultlib
INFO: [VRFC 10-311] analyzing module bd_6da4_sbn_0
INFO: [VRFC 10-2263] Analyzing SystemVerilog file "/tmp/r6_keyhole_sim/r6sim.ip_user_files/bd/sim_keyhole/ip/sim_keyhole_smartconnect_0_0/bd_0/ip/ip_16/sim/bd_6da4_s01mmu_0.sv" into library xil_defaultlib
INFO: [VRFC 10-311] analyzing module bd_6da4_s01mmu_0
INFO: [VRFC 10-2263] Analyzing SystemVerilog file "/tmp/r6_keyhole_sim/r6sim.ip_user_files/bd/sim_keyhole/ip/sim_keyhole_smartconnect_0_0/bd_0/ip/ip_17/sim/bd_6da4_s01tr_0.sv" into library xil_defaultlib
INFO: [VRFC 10-311] analyzing module bd_6da4_s01tr_0
INFO: [VRFC 10-2263] Analyzing SystemVerilog file "/tmp/r6_keyhole_sim/r6sim.ip_user_files/bd/sim_keyhole/ip/sim_keyhole_smartconnect_0_0/bd_0/ip/ip_18/sim/bd_6da4_s01sic_0.sv" into library xil_defaultlib
INFO: [VRFC 10-311] analyzing module bd_6da4_s01sic_0
INFO: [VRFC 10-2263] Analyzing SystemVerilog file "/tmp/r6_keyhole_sim/r6sim.ip_user_files/bd/sim_keyhole/ip/sim_keyhole_smartconnect_0_0/bd_0/ip/ip_19/sim/bd_6da4_s01a2s_0.sv" into library xil_defaultlib
INFO: [VRFC 10-311] analyzing module bd_6da4_s01a2s_0
INFO: [VRFC 10-2263] Analyzing SystemVerilog file "/tmp/r6_keyhole_sim/r6sim.ip_user_files/bd/sim_keyhole/ip/sim_keyhole_smartconnect_0_0/bd_0/ip/ip_20/sim/bd_6da4_sarn_1.sv" into library xil_defaultlib
INFO: [VRFC 10-311] analyzing module bd_6da4_sarn_1
INFO: [VRFC 10-2263] Analyzing SystemVerilog file "/tmp/r6_keyhole_sim/r6sim.ip_user_files/bd/sim_keyhole/ip/sim_keyhole_smartconnect_0_0/bd_0/ip/ip_21/sim/bd_6da4_srn_1.sv" into library xil_defaultlib
INFO: [VRFC 10-311] analyzing module bd_6da4_srn_1
INFO: [VRFC 10-2263] Analyzing SystemVerilog file "/tmp/r6_keyhole_sim/r6sim.ip_user_files/bd/sim_keyhole/ip/sim_keyhole_smartconnect_0_0/bd_0/ip/ip_22/sim/bd_6da4_sawn_1.sv" into library xil_defaultlib
INFO: [VRFC 10-311] analyzing module bd_6da4_sawn_1
INFO: [VRFC 10-2263] Analyzing SystemVerilog file "/tmp/r6_keyhole_sim/r6sim.ip_user_files/bd/sim_keyhole/ip/sim_keyhole_smartconnect_0_0/bd_0/ip/ip_23/sim/bd_6da4_swn_1.sv" into library xil_defaultlib
INFO: [VRFC 10-311] analyzing module bd_6da4_swn_1
INFO: [VRFC 10-2263] Analyzing SystemVerilog file "/tmp/r6_keyhole_sim/r6sim.ip_user_files/bd/sim_keyhole/ip/sim_keyhole_smartconnect_0_0/bd_0/ip/ip_24/sim/bd_6da4_sbn_1.sv" into library xil_defaultlib
INFO: [VRFC 10-311] analyzing module bd_6da4_sbn_1
INFO: [VRFC 10-2263] Analyzing SystemVerilog file "/tmp/r6_keyhole_sim/r6sim.ip_user_files/bd/sim_keyhole/ip/sim_keyhole_smartconnect_0_0/bd_0/ip/ip_25/sim/bd_6da4_m00s2a_0.sv" into library xil_defaultlib
INFO: [VRFC 10-311] analyzing module bd_6da4_m00s2a_0
INFO: [VRFC 10-2263] Analyzing SystemVerilog file "/tmp/r6_keyhole_sim/r6sim.ip_user_files/bd/sim_keyhole/ip/sim_keyhole_smartconnect_0_0/bd_0/ip/ip_26/sim/bd_6da4_m00arn_0.sv" into library xil_defaultlib
INFO: [VRFC 10-311] analyzing module bd_6da4_m00arn_0
INFO: [VRFC 10-2263] Analyzing SystemVerilog file "/tmp/r6_keyhole_sim/r6sim.ip_user_files/bd/sim_keyhole/ip/sim_keyhole_smartconnect_0_0/bd_0/ip/ip_27/sim/bd_6da4_m00rn_0.sv" into library xil_defaultlib
INFO: [VRFC 10-311] analyzing module bd_6da4_m00rn_0
INFO: [VRFC 10-2263] Analyzing SystemVerilog file "/tmp/r6_keyhole_sim/r6sim.ip_user_files/bd/sim_keyhole/ip/sim_keyhole_smartconnect_0_0/bd_0/ip/ip_28/sim/bd_6da4_m00awn_0.sv" into library xil_defaultlib
INFO: [VRFC 10-311] analyzing module bd_6da4_m00awn_0
INFO: [VRFC 10-2263] Analyzing SystemVerilog file "/tmp/r6_keyhole_sim/r6sim.ip_user_files/bd/sim_keyhole/ip/sim_keyhole_smartconnect_0_0/bd_0/ip/ip_29/sim/bd_6da4_m00wn_0.sv" into library xil_defaultlib
INFO: [VRFC 10-311] analyzing module bd_6da4_m00wn_0
INFO: [VRFC 10-2263] Analyzing SystemVerilog file "/tmp/r6_keyhole_sim/r6sim.ip_user_files/bd/sim_keyhole/ip/sim_keyhole_smartconnect_0_0/bd_0/ip/ip_30/sim/bd_6da4_m00bn_0.sv" into library xil_defaultlib
INFO: [VRFC 10-311] analyzing module bd_6da4_m00bn_0
INFO: [VRFC 10-2263] Analyzing SystemVerilog file "/tmp/r6_keyhole_sim/r6sim.ip_user_files/bd/sim_keyhole/ip/sim_keyhole_smartconnect_0_0/bd_0/ip/ip_31/sim/bd_6da4_m00e_0.sv" into library xil_defaultlib
INFO: [VRFC 10-311] analyzing module bd_6da4_m00e_0
INFO: [VRFC 10-2263] Analyzing SystemVerilog file "/tmp/r6_keyhole_sim/r6sim.ip_user_files/bd/sim_keyhole/ip/sim_keyhole_smartconnect_0_0/bd_0/ip/ip_32/sim/bd_6da4_m01s2a_0.sv" into library xil_defaultlib
INFO: [VRFC 10-311] analyzing module bd_6da4_m01s2a_0
INFO: [VRFC 10-2263] Analyzing SystemVerilog file "/tmp/r6_keyhole_sim/r6sim.ip_user_files/bd/sim_keyhole/ip/sim_keyhole_smartconnect_0_0/bd_0/ip/ip_33/sim/bd_6da4_m01arn_0.sv" into library xil_defaultlib
INFO: [VRFC 10-311] analyzing module bd_6da4_m01arn_0
INFO: [VRFC 10-2263] Analyzing SystemVerilog file "/tmp/r6_keyhole_sim/r6sim.ip_user_files/bd/sim_keyhole/ip/sim_keyhole_smartconnect_0_0/bd_0/ip/ip_34/sim/bd_6da4_m01rn_0.sv" into library xil_defaultlib
INFO: [VRFC 10-311] analyzing module bd_6da4_m01rn_0
INFO: [VRFC 10-2263] Analyzing SystemVerilog file "/tmp/r6_keyhole_sim/r6sim.ip_user_files/bd/sim_keyhole/ip/sim_keyhole_smartconnect_0_0/bd_0/ip/ip_35/sim/bd_6da4_m01awn_0.sv" into library xil_defaultlib
INFO: [VRFC 10-311] analyzing module bd_6da4_m01awn_0
INFO: [VRFC 10-2263] Analyzing SystemVerilog file "/tmp/r6_keyhole_sim/r6sim.ip_user_files/bd/sim_keyhole/ip/sim_keyhole_smartconnect_0_0/bd_0/ip/ip_36/sim/bd_6da4_m01wn_0.sv" into library xil_defaultlib
INFO: [VRFC 10-311] analyzing module bd_6da4_m01wn_0
INFO: [VRFC 10-2263] Analyzing SystemVerilog file "/tmp/r6_keyhole_sim/r6sim.ip_user_files/bd/sim_keyhole/ip/sim_keyhole_smartconnect_0_0/bd_0/ip/ip_37/sim/bd_6da4_m01bn_0.sv" into library xil_defaultlib
INFO: [VRFC 10-311] analyzing module bd_6da4_m01bn_0
INFO: [VRFC 10-2263] Analyzing SystemVerilog file "/tmp/r6_keyhole_sim/r6sim.ip_user_files/bd/sim_keyhole/ip/sim_keyhole_smartconnect_0_0/bd_0/ip/ip_38/sim/bd_6da4_m01e_0.sv" into library xil_defaultlib
INFO: [VRFC 10-311] analyzing module bd_6da4_m01e_0
INFO: [VRFC 10-2263] Analyzing SystemVerilog file "/tmp/r6_keyhole_sim/r6sim.ip_user_files/bd/sim_keyhole/ip/sim_keyhole_smartconnect_0_0/bd_0/ip/ip_39/sim/bd_6da4_m02s2a_0.sv" into library xil_defaultlib
INFO: [VRFC 10-311] analyzing module bd_6da4_m02s2a_0
INFO: [VRFC 10-2263] Analyzing SystemVerilog file "/tmp/r6_keyhole_sim/r6sim.ip_user_files/bd/sim_keyhole/ip/sim_keyhole_smartconnect_0_0/bd_0/ip/ip_40/sim/bd_6da4_m02arn_0.sv" into library xil_defaultlib
INFO: [VRFC 10-311] analyzing module bd_6da4_m02arn_0
INFO: [VRFC 10-2263] Analyzing SystemVerilog file "/tmp/r6_keyhole_sim/r6sim.ip_user_files/bd/sim_keyhole/ip/sim_keyhole_smartconnect_0_0/bd_0/ip/ip_41/sim/bd_6da4_m02rn_0.sv" into library xil_defaultlib
INFO: [VRFC 10-311] analyzing module bd_6da4_m02rn_0
INFO: [VRFC 10-2263] Analyzing SystemVerilog file "/tmp/r6_keyhole_sim/r6sim.ip_user_files/bd/sim_keyhole/ip/sim_keyhole_smartconnect_0_0/bd_0/ip/ip_42/sim/bd_6da4_m02awn_0.sv" into library xil_defaultlib
INFO: [VRFC 10-311] analyzing module bd_6da4_m02awn_0
INFO: [VRFC 10-2263] Analyzing SystemVerilog file "/tmp/r6_keyhole_sim/r6sim.ip_user_files/bd/sim_keyhole/ip/sim_keyhole_smartconnect_0_0/bd_0/ip/ip_43/sim/bd_6da4_m02wn_0.sv" into library xil_defaultlib
INFO: [VRFC 10-311] analyzing module bd_6da4_m02wn_0
INFO: [VRFC 10-2263] Analyzing SystemVerilog file "/tmp/r6_keyhole_sim/r6sim.ip_user_files/bd/sim_keyhole/ip/sim_keyhole_smartconnect_0_0/bd_0/ip/ip_44/sim/bd_6da4_m02bn_0.sv" into library xil_defaultlib
INFO: [VRFC 10-311] analyzing module bd_6da4_m02bn_0
INFO: [VRFC 10-2263] Analyzing SystemVerilog file "/tmp/r6_keyhole_sim/r6sim.ip_user_files/bd/sim_keyhole/ip/sim_keyhole_smartconnect_0_0/bd_0/ip/ip_45/sim/bd_6da4_m02e_0.sv" into library xil_defaultlib
INFO: [VRFC 10-311] analyzing module bd_6da4_m02e_0
INFO: [VRFC 10-2263] Analyzing Verilog file "/tmp/r6_keyhole_sim/r6sim.ip_user_files/bd/sim_keyhole/ip/sim_keyhole_smartconnect_0_0/bd_0/sim/bd_6da4.v" into library xil_defaultlib
INFO: [VRFC 10-311] analyzing module bd_6da4
INFO: [VRFC 10-311] analyzing module clk_map_imp_1TMB9NS
INFO: [VRFC 10-311] analyzing module m00_exit_pipeline_imp_5RWIGJ
INFO: [VRFC 10-311] analyzing module m00_nodes_imp_J46BTR
INFO: [VRFC 10-311] analyzing module m01_exit_pipeline_imp_13NELV
INFO: [VRFC 10-311] analyzing module m01_nodes_imp_1OGPQ21
INFO: [VRFC 10-311] analyzing module m02_exit_pipeline_imp_G8D437
INFO: [VRFC 10-311] analyzing module m02_nodes_imp_19XLLO2
INFO: [VRFC 10-311] analyzing module s00_entry_pipeline_imp_1661FU8
INFO: [VRFC 10-311] analyzing module s00_nodes_imp_1052HD6
INFO: [VRFC 10-311] analyzing module s01_entry_pipeline_imp_3H9HNO
INFO: [VRFC 10-311] analyzing module s01_nodes_imp_8OQIHO
INFO: [VRFC 10-311] analyzing module switchboards_imp_1SUJ33Y
INFO: [VRFC 10-2263] Analyzing SystemVerilog file "/tmp/r6_keyhole_sim/r6sim.ip_user_files/bd/sim_keyhole/ip/sim_keyhole_smartconnect_0_0/sim/sim_keyhole_smartconnect_0_0.sv" into library xil_defaultlib
INFO: [VRFC 10-311] analyzing module sim_keyhole_smartconnect_0_0
INFO: [VRFC 10-2263] Analyzing Verilog file "/tmp/r6_keyhole_sim/r6sim.ip_user_files/bd/sim_keyhole/sim/sim_keyhole.v" into library xil_defaultlib
INFO: [VRFC 10-311] analyzing module sim_keyhole
INFO: [VRFC 10-2263] Analyzing Verilog file "/tmp/r6_keyhole_sim/r6sim.gen/sources_1/bd/sim_keyhole/hdl/sim_keyhole_wrapper.v" into library xil_defaultlib
INFO: [VRFC 10-311] analyzing module sim_keyhole_wrapper
INFO: [VRFC 10-2263] Analyzing SystemVerilog file "/home/jconway/spi-soc-research/hardware/sim/tb_keyhole.sv" into library xil_defaultlib
INFO: [VRFC 10-311] analyzing module tb_keyhole
INFO: [VRFC 10-2263] Analyzing Verilog file "/tmp/r6_keyhole_sim/r6sim.sim/sim_1/behav/xsim/glbl.v" into library xil_defaultlib
INFO: [VRFC 10-311] analyzing module glbl
xvhdl --incr --relax -prj tb_keyhole_vhdl.prj
INFO: [VRFC 10-163] Analyzing VHDL file "/tmp/r6_keyhole_sim/r6sim.ip_user_files/bd/sim_keyhole/ip/sim_keyhole_axi_cdma_0_0/sim/sim_keyhole_axi_cdma_0_0.vhd" into library xil_defaultlib
INFO: [VRFC 10-3107] analyzing entity 'sim_keyhole_axi_cdma_0_0'
INFO: [VRFC 10-163] Analyzing VHDL file "/tmp/r6_keyhole_sim/r6sim.ip_user_files/bd/sim_keyhole/ip/sim_keyhole_axi_quad_spi_0_0/sim/sim_keyhole_axi_quad_spi_0_0.vhd" into library xil_defaultlib
INFO: [VRFC 10-3107] analyzing entity 'sim_keyhole_axi_quad_spi_0_0'
INFO: [VRFC 10-163] Analyzing VHDL file "/tmp/r6_keyhole_sim/r6sim.ip_user_files/bd/sim_keyhole/ip/sim_keyhole_smartconnect_0_0/bd_0/ip/ip_1/sim/bd_6da4_psr_aclk_0.vhd" into library xil_defaultlib
INFO: [VRFC 10-3107] analyzing entity 'bd_6da4_psr_aclk_0'
Waiting for jobs to finish...
No pending jobs, compilation finished.
INFO: [USF-XSim-69] 'compile' step finished in '5' seconds
INFO: [USF-XSim-3] XSim::Elaborate design
INFO: [USF-XSim-61] Executing 'ELABORATE' step in '/tmp/r6_keyhole_sim/r6sim.sim/sim_1/behav/xsim'
xelab --incr --debug typical --relax --mt 8 -L xil_defaultlib -L axi_infrastructure_v1_1_0 -L axi_vip_v1_1_21 -L axi_datamover_v5_1_37 -L axi_sg_v4_1_21 -L axi_cdma_v4_1_35 -L dist_mem_gen_v8_0_17 -L axi_lite_ipif_v3_0_4 -L interrupt_control_v3_1_5 -L axi_quad_spi_v3_2_34 -L xlconstant_v1_1_10 -L proc_sys_reset_v5_0_17 -L smartconnect_v1_0 -L axi_register_slice_v2_1_35 -L uvm -L xilinx_vip -L unisims_ver -L unimacro_ver -L secureip -L xpm --snapshot tb_keyhole_behav xil_defaultlib.tb_keyhole xil_defaultlib.glbl -log elaborate.log
Vivado Simulator v2025.1.0
Copyright 1986-2022 Xilinx, Inc. All Rights Reserved.
Copyright 2022-2025 Advanced Micro Devices, Inc. All Rights Reserved.
Running: /tools/Xilinx/2025.1/Vivado/bin/unwrapped/lnx64.o/xelab --incr --debug typical --relax --mt 8 -L xil_defaultlib -L axi_infrastructure_v1_1_0 -L axi_vip_v1_1_21 -L axi_datamover_v5_1_37 -L axi_sg_v4_1_21 -L axi_cdma_v4_1_35 -L dist_mem_gen_v8_0_17 -L axi_lite_ipif_v3_0_4 -L interrupt_control_v3_1_5 -L axi_quad_spi_v3_2_34 -L xlconstant_v1_1_10 -L proc_sys_reset_v5_0_17 -L smartconnect_v1_0 -L axi_register_slice_v2_1_35 -L uvm -L xilinx_vip -L unisims_ver -L unimacro_ver -L secureip -L xpm --snapshot tb_keyhole_behav xil_defaultlib.tb_keyhole xil_defaultlib.glbl -log elaborate.log 
Using 8 slave threads.
WARNING: [XSIM 43-3431] One or more environment variables have been detected which affect the operation of the C compiler. These are typically not set in standard installations and are not tested by AMD, however they may be appropriate for your system, so the flow will attempt to continue.  If errors occur, try running xelab with the "-mt off -v 1" switches to see more information from the C compiler. The following environment variables have been detected:
    LIBRARY_PATH
Starting static elaboration
Pass Through NonSizing Optimizer
WARNING: [VRFC 10-5021] port 'cdma_introut' is not connected on this instance [/tmp/r6_keyhole_sim/r6sim.ip_user_files/bd/sim_keyhole/sim/sim_keyhole.v:135]
WARNING: [VRFC 10-5021] port 'io0_o' is not connected on this instance [/tmp/r6_keyhole_sim/r6sim.ip_user_files/bd/sim_keyhole/sim/sim_keyhole.v:184]
WARNING: [VRFC 10-5021] port 'mb_reset' is not connected on this instance [/tmp/r6_keyhole_sim/r6sim.ip_user_files/bd/sim_keyhole/ip/sim_keyhole_smartconnect_0_0/bd_0/sim/bd_6da4.v:1966]
Completed static elaboration
Starting simulation data flow analysis
Completed simulation data flow analysis
Time Resolution for simulation is 1ps
Compiling package std.standard
Compiling package std.textio
Compiling package ieee.std_logic_1164
Compiling package ieee.numeric_std
Compiling package synopsys.attributes
Compiling package ieee.std_logic_misc
Compiling package axi_cdma_v4_1_35.axi_cdma_pkg
Compiling package xpm.vcomponents
Compiling package unisim.vcomponents
Compiling package ieee.std_logic_arith
Compiling package ieee.std_logic_unsigned
Compiling package axi_datamover_v5_1_37.axi_datamover_pkg
Compiling package ieee.std_logic_signed
Compiling package axi_lite_ipif_v3_0_4.ipif_pkg
Compiling package ieee.vital_timing
Compiling package ieee.vital_primitives
Compiling package unisim.vpkg
Compiling package xil_defaultlib.sim_keyhole_axi_vip_0_0_pkg
Compiling package xilinx_vip.axi_vip_pkg
Compiling package xilinx_vip.xil_common_vip_pkg
Compiling package std.std
Compiling package xil_defaultlib.sim_keyhole_axi_vip_1_0_pkg
Compiling package smartconnect_v1_0.sc_util_v1_0_4_pkg
Compiling architecture implementation of entity axi_datamover_v5_1_37.axi_datamover_reset [axi_datamover_reset_default]
Compiling architecture imp of entity axi_datamover_v5_1_37.axi_datamover_fifo [\axi_datamover_fifo(c_dwidth=8,c...]
Compiling architecture imp of entity axi_datamover_v5_1_37.axi_datamover_fifo [\axi_datamover_fifo(c_dwidth=71,...]
Compiling architecture implementation of entity axi_datamover_v5_1_37.axi_datamover_cmd_status [\axi_datamover_cmd_status(c_stsc...]
Compiling architecture implementation of entity axi_datamover_v5_1_37.axi_datamover_rd_status_cntl [axi_datamover_rd_status_cntl_def...]
Compiling architecture implementation of entity axi_datamover_v5_1_37.axi_datamover_strb_gen2 [\axi_datamover_strb_gen2(c_strb_...]
Compiling architecture implementation of entity axi_datamover_v5_1_37.axi_datamover_strb_gen2 [\axi_datamover_strb_gen2(c_op_mo...]
Compiling architecture implementation of entity axi_datamover_v5_1_37.axi_datamover_pcc [\axi_datamover_pcc(c_is_mm2s=1,c...]
Compiling architecture imp of entity axi_datamover_v5_1_37.srl_fifo [\srl_fifo(c_dwidth=59,c_depth=4)...]
Compiling architecture imp of entity axi_datamover_v5_1_37.axi_datamover_fifo [\axi_datamover_fifo(c_dwidth=59,...]
Compiling architecture implementation of entity axi_datamover_v5_1_37.axi_datamover_addr_cntl [\axi_datamover_addr_cntl(c_famil...]
Compiling architecture imp of entity axi_datamover_v5_1_37.srl_fifo [\srl_fifo(c_dwidth=29,c_depth=4)...]
Compiling architecture imp of entity axi_datamover_v5_1_37.axi_datamover_fifo [\axi_datamover_fifo(c_dwidth=29,...]
Compiling architecture implementation of entity axi_datamover_v5_1_37.axi_datamover_rdmux [\axi_datamover_rdmux(c_sel_addr_...]
Compiling architecture implementation of entity axi_datamover_v5_1_37.axi_datamover_rddata_cntl [\axi_datamover_rddata_cntl(c_ali...]
Compiling architecture implementation of entity axi_datamover_v5_1_37.axi_datamover_mm2s_full_wrap [\axi_datamover_mm2s_full_wrap(c_...]
Compiling architecture implementation of entity axi_datamover_v5_1_37.axi_datamover_pcc [\axi_datamover_pcc(c_dre_align_w...]
Compiling architecture imp of entity axi_datamover_v5_1_37.srl_fifo [\srl_fifo(c_dwidth=7,c_depth=6)\]
Compiling architecture imp of entity axi_datamover_v5_1_37.axi_datamover_fifo [\axi_datamover_fifo(c_dwidth=7,c...]
Compiling architecture imp of entity axi_datamover_v5_1_37.srl_fifo [\srl_fifo(c_dwidth=2,c_depth=6)\]
Compiling architecture imp of entity axi_datamover_v5_1_37.axi_datamover_fifo [\axi_datamover_fifo(c_dwidth=2,c...]
Compiling architecture implementation of entity axi_datamover_v5_1_37.axi_datamover_wr_status_cntl [\axi_datamover_wr_status_cntl(c_...]
Compiling architecture implementation of entity axi_datamover_v5_1_37.axi_datamover_addr_cntl [\axi_datamover_addr_cntl(c_addr_...]
Compiling architecture imp of entity axi_datamover_v5_1_37.srl_fifo [\srl_fifo(c_dwidth=27,c_depth=4)...]
Compiling architecture imp of entity axi_datamover_v5_1_37.axi_datamover_fifo [\axi_datamover_fifo(c_dwidth=27,...]
Compiling architecture implementation of entity axi_datamover_v5_1_37.axi_datamover_wrdata_cntl [\axi_datamover_wrdata_cntl(c_sf_...]
Compiling architecture implementation of entity axi_datamover_v5_1_37.axi_datamover_wr_demux [\axi_datamover_wr_demux(c_sel_ad...]
Compiling architecture implementation of entity axi_datamover_v5_1_37.axi_datamover_skid2mm_buf [\axi_datamover_skid2mm_buf(c_add...]
Compiling architecture implementation of entity axi_datamover_v5_1_37.axi_datamover_s2mm_full_wrap [\axi_datamover_s2mm_full_wrap(c_...]
Compiling architecture implementation of entity axi_datamover_v5_1_37.axi_datamover [\axi_datamover(c_include_mm2s=1,...]
Compiling architecture implementation of entity axi_cdma_v4_1_35.axi_cdma_pulse_gen [\axi_cdma_pulse_gen(c_pulse_widt...]
Compiling architecture implementation of entity axi_cdma_v4_1_35.axi_cdma_pulse_gen [\axi_cdma_pulse_gen(c_pos_edge_t...]
Compiling architecture implementation of entity axi_cdma_v4_1_35.axi_cdma_pulse_gen [\axi_cdma_pulse_gen(c_pulse_widt...]
Compiling architecture implementation of entity axi_cdma_v4_1_35.axi_cdma_reset [axi_cdma_reset_default]
Compiling architecture implementation of entity axi_cdma_v4_1_35.axi_cdma_lite_if [\axi_cdma_lite_if(c_num_ce=16,c_...]
Compiling architecture implementation of entity axi_cdma_v4_1_35.axi_cdma_register [\axi_cdma_register(c_num_registe...]
Compiling architecture implementation of entity axi_cdma_v4_1_35.axi_cdma_reg_module [axi_cdma_reg_module_default]
Compiling architecture implementation of entity axi_cdma_v4_1_35.axi_cdma_simple_cntlr [\axi_cdma_simple_cntlr(c_dm_cmd_...]
Compiling architecture implementation of entity axi_cdma_v4_1_35.axi_cdma_simple_wrap [\axi_cdma_simple_wrap(c_include_...]
Compiling architecture implementation of entity axi_cdma_v4_1_35.axi_cdma [\axi_cdma(c_include_sf=0,c_dlytm...]
Compiling architecture sim_keyhole_axi_cdma_0_0_arch of entity xil_defaultlib.sim_keyhole_axi_cdma_0_0 [sim_keyhole_axi_cdma_0_0_default]
Compiling architecture imp of entity axi_lite_ipif_v3_0_4.pselect_f [\pselect_f(c_ab=1,c_aw=7,c_bar="...]
Compiling architecture imp of entity axi_lite_ipif_v3_0_4.pselect_f [\pselect_f(c_ab=4,c_aw=4,c_bar="...]
Compiling architecture imp of entity axi_lite_ipif_v3_0_4.pselect_f [\pselect_f(c_ab=4,c_aw=4,c_bar="...]
Compiling architecture imp of entity axi_lite_ipif_v3_0_4.pselect_f [\pselect_f(c_ab=4,c_aw=4,c_bar="...]
Compiling architecture imp of entity axi_lite_ipif_v3_0_4.pselect_f [\pselect_f(c_ab=4,c_aw=4,c_bar="...]
Compiling architecture imp of entity axi_lite_ipif_v3_0_4.pselect_f [\pselect_f(c_ab=4,c_aw=4,c_bar="...]
Compiling architecture imp of entity axi_lite_ipif_v3_0_4.pselect_f [\pselect_f(c_ab=4,c_aw=4,c_bar="...]
Compiling architecture imp of entity axi_lite_ipif_v3_0_4.pselect_f [\pselect_f(c_ab=4,c_aw=4,c_bar="...]
Compiling architecture imp of entity axi_lite_ipif_v3_0_4.pselect_f [\pselect_f(c_ab=4,c_aw=4,c_bar="...]
Compiling architecture imp of entity axi_lite_ipif_v3_0_4.pselect_f [\pselect_f(c_ab=4,c_aw=4,c_bar="...]
Compiling architecture imp of entity axi_lite_ipif_v3_0_4.pselect_f [\pselect_f(c_ab=4,c_aw=4,c_bar="...]
Compiling architecture imp of entity axi_lite_ipif_v3_0_4.pselect_f [\pselect_f(c_ab=4,c_aw=4,c_bar="...]
Compiling architecture imp of entity axi_lite_ipif_v3_0_4.pselect_f [\pselect_f(c_ab=4,c_aw=4,c_bar="...]
Compiling architecture imp of entity axi_lite_ipif_v3_0_4.pselect_f [\pselect_f(c_ab=4,c_aw=4,c_bar="...]
Compiling architecture imp of entity axi_lite_ipif_v3_0_4.pselect_f [\pselect_f(c_ab=4,c_aw=4,c_bar="...]
Compiling architecture imp of entity axi_lite_ipif_v3_0_4.pselect_f [\pselect_f(c_ab=4,c_aw=4,c_bar="...]
Compiling architecture imp of entity axi_lite_ipif_v3_0_4.pselect_f [\pselect_f(c_ab=4,c_aw=4,c_bar="...]
Compiling architecture imp of entity axi_lite_ipif_v3_0_4.pselect_f [\pselect_f(c_ab=2,c_aw=7,c_bar="...]
Compiling architecture imp of entity axi_lite_ipif_v3_0_4.pselect_f [\pselect_f(c_ab=3,c_aw=3,c_bar="...]
Compiling architecture imp of entity axi_lite_ipif_v3_0_4.pselect_f [\pselect_f(c_ab=3,c_aw=3,c_bar="...]
Compiling architecture imp of entity axi_lite_ipif_v3_0_4.pselect_f [\pselect_f(c_ab=3,c_aw=3,c_bar="...]
Compiling architecture imp of entity axi_lite_ipif_v3_0_4.pselect_f [\pselect_f(c_ab=3,c_aw=3,c_bar="...]
Compiling architecture imp of entity axi_lite_ipif_v3_0_4.pselect_f [\pselect_f(c_ab=3,c_aw=3,c_bar="...]
Compiling architecture imp of entity axi_lite_ipif_v3_0_4.pselect_f [\pselect_f(c_ab=3,c_aw=3,c_bar="...]
Compiling architecture imp of entity axi_lite_ipif_v3_0_4.pselect_f [\pselect_f(c_ab=3,c_aw=3,c_bar="...]
Compiling architecture imp of entity axi_lite_ipif_v3_0_4.pselect_f [\pselect_f(c_ab=3,c_aw=3,c_bar="...]
Compiling architecture imp of entity axi_lite_ipif_v3_0_4.pselect_f [\pselect_f(c_ab=2,c_aw=7,c_bar="...]
Compiling architecture imp of entity axi_lite_ipif_v3_0_4.address_decoder [\address_decoder(c_bus_awidth=7,...]
Compiling architecture imp of entity axi_lite_ipif_v3_0_4.slave_attachment [\slave_attachment(c_ard_addr_ran...]
Compiling architecture imp of entity axi_lite_ipif_v3_0_4.axi_lite_ipif [\axi_lite_ipif(c_s_axi_addr_widt...]
Compiling architecture fdre_v of entity unisim.FDRE [\FDRE(init='1')\]
Compiling architecture fdr_v of entity unisim.FDR [\FDR(init='1')\]
Compiling architecture imp of entity axi_quad_spi_v3_2_34.cross_clk_sync_fifo_1 [\cross_clk_sync_fifo_1(c_family=...]
Compiling architecture imp of entity axi_quad_spi_v3_2_34.counter_f [\counter_f(c_num_bits=8)(1,8)\]
Compiling architecture imp of entity axi_quad_spi_v3_2_34.qspi_fifo_ifmodule [\qspi_fifo_ifmodule(c_num_transf...]
Compiling architecture imp of entity axi_quad_spi_v3_2_34.qspi_occupancy_reg [\qspi_occupancy_reg(c_occupancy_...]
Compiling architecture fd_v of entity unisim.FD [\FD(init='1')\]
Compiling architecture imp of entity axi_quad_spi_v3_2_34.qspi_mode_0_module [\qspi_mode_0_module(c_sck_ratio=...]
Compiling architecture imp of entity axi_quad_spi_v3_2_34.qspi_status_slave_sel_reg [\qspi_status_slave_sel_reg(c_spi...]
Compiling architecture fdr_v of entity unisim.FDR [fdr_default]
Compiling architecture imp of entity axi_quad_spi_v3_2_34.reset_sync_module [reset_sync_module_default]
Compiling module xpm.xpm_cdc_sync_rst(DEST_SYNC_FF=2,...
Compiling module xpm.xpm_fifo_rst(COMMON_CLOCK=0)
Compiling module xpm.xpm_fifo_reg_bit
Compiling module xpm.xpm_counter_updn(COUNTER_WIDTH=9...
Compiling module xpm.xpm_counter_updn(COUNTER_WIDTH=8...
Compiling module xpm.xpm_memory_base(MEMORY_TYPE=1,CL...
Compiling module xpm.xpm_cdc_gray(DEST_SYNC_FF=2,INIT...
Compiling module xpm.xpm_fifo_reg_vec(REG_WIDTH=8)
Compiling module xpm.xpm_cdc_gray(INIT_SYNC_FF=1,WIDT...
Compiling module xpm.xpm_fifo_reg_vec(REG_WIDTH=9)
Compiling module xpm.xpm_cdc_gray(DEST_SYNC_FF=2,INIT...
Compiling module xpm.xpm_counter_updn(COUNTER_WIDTH=2...
Compiling module xpm.xpm_fifo_base(COMMON_CLOCK=0,FIF...
Compiling module xpm.xpm_fifo_async(FIFO_MEMORY_TYPE=...
Compiling module xpm.xpm_cdc_single(DEST_SYNC_FF=2,IN...
Compiling module xpm.xpm_fifo_base(COMMON_CLOCK=0,FIF...
Compiling module xpm.xpm_fifo_async(FIFO_MEMORY_TYPE=...
Compiling architecture imp of entity axi_quad_spi_v3_2_34.qspi_cntrl_reg [\qspi_cntrl_reg(c_s_axi_data_wid...]
Compiling architecture lut4_v of entity unisim.LUT4 [\LUT4(init="1111111111001010")(0...]
Compiling architecture fdrse_v of entity unisim.FDRSE [fdrse_default]
Compiling architecture implementation of entity axi_quad_spi_v3_2_34.soft_reset [\soft_reset(c_reset_width=16)\]
Compiling architecture implementation of entity interrupt_control_v3_1_5.interrupt_control [\interrupt_control(c_num_ce=16,c...]
Compiling architecture imp of entity axi_quad_spi_v3_2_34.qspi_core_interface [\qspi_core_interface(c_family="z...]
Compiling architecture fdre_v of entity unisim.FDRE [fdre_default]
Compiling architecture fd_v of entity unisim.FD [fd_default]
Compiling architecture imp of entity axi_quad_spi_v3_2_34.axi_quad_spi_top [\axi_quad_spi_top(c_family="zynq...]
Compiling architecture imp of entity axi_quad_spi_v3_2_34.axi_quad_spi [\axi_quad_spi(c_family="zynquplu...]
Compiling architecture sim_keyhole_axi_quad_spi_0_0_arch of entity xil_defaultlib.sim_keyhole_axi_quad_spi_0_0 [sim_keyhole_axi_quad_spi_0_0_def...]
Compiling module xilinx_vip.axi_vip_axi4pc(WDATA_WIDTH=32,RD...
Compiling module xilinx_vip.cb
Compiling module xilinx_vip.axi_vip_if(C_AXI_PROTOCOL=2,C_AX...
Compiling module axi_vip_v1_1_21.axi_vip_v1_1_21_top(C_AXI_PROTOC...
Compiling module xil_defaultlib.sim_keyhole_axi_vip_0_0
Compiling module xilinx_vip.axi_vip_axi4pc(WDATA_WIDTH=32,RD...
Compiling module xilinx_vip.cb
Compiling module xilinx_vip.axi_vip_if(C_AXI_SUPPORTS_NARROW...
Compiling module axi_vip_v1_1_21.axi_vip_v1_1_21_top(C_AXI_SUPPOR...
Compiling module xil_defaultlib.sim_keyhole_axi_vip_1_0
Compiling module xlconstant_v1_1_10.xlconstant_v1_1_10_xlconstant(CO...
Compiling module xil_defaultlib.bd_6da4_one_0
Compiling architecture srl16e_v of entity unisim.SRL16E [\SRL16E(init="1111111111111111")...]
Compiling architecture srl16_v of entity unisim.SRL16 [\SRL16(init="1111111111111111")(...]
Compiling module xpm.xpm_cdc_single(DEST_SYNC_FF=4,IN...
Compiling architecture imp of entity proc_sys_reset_v5_0_17.lpf [\lpf(c_ext_rst_width=4,c_aux_rst...]
Compiling architecture imp of entity proc_sys_reset_v5_0_17.upcnt_n [\upcnt_n(c_size=6)\]
Compiling architecture imp of entity proc_sys_reset_v5_0_17.sequence_psr [sequence_psr_default]
Compiling architecture imp of entity proc_sys_reset_v5_0_17.proc_sys_reset [\proc_sys_reset(c_family="zynqup...]
Compiling architecture bd_6da4_psr_aclk_0_arch of entity xil_defaultlib.bd_6da4_psr_aclk_0 [bd_6da4_psr_aclk_0_default]
Compiling module xil_defaultlib.clk_map_imp_1TMB9NS
Compiling module xpm.xpm_cdc_async_rst(DEST_SYNC_FF=3...
Compiling module xil_defaultlib.bd_6da4_m00e_0
Compiling module xil_defaultlib.m00_exit_pipeline_imp_5RWIGJ
Compiling module xpm.xpm_memory_base(MEMORY_TYPE=1,ME...
Compiling module xpm.xpm_memory_sdpram(MEMORY_SIZE=32...
Compiling module xpm.xpm_memory_base(MEMORY_TYPE=1,ME...
Compiling module xpm.xpm_memory_sdpram(MEMORY_SIZE=51...
Compiling module xil_defaultlib.bd_6da4_m00arn_0
Compiling module xil_defaultlib.bd_6da4_m00awn_0
Compiling module xpm.xpm_memory_base(MEMORY_TYPE=1,ME...
Compiling module xpm.xpm_memory_sdpram(MEMORY_SIZE=60...
Compiling module xpm.xpm_memory_base(MEMORY_TYPE=1,ME...
Compiling module xpm.xpm_memory_sdpram(MEMORY_SIZE=22...
Compiling module xil_defaultlib.bd_6da4_m00bn_0
Compiling module xpm.xpm_memory_base(MEMORY_TYPE=1,ME...
Compiling module xpm.xpm_memory_sdpram(MEMORY_SIZE=16...
Compiling module xil_defaultlib.bd_6da4_m00rn_0
Compiling module xpm.xpm_memory_base(MEMORY_TYPE=1,ME...
Compiling module xpm.xpm_memory_sdpram(MEMORY_SIZE=4,...
Compiling module xpm.xpm_memory_base(MEMORY_TYPE=1,ME...
Compiling module xpm.xpm_memory_sdpram(MEMORY_SIZE=23...
Compiling module xil_defaultlib.bd_6da4_m00wn_0
Compiling module xil_defaultlib.m00_nodes_imp_J46BTR
Compiling module xil_defaultlib.bd_6da4_m00s2a_0
Compiling module xil_defaultlib.bd_6da4_m01e_0
Compiling module xil_defaultlib.m01_exit_pipeline_imp_13NELV
Compiling module xil_defaultlib.bd_6da4_m01arn_0
Compiling module xil_defaultlib.bd_6da4_m01awn_0
Compiling module xil_defaultlib.bd_6da4_m01bn_0
Compiling module xil_defaultlib.bd_6da4_m01rn_0
Compiling module xil_defaultlib.bd_6da4_m01wn_0
Compiling module xil_defaultlib.m01_nodes_imp_1OGPQ21
Compiling module xil_defaultlib.bd_6da4_m01s2a_0
Compiling module xil_defaultlib.bd_6da4_m02e_0
Compiling module xil_defaultlib.m02_exit_pipeline_imp_G8D437
Compiling module xil_defaultlib.bd_6da4_m02arn_0
Compiling module xil_defaultlib.bd_6da4_m02awn_0
Compiling module xil_defaultlib.bd_6da4_m02bn_0
Compiling module xil_defaultlib.bd_6da4_m02rn_0
Compiling module xil_defaultlib.bd_6da4_m02wn_0
Compiling module xil_defaultlib.m02_nodes_imp_19XLLO2
Compiling module xil_defaultlib.bd_6da4_m02s2a_0
Compiling module xil_defaultlib.bd_6da4_s00a2s_0
Compiling module xil_defaultlib.bd_6da4_s00mmu_0
Compiling module xil_defaultlib.bd_6da4_s00sic_0
Compiling module xil_defaultlib.bd_6da4_s00tr_0
Compiling module xil_defaultlib.s00_entry_pipeline_imp_1661FU8
Compiling module xpm.xpm_memory_base(MEMORY_TYPE=1,ME...
Compiling module xpm.xpm_memory_sdpram(MEMORY_SIZE=64...
Compiling module xpm.xpm_memory_base(MEMORY_TYPE=1,ME...
Compiling module xpm.xpm_memory_sdpram(MEMORY_SIZE=45...
Compiling module xil_defaultlib.bd_6da4_sarn_0
Compiling module xil_defaultlib.bd_6da4_sawn_0
Compiling module xpm.xpm_memory_base(MEMORY_TYPE=1,ME...
Compiling module xpm.xpm_memory_sdpram(MEMORY_SIZE=83...
Compiling module xil_defaultlib.bd_6da4_sbn_0
Compiling module xil_defaultlib.bd_6da4_srn_0
Compiling module xpm.xpm_memory_base(MEMORY_TYPE=1,ME...
Compiling module xpm.xpm_memory_sdpram(MEMORY_SIZE=17...
Compiling module xil_defaultlib.bd_6da4_swn_0
Compiling module xil_defaultlib.s00_nodes_imp_1052HD6
Compiling module xil_defaultlib.bd_6da4_s01a2s_0
Compiling module xil_defaultlib.bd_6da4_s01mmu_0
Compiling module xil_defaultlib.bd_6da4_s01sic_0
Compiling module xil_defaultlib.bd_6da4_s01tr_0
Compiling module xil_defaultlib.s01_entry_pipeline_imp_3H9HNO
Compiling module xil_defaultlib.bd_6da4_sarn_1
Compiling module xil_defaultlib.bd_6da4_sawn_1
Compiling module xil_defaultlib.bd_6da4_sbn_1
Compiling module xil_defaultlib.bd_6da4_srn_1
Compiling module xil_defaultlib.bd_6da4_swn_1
Compiling module xil_defaultlib.s01_nodes_imp_8OQIHO
Compiling module xil_defaultlib.bd_6da4_arsw_0
Compiling module xil_defaultlib.bd_6da4_awsw_0
Compiling module xil_defaultlib.bd_6da4_bsw_0
Compiling module xil_defaultlib.bd_6da4_rsw_0
Compiling module xil_defaultlib.bd_6da4_wsw_0
Compiling module xil_defaultlib.switchboards_imp_1SUJ33Y
Compiling module xil_defaultlib.bd_6da4
Compiling module xil_defaultlib.sim_keyhole_smartconnect_0_0
Compiling module xil_defaultlib.sim_keyhole
Compiling module xil_defaultlib.sim_keyhole_wrapper
Compiling module xil_defaultlib.tb_keyhole
Compiling module xil_defaultlib.glbl
Built simulation snapshot tb_keyhole_behav
execute_script: Time (s): cpu = 00:01:02 ; elapsed = 00:00:17 . Memory (MB): peak = 1966.266 ; gain = 0.000 ; free physical = 40373 ; free virtual = 52585
INFO: [USF-XSim-69] 'elaborate' step finished in '17' seconds
INFO: [USF-XSim-4] XSim::Simulate design
INFO: [USF-XSim-61] Executing 'SIMULATE' step in '/tmp/r6_keyhole_sim/r6sim.sim/sim_1/behav/xsim'
INFO: [USF-XSim-98] *** Running xsim
   with args "tb_keyhole_behav -key {Behavioral:sim_1:Functional:tb_keyhole} -tclbatch {tb_keyhole.tcl} -protoinst "protoinst_files/bd_6da4.protoinst" -protoinst "protoinst_files/sim_keyhole.protoinst" -log {simulate.log}"
INFO: [USF-XSim-8] Loading simulator feature
INFO: [Wavedata 42-565] Reading protoinst file protoinst_files/bd_6da4.protoinst
INFO: [Wavedata 42-564]   Found protocol instance at /tb_keyhole/dut/sim_keyhole_i/smartconnect_0/inst//m00_exit_pipeline/m00_exit/M_AXI
INFO: [Wavedata 42-564]   Found protocol instance at /tb_keyhole/dut/sim_keyhole_i/smartconnect_0/inst//m00_exit_pipeline/m00_exit/S_AXI
INFO: [Wavedata 42-564]   Found protocol instance at /tb_keyhole/dut/sim_keyhole_i/smartconnect_0/inst//m00_exit_pipeline/m_axi
INFO: [Wavedata 42-564]   Found protocol instance at /tb_keyhole/dut/sim_keyhole_i/smartconnect_0/inst//m00_exit_pipeline/s_axi
INFO: [Wavedata 42-564]   Found protocol instance at /tb_keyhole/dut/sim_keyhole_i/smartconnect_0/inst//m00_nodes/m00_aw_node/M_AXIS_ARB
INFO: [Wavedata 42-564]   Found protocol instance at /tb_keyhole/dut/sim_keyhole_i/smartconnect_0/inst//m00_nodes/m00_w_node/S_AXIS_ARB
INFO: [Wavedata 42-564]   Found protocol instance at /tb_keyhole/dut/sim_keyhole_i/smartconnect_0/inst//m00_sc2axi/M_AXI
INFO: [Wavedata 42-564]   Found protocol instance at /tb_keyhole/dut/sim_keyhole_i/smartconnect_0/inst//m01_exit_pipeline/m01_exit/M_AXI
INFO: [Wavedata 42-564]   Found protocol instance at /tb_keyhole/dut/sim_keyhole_i/smartconnect_0/inst//m01_exit_pipeline/m01_exit/S_AXI
INFO: [Wavedata 42-564]   Found protocol instance at /tb_keyhole/dut/sim_keyhole_i/smartconnect_0/inst//m01_exit_pipeline/m_axi
INFO: [Wavedata 42-564]   Found protocol instance at /tb_keyhole/dut/sim_keyhole_i/smartconnect_0/inst//m01_exit_pipeline/s_axi
INFO: [Wavedata 42-564]   Found protocol instance at /tb_keyhole/dut/sim_keyhole_i/smartconnect_0/inst//m01_nodes/m01_aw_node/M_AXIS_ARB
INFO: [Wavedata 42-564]   Found protocol instance at /tb_keyhole/dut/sim_keyhole_i/smartconnect_0/inst//m01_nodes/m01_w_node/S_AXIS_ARB
INFO: [Wavedata 42-564]   Found protocol instance at /tb_keyhole/dut/sim_keyhole_i/smartconnect_0/inst//m01_sc2axi/M_AXI
INFO: [Wavedata 42-564]   Found protocol instance at /tb_keyhole/dut/sim_keyhole_i/smartconnect_0/inst//m02_exit_pipeline/m02_exit/M_AXI
INFO: [Wavedata 42-564]   Found protocol instance at /tb_keyhole/dut/sim_keyhole_i/smartconnect_0/inst//m02_exit_pipeline/m02_exit/S_AXI
INFO: [Wavedata 42-564]   Found protocol instance at /tb_keyhole/dut/sim_keyhole_i/smartconnect_0/inst//m02_exit_pipeline/m_axi
INFO: [Wavedata 42-564]   Found protocol instance at /tb_keyhole/dut/sim_keyhole_i/smartconnect_0/inst//m02_exit_pipeline/s_axi
INFO: [Wavedata 42-564]   Found protocol instance at /tb_keyhole/dut/sim_keyhole_i/smartconnect_0/inst//m02_nodes/m02_aw_node/M_AXIS_ARB
INFO: [Wavedata 42-564]   Found protocol instance at /tb_keyhole/dut/sim_keyhole_i/smartconnect_0/inst//m02_nodes/m02_w_node/S_AXIS_ARB
INFO: [Wavedata 42-564]   Found protocol instance at /tb_keyhole/dut/sim_keyhole_i/smartconnect_0/inst//m02_sc2axi/M_AXI
INFO: [Wavedata 42-564]   Found protocol instance at /tb_keyhole/dut/sim_keyhole_i/smartconnect_0/inst//s00_axi2sc/S_AXI
INFO: [Wavedata 42-564]   Found protocol instance at /tb_keyhole/dut/sim_keyhole_i/smartconnect_0/inst//s00_entry_pipeline/m_axi
INFO: [Wavedata 42-564]   Found protocol instance at /tb_keyhole/dut/sim_keyhole_i/smartconnect_0/inst//s00_entry_pipeline/s00_mmu/M_AXI
INFO: [Wavedata 42-564]   Found protocol instance at /tb_keyhole/dut/sim_keyhole_i/smartconnect_0/inst//s00_entry_pipeline/s00_mmu/S_AXI
INFO: [Wavedata 42-564]   Found protocol instance at /tb_keyhole/dut/sim_keyhole_i/smartconnect_0/inst//s00_entry_pipeline/s00_si_converter/M_AXI
INFO: [Wavedata 42-564]   Found protocol instance at /tb_keyhole/dut/sim_keyhole_i/smartconnect_0/inst//s00_entry_pipeline/s00_si_converter/S_AXI
INFO: [Wavedata 42-564]   Found protocol instance at /tb_keyhole/dut/sim_keyhole_i/smartconnect_0/inst//s00_entry_pipeline/s00_transaction_regulator/M_AXI
INFO: [Wavedata 42-564]   Found protocol instance at /tb_keyhole/dut/sim_keyhole_i/smartconnect_0/inst//s00_entry_pipeline/s00_transaction_regulator/S_AXI
INFO: [Wavedata 42-564]   Found protocol instance at /tb_keyhole/dut/sim_keyhole_i/smartconnect_0/inst//s00_entry_pipeline/s_axi
INFO: [Wavedata 42-564]   Found protocol instance at /tb_keyhole/dut/sim_keyhole_i/smartconnect_0/inst//s01_axi2sc/S_AXI
INFO: [Wavedata 42-564]   Found protocol instance at /tb_keyhole/dut/sim_keyhole_i/smartconnect_0/inst//s01_entry_pipeline/m_axi
INFO: [Wavedata 42-564]   Found protocol instance at /tb_keyhole/dut/sim_keyhole_i/smartconnect_0/inst//s01_entry_pipeline/s01_mmu/M_AXI
INFO: [Wavedata 42-564]   Found protocol instance at /tb_keyhole/dut/sim_keyhole_i/smartconnect_0/inst//s01_entry_pipeline/s01_mmu/S_AXI
INFO: [Wavedata 42-564]   Found protocol instance at /tb_keyhole/dut/sim_keyhole_i/smartconnect_0/inst//s01_entry_pipeline/s01_si_converter/M_AXI
INFO: [Wavedata 42-564]   Found protocol instance at /tb_keyhole/dut/sim_keyhole_i/smartconnect_0/inst//s01_entry_pipeline/s01_si_converter/S_AXI
INFO: [Wavedata 42-564]   Found protocol instance at /tb_keyhole/dut/sim_keyhole_i/smartconnect_0/inst//s01_entry_pipeline/s01_transaction_regulator/M_AXI
INFO: [Wavedata 42-564]   Found protocol instance at /tb_keyhole/dut/sim_keyhole_i/smartconnect_0/inst//s01_entry_pipeline/s01_transaction_regulator/S_AXI
INFO: [Wavedata 42-564]   Found protocol instance at /tb_keyhole/dut/sim_keyhole_i/smartconnect_0/inst//s01_entry_pipeline/s_axi
INFO: [Wavedata 42-565] Reading protoinst file protoinst_files/sim_keyhole.protoinst
INFO: [Wavedata 42-564]   Found protocol instance at /tb_keyhole/dut/sim_keyhole_i//axi_cdma_0/M_AXI
INFO: [Wavedata 42-564]   Found protocol instance at /tb_keyhole/dut/sim_keyhole_i//axi_cdma_0/S_AXI_LITE
INFO: [Wavedata 42-564]   Found protocol instance at /tb_keyhole/dut/sim_keyhole_i//axi_quad_spi_0/AXI_LITE
INFO: [Wavedata 42-564]   Found protocol instance at /tb_keyhole/dut/sim_keyhole_i//axi_vip_0/M_AXI
INFO: [Wavedata 42-564]   Found protocol instance at /tb_keyhole/dut/sim_keyhole_i//axi_vip_1/S_AXI
INFO: [Wavedata 42-564]   Found protocol instance at /tb_keyhole/dut/sim_keyhole_i//smartconnect_0/M00_AXI
INFO: [Wavedata 42-564]   Found protocol instance at /tb_keyhole/dut/sim_keyhole_i//smartconnect_0/M01_AXI
INFO: [Wavedata 42-564]   Found protocol instance at /tb_keyhole/dut/sim_keyhole_i//smartconnect_0/M02_AXI
INFO: [Wavedata 42-564]   Found protocol instance at /tb_keyhole/dut/sim_keyhole_i//smartconnect_0/S00_AXI
INFO: [Wavedata 42-564]   Found protocol instance at /tb_keyhole/dut/sim_keyhole_i//smartconnect_0/S01_AXI
Time resolution is 1 ps
source tb_keyhole.tcl
## set curr_wave [current_wave_config]
## if { [string length $curr_wave] == 0 } {
##   if { [llength [get_objects]] > 0} {
##     add_wave /
##     set_property needs_save false [current_wave_config]
##   } else {
##      send_msg_id Add_Wave-1 WARNING "No top level signals found. Simulator will start without a wave window. If you want to open a wave window go to 'File->New Waveform Configuration' or type 'create_wave_config' in the TCL console."
##   }
## }
## run 1000ns
XilinxAXIVIP: Found at Path: tb_keyhole.dut.sim_keyhole_i.axi_vip_0.inst
XilinxAXIVIP: Found at Path: tb_keyhole.dut.sim_keyhole_i.axi_vip_1.inst
Info: [XPM_MEMORY 20-1] MEMORY_PRIMITIVE (0) instructs Vivado Synthesis to choose the memory primitive type. Depending on their values, other XPM_MEMORY parameters may preclude the choice of certain memory primitive types. Review XPM_MEMORY documentation and parameter values to understand any limitations, or set MEMORY_PRIMITIVE to a different value. tb_keyhole.dut.sim_keyhole_i.axi_quad_spi_0.U0.no_dual_quad_mode.QSPI_NORMAL.qspi_legacy_md_gen.QSPI_CORE_INTERFACE_I.fifo_exists.RX_FIFO_II.gnuram_async_fifo.xpm_fifo_base_inst.gen_sdpram.xpm_memory_base_inst.config_drc
Time: 1 ps  Iteration: 0  Process: /tb_keyhole/dut/sim_keyhole_i/axi_quad_spi_0/U0/no_dual_quad_mode/QSPI_NORMAL/qspi_legacy_md_gen/QSPI_CORE_INTERFACE_I/fifo_exists/RX_FIFO_II/gnuram_async_fifo.xpm_fifo_base_inst/gen_sdpram.xpm_memory_base_inst/Initial310_256  Scope: tb_keyhole.dut.sim_keyhole_i.axi_quad_spi_0.U0.no_dual_quad_mode.QSPI_NORMAL.qspi_legacy_md_gen.QSPI_CORE_INTERFACE_I.fifo_exists.RX_FIFO_II.gnuram_async_fifo.xpm_fifo_base_inst.gen_sdpram.xpm_memory_base_inst.config_drc  File: /tools/Xilinx/2025.1/Vivado/data/ip/xpm/xpm_memory/hdl/xpm_memory.sv Line: 522
Info: [XPM_MEMORY 20-1] MEMORY_PRIMITIVE (0) instructs Vivado Synthesis to choose the memory primitive type. Depending on their values, other XPM_MEMORY parameters may preclude the choice of certain memory primitive types. Review XPM_MEMORY documentation and parameter values to understand any limitations, or set MEMORY_PRIMITIVE to a different value. tb_keyhole.dut.sim_keyhole_i.axi_quad_spi_0.U0.no_dual_quad_mode.QSPI_NORMAL.qspi_legacy_md_gen.QSPI_CORE_INTERFACE_I.fifo_exists.TX_FIFO_II.gnuram_async_fifo.xpm_fifo_base_inst.gen_sdpram.xpm_memory_base_inst.config_drc
Time: 1 ps  Iteration: 0  Process: /tb_keyhole/dut/sim_keyhole_i/axi_quad_spi_0/U0/no_dual_quad_mode/QSPI_NORMAL/qspi_legacy_md_gen/QSPI_CORE_INTERFACE_I/fifo_exists/TX_FIFO_II/gnuram_async_fifo.xpm_fifo_base_inst/gen_sdpram.xpm_memory_base_inst/Initial310_256  Scope: tb_keyhole.dut.sim_keyhole_i.axi_quad_spi_0.U0.no_dual_quad_mode.QSPI_NORMAL.qspi_legacy_md_gen.QSPI_CORE_INTERFACE_I.fifo_exists.TX_FIFO_II.gnuram_async_fifo.xpm_fifo_base_inst.gen_sdpram.xpm_memory_base_inst.config_drc  File: /tools/Xilinx/2025.1/Vivado/data/ip/xpm/xpm_memory/hdl/xpm_memory.sv Line: 522
INFO: [USF-XSim-96] XSim completed. Design snapshot 'tb_keyhole_behav' loaded.
INFO: [USF-XSim-97] XSim simulation ran for 1000ns
launch_simulation: Time (s): cpu = 00:01:15 ; elapsed = 00:00:34 . Memory (MB): peak = 1966.266 ; gain = 69.055 ; free physical = 40375 ; free virtual = 52589
# catch { run all }
ANCHOR: QSPI SPICR = 0x00000180 (expect 0x00000180)
MON M00.AW  addr=0x40            t=1425 ns
MON M00.W   data=0x0000000a          t=1425 ns
MON M00.B   resp=0               t=1435 ns
MON M01.AW  addr=0x00            t=1755 ns
MON M01.W   data=0x00000004          t=1755 ns
MON M01.AR  addr=0x00            t=3025 ns
MON M01.R   data=0x00000000 resp=0 t=3045 ns
PHASE_A: post-reset CDMACR = 0x00000000 (rst bit2=0)
MON M01.AW  addr=0x00            t=3355 ns
MON M01.W   data=0x00000020          t=3355 ns
MON M01.AR  addr=0x00            t=3635 ns
MON M01.R   data=0x00000020 resp=0 t=3655 ns
PHASE_A: CDMACR readback = 0x00000000 (keyhole bit5=0)
MON M01.AW  addr=0x18            t=3965 ns
MON M01.W   data=0x5a5a1234          t=3965 ns
MON M01.AR  addr=0x18            t=4245 ns
MON M01.R   data=0x5a5a1234 resp=0 t=4265 ns
PHASE_A: SA probe wrote 5A5A1234 read 0x00000000
MON M01.AW  addr=0x18            t=4575 ns
MON M01.W   data=0x00000000          t=4575 ns
MON M01.AW  addr=0x20            t=4905 ns
MON M01.W   data=0xa0000068          t=4905 ns
MON M01.AW  addr=0x28            t=5235 ns
MON M01.W   data=0x00000040          t=5235 ns
MON CDMA.AW addr=0xa0000068 len=5 burst=0 t=5335 ns
MON CDMA.AR addr=0x00000000 len=15 burst=1 t=5335 ns
MON CDMA.AW addr=0xa0000068 len=9 burst=0 t=5385 ns
MON M01.AR  addr=0x04            t=5515 ns
MON M01.R   data=0x00000000 resp=0 t=5535 ns
PHASE_A: CDMASR just after kick = 0x00000000
MON M01.AR  addr=0x04            t=5795 ns
MON M01.R   data=0x00000000 resp=0 t=5815 ns
MON M01.AR  addr=0x04            t=6265 ns
MON M01.R   data=0x00005042 resp=0 t=6285 ns
MON M01.AR  addr=0x04            t=6735 ns
MON M01.R   data=0x00005042 resp=0 t=6755 ns
MON M01.AR  addr=0x04            t=7205 ns
MON M01.R   data=0x00005042 resp=0 t=7225 ns
MON M01.AR  addr=0x04            t=7675 ns
MON M01.R   data=0x00005042 resp=0 t=7695 ns
MON M01.AR  addr=0x04            t=8145 ns
MON M01.R   data=0x00005042 resp=0 t=8165 ns
MON M01.AR  addr=0x04            t=8615 ns
MON M01.R   data=0x00005042 resp=0 t=8635 ns
MON M01.AR  addr=0x04            t=9085 ns
MON M01.R   data=0x00005042 resp=0 t=9105 ns
MON M01.AR  addr=0x04            t=9555 ns
MON M01.R   data=0x00005042 resp=0 t=9575 ns
MON M01.AR  addr=0x04            t=10025 ns
MON M01.R   data=0x00005042 resp=0 t=10045 ns
MON M01.AR  addr=0x04            t=10495 ns
MON M01.R   data=0x00005042 resp=0 t=10515 ns
MON M01.AR  addr=0x04            t=10965 ns
MON M01.R   data=0x00005042 resp=0 t=10985 ns
MON M01.AR  addr=0x04            t=11435 ns
MON M01.R   data=0x00005042 resp=0 t=11455 ns
MON M01.AR  addr=0x04            t=11905 ns
MON M01.R   data=0x00005042 resp=0 t=11925 ns
MON M01.AR  addr=0x04            t=12375 ns
MON M01.R   data=0x00005042 resp=0 t=12395 ns
MON M01.AR  addr=0x04            t=12845 ns
MON M01.R   data=0x00005042 resp=0 t=12865 ns
MON M01.AR  addr=0x04            t=13315 ns
MON M01.R   data=0x00005042 resp=0 t=13335 ns
MON M01.AR  addr=0x04            t=13785 ns
MON M01.R   data=0x00005042 resp=0 t=13805 ns
MON M01.AR  addr=0x04            t=14255 ns
MON M01.R   data=0x00005042 resp=0 t=14275 ns
MON M01.AR  addr=0x04            t=14725 ns
MON M01.R   data=0x00005042 resp=0 t=14745 ns
MON M01.AR  addr=0x04            t=15195 ns
MON M01.R   data=0x00005042 resp=0 t=15215 ns
MON M01.AR  addr=0x04            t=15665 ns
MON M01.R   data=0x00005042 resp=0 t=15685 ns
MON M01.AR  addr=0x04            t=16135 ns
MON M01.R   data=0x00005042 resp=0 t=16155 ns
MON M01.AR  addr=0x04            t=16605 ns
MON M01.R   data=0x00005042 resp=0 t=16625 ns
MON M01.AR  addr=0x04            t=17075 ns
MON M01.R   data=0x00005042 resp=0 t=17095 ns
MON M01.AR  addr=0x04            t=17545 ns
MON M01.R   data=0x00005042 resp=0 t=17565 ns
MON M01.AR  addr=0x04            t=18015 ns
MON M01.R   data=0x00005042 resp=0 t=18035 ns
MON M01.AR  addr=0x04            t=18485 ns
MON M01.R   data=0x00005042 resp=0 t=18505 ns
MON M01.AR  addr=0x04            t=18955 ns
MON M01.R   data=0x00005042 resp=0 t=18975 ns
MON M01.AR  addr=0x04            t=19425 ns
MON M01.R   data=0x00005042 resp=0 t=19445 ns
MON M01.AR  addr=0x04            t=19895 ns
MON M01.R   data=0x00005042 resp=0 t=19915 ns
MON M01.AR  addr=0x04            t=20365 ns
MON M01.R   data=0x00005042 resp=0 t=20385 ns
MON M01.AR  addr=0x04            t=20835 ns
MON M01.R   data=0x00005042 resp=0 t=20855 ns
MON M01.AR  addr=0x04            t=21305 ns
MON M01.R   data=0x00005042 resp=0 t=21325 ns
MON M01.AR  addr=0x04            t=21775 ns
MON M01.R   data=0x00005042 resp=0 t=21795 ns
MON M01.AR  addr=0x04            t=22245 ns
MON M01.R   data=0x00005042 resp=0 t=22265 ns
MON M01.AR  addr=0x04            t=22715 ns
MON M01.R   data=0x00005042 resp=0 t=22735 ns
MON M01.AR  addr=0x04            t=23185 ns
MON M01.R   data=0x00005042 resp=0 t=23205 ns
MON M01.AR  addr=0x04            t=23655 ns
MON M01.R   data=0x00005042 resp=0 t=23675 ns
MON M01.AR  addr=0x04            t=24125 ns
MON M01.R   data=0x00005042 resp=0 t=24145 ns
MON M01.AR  addr=0x04            t=24595 ns
MON M01.R   data=0x00005042 resp=0 t=24615 ns
MON M01.AR  addr=0x04            t=25065 ns
MON M01.R   data=0x00005042 resp=0 t=25085 ns
MON M01.AR  addr=0x04            t=25535 ns
MON M01.R   data=0x00005042 resp=0 t=25555 ns
MON M01.AR  addr=0x04            t=26005 ns
MON M01.R   data=0x00005042 resp=0 t=26025 ns
MON M01.AR  addr=0x04            t=26475 ns
MON M01.R   data=0x00005042 resp=0 t=26495 ns
MON M01.AR  addr=0x04            t=26945 ns
MON M01.R   data=0x00005042 resp=0 t=26965 ns
MON M01.AR  addr=0x04            t=27415 ns
MON M01.R   data=0x00005042 resp=0 t=27435 ns
MON M01.AR  addr=0x04            t=27885 ns
MON M01.R   data=0x00005042 resp=0 t=27905 ns
MON M01.AR  addr=0x04            t=28355 ns
MON M01.R   data=0x00005042 resp=0 t=28375 ns
MON M01.AR  addr=0x04            t=28825 ns
MON M01.R   data=0x00005042 resp=0 t=28845 ns
MON M01.AR  addr=0x04            t=29295 ns
MON M01.R   data=0x00005042 resp=0 t=29315 ns
MON M01.AR  addr=0x04            t=29765 ns
MON M01.R   data=0x00005042 resp=0 t=29785 ns
MON M01.AR  addr=0x04            t=30235 ns
MON M01.R   data=0x00005042 resp=0 t=30255 ns
MON M01.AR  addr=0x04            t=30705 ns
MON M01.R   data=0x00005042 resp=0 t=30725 ns
MON M01.AR  addr=0x04            t=31175 ns
MON M01.R   data=0x00005042 resp=0 t=31195 ns
MON M01.AR  addr=0x04            t=31645 ns
MON M01.R   data=0x00005042 resp=0 t=31665 ns
MON M01.AR  addr=0x04            t=32115 ns
MON M01.R   data=0x00005042 resp=0 t=32135 ns
MON M01.AR  addr=0x04            t=32585 ns
MON M01.R   data=0x00005042 resp=0 t=32605 ns
MON M01.AR  addr=0x04            t=33055 ns
MON M01.R   data=0x00005042 resp=0 t=33075 ns
MON M01.AR  addr=0x04            t=33525 ns
MON M01.R   data=0x00005042 resp=0 t=33545 ns
MON M01.AR  addr=0x04            t=33995 ns
MON M01.R   data=0x00005042 resp=0 t=34015 ns
MON M01.AR  addr=0x04            t=34465 ns
MON M01.R   data=0x00005042 resp=0 t=34485 ns
MON M01.AR  addr=0x04            t=34935 ns
MON M01.R   data=0x00005042 resp=0 t=34955 ns
MON M01.AR  addr=0x04            t=35405 ns
MON M01.R   data=0x00005042 resp=0 t=35425 ns
MON M01.AR  addr=0x04            t=35875 ns
MON M01.R   data=0x00005042 resp=0 t=35895 ns
MON M01.AR  addr=0x04            t=36345 ns
MON M01.R   data=0x00005042 resp=0 t=36365 ns
MON M01.AR  addr=0x04            t=36815 ns
MON M01.R   data=0x00005042 resp=0 t=36835 ns
MON M01.AR  addr=0x04            t=37285 ns
MON M01.R   data=0x00005042 resp=0 t=37305 ns
MON M01.AR  addr=0x04            t=37755 ns
MON M01.R   data=0x00005042 resp=0 t=37775 ns
MON M01.AR  addr=0x04            t=38225 ns
MON M01.R   data=0x00005042 resp=0 t=38245 ns
MON M01.AR  addr=0x04            t=38695 ns
MON M01.R   data=0x00005042 resp=0 t=38715 ns
MON M01.AR  addr=0x04            t=39165 ns
MON M01.R   data=0x00005042 resp=0 t=39185 ns
MON M01.AR  addr=0x04            t=39635 ns
MON M01.R   data=0x00005042 resp=0 t=39655 ns
MON M01.AR  addr=0x04            t=40105 ns
MON M01.R   data=0x00005042 resp=0 t=40125 ns
MON M01.AR  addr=0x04            t=40575 ns
MON M01.R   data=0x00005042 resp=0 t=40595 ns
MON M01.AR  addr=0x04            t=41045 ns
MON M01.R   data=0x00005042 resp=0 t=41065 ns
MON M01.AR  addr=0x04            t=41515 ns
MON M01.R   data=0x00005042 resp=0 t=41535 ns
MON M01.AR  addr=0x04            t=41985 ns
MON M01.R   data=0x00005042 resp=0 t=42005 ns
MON M01.AR  addr=0x04            t=42455 ns
MON M01.R   data=0x00005042 resp=0 t=42475 ns
MON M01.AR  addr=0x04            t=42925 ns
MON M01.R   data=0x00005042 resp=0 t=42945 ns
MON M01.AR  addr=0x04            t=43395 ns
MON M01.R   data=0x00005042 resp=0 t=43415 ns
MON M01.AR  addr=0x04            t=43865 ns
MON M01.R   data=0x00005042 resp=0 t=43885 ns
MON M01.AR  addr=0x04            t=44335 ns
MON M01.R   data=0x00005042 resp=0 t=44355 ns
MON M01.AR  addr=0x04            t=44805 ns
MON M01.R   data=0x00005042 resp=0 t=44825 ns
MON M01.AR  addr=0x04            t=45275 ns
MON M01.R   data=0x00005042 resp=0 t=45295 ns
MON M01.AR  addr=0x04            t=45745 ns
MON M01.R   data=0x00005042 resp=0 t=45765 ns
MON M01.AR  addr=0x04            t=46215 ns
MON M01.R   data=0x00005042 resp=0 t=46235 ns
MON M01.AR  addr=0x04            t=46685 ns
MON M01.R   data=0x00005042 resp=0 t=46705 ns
MON M01.AR  addr=0x04            t=47155 ns
MON M01.R   data=0x00005042 resp=0 t=47175 ns
MON M01.AR  addr=0x04            t=47625 ns
MON M01.R   data=0x00005042 resp=0 t=47645 ns
MON M01.AR  addr=0x04            t=48095 ns
MON M01.R   data=0x00005042 resp=0 t=48115 ns
MON M01.AR  addr=0x04            t=48565 ns
MON M01.R   data=0x00005042 resp=0 t=48585 ns
MON M01.AR  addr=0x04            t=49035 ns
MON M01.R   data=0x00005042 resp=0 t=49055 ns
MON M01.AR  addr=0x04            t=49505 ns
MON M01.R   data=0x00005042 resp=0 t=49525 ns
MON M01.AR  addr=0x04            t=49975 ns
MON M01.R   data=0x00005042 resp=0 t=49995 ns
MON M01.AR  addr=0x04            t=50445 ns
MON M01.R   data=0x00005042 resp=0 t=50465 ns
MON M01.AR  addr=0x04            t=50915 ns
MON M01.R   data=0x00005042 resp=0 t=50935 ns
MON M01.AR  addr=0x04            t=51385 ns
MON M01.R   data=0x00005042 resp=0 t=51405 ns
MON M01.AR  addr=0x04            t=51855 ns
MON M01.R   data=0x00005042 resp=0 t=51875 ns
MON M01.AR  addr=0x04            t=52325 ns
MON M01.R   data=0x00005042 resp=0 t=52345 ns
MON M01.AR  addr=0x04            t=52795 ns
MON M01.R   data=0x00005042 resp=0 t=52815 ns
MON M01.AR  addr=0x04            t=53265 ns
MON M01.R   data=0x00005042 resp=0 t=53285 ns
MON M01.AR  addr=0x04            t=53735 ns
MON M01.R   data=0x00005042 resp=0 t=53755 ns
MON M01.AR  addr=0x04            t=54205 ns
MON M01.R   data=0x00005042 resp=0 t=54225 ns
MON M01.AR  addr=0x04            t=54675 ns
MON M01.R   data=0x00005042 resp=0 t=54695 ns
MON M01.AR  addr=0x04            t=55145 ns
MON M01.R   data=0x00005042 resp=0 t=55165 ns
MON M01.AR  addr=0x04            t=55615 ns
MON M01.R   data=0x00005042 resp=0 t=55635 ns
MON M01.AR  addr=0x04            t=56085 ns
MON M01.R   data=0x00005042 resp=0 t=56105 ns
MON M01.AR  addr=0x04            t=56555 ns
MON M01.R   data=0x00005042 resp=0 t=56575 ns
MON M01.AR  addr=0x04            t=57025 ns
MON M01.R   data=0x00005042 resp=0 t=57045 ns
MON M01.AR  addr=0x04            t=57495 ns
MON M01.R   data=0x00005042 resp=0 t=57515 ns
MON M01.AR  addr=0x04            t=57965 ns
MON M01.R   data=0x00005042 resp=0 t=57985 ns
MON M01.AR  addr=0x04            t=58435 ns
MON M01.R   data=0x00005042 resp=0 t=58455 ns
MON M01.AR  addr=0x04            t=58905 ns
MON M01.R   data=0x00005042 resp=0 t=58925 ns
MON M01.AR  addr=0x04            t=59375 ns
MON M01.R   data=0x00005042 resp=0 t=59395 ns
MON M01.AR  addr=0x04            t=59845 ns
MON M01.R   data=0x00005042 resp=0 t=59865 ns
MON M01.AR  addr=0x04            t=60315 ns
MON M01.R   data=0x00005042 resp=0 t=60335 ns
MON M01.AR  addr=0x04            t=60785 ns
MON M01.R   data=0x00005042 resp=0 t=60805 ns
MON M01.AR  addr=0x04            t=61255 ns
MON M01.R   data=0x00005042 resp=0 t=61275 ns
MON M01.AR  addr=0x04            t=61725 ns
MON M01.R   data=0x00005042 resp=0 t=61745 ns
MON M01.AR  addr=0x04            t=62195 ns
MON M01.R   data=0x00005042 resp=0 t=62215 ns
MON M01.AR  addr=0x04            t=62665 ns
MON M01.R   data=0x00005042 resp=0 t=62685 ns
MON M01.AR  addr=0x04            t=63135 ns
MON M01.R   data=0x00005042 resp=0 t=63155 ns
MON M01.AR  addr=0x04            t=63605 ns
MON M01.R   data=0x00005042 resp=0 t=63625 ns
MON M01.AR  addr=0x04            t=64075 ns
MON M01.R   data=0x00005042 resp=0 t=64095 ns
MON M01.AR  addr=0x04            t=64545 ns
MON M01.R   data=0x00005042 resp=0 t=64565 ns
MON M01.AR  addr=0x04            t=65015 ns
MON M01.R   data=0x00005042 resp=0 t=65035 ns
MON M01.AR  addr=0x04            t=65485 ns
MON M01.R   data=0x00005042 resp=0 t=65505 ns
MON M01.AR  addr=0x04            t=65955 ns
MON M01.R   data=0x00005042 resp=0 t=65975 ns
MON M01.AR  addr=0x04            t=66425 ns
MON M01.R   data=0x00005042 resp=0 t=66445 ns
MON M01.AR  addr=0x04            t=66895 ns
MON M01.R   data=0x00005042 resp=0 t=66915 ns
MON M01.AR  addr=0x04            t=67365 ns
MON M01.R   data=0x00005042 resp=0 t=67385 ns
MON M01.AR  addr=0x04            t=67835 ns
MON M01.R   data=0x00005042 resp=0 t=67855 ns
MON M01.AR  addr=0x04            t=68305 ns
MON M01.R   data=0x00005042 resp=0 t=68325 ns
MON M01.AR  addr=0x04            t=68775 ns
MON M01.R   data=0x00005042 resp=0 t=68795 ns
MON M01.AR  addr=0x04            t=69245 ns
MON M01.R   data=0x00005042 resp=0 t=69265 ns
MON M01.AR  addr=0x04            t=69715 ns
MON M01.R   data=0x00005042 resp=0 t=69735 ns
MON M01.AR  addr=0x04            t=70185 ns
MON M01.R   data=0x00005042 resp=0 t=70205 ns
MON M01.AR  addr=0x04            t=70655 ns
MON M01.R   data=0x00005042 resp=0 t=70675 ns
MON M01.AR  addr=0x04            t=71125 ns
MON M01.R   data=0x00005042 resp=0 t=71145 ns
MON M01.AR  addr=0x04            t=71595 ns
MON M01.R   data=0x00005042 resp=0 t=71615 ns
MON M01.AR  addr=0x04            t=72065 ns
MON M01.R   data=0x00005042 resp=0 t=72085 ns
MON M01.AR  addr=0x04            t=72535 ns
MON M01.R   data=0x00005042 resp=0 t=72555 ns
MON M01.AR  addr=0x04            t=73005 ns
MON M01.R   data=0x00005042 resp=0 t=73025 ns
MON M01.AR  addr=0x04            t=73475 ns
MON M01.R   data=0x00005042 resp=0 t=73495 ns
MON M01.AR  addr=0x04            t=73945 ns
MON M01.R   data=0x00005042 resp=0 t=73965 ns
MON M01.AR  addr=0x04            t=74415 ns
MON M01.R   data=0x00005042 resp=0 t=74435 ns
MON M01.AR  addr=0x04            t=74885 ns
MON M01.R   data=0x00005042 resp=0 t=74905 ns
MON M01.AR  addr=0x04            t=75355 ns
MON M01.R   data=0x00005042 resp=0 t=75375 ns
MON M01.AR  addr=0x04            t=75825 ns
MON M01.R   data=0x00005042 resp=0 t=75845 ns
MON M01.AR  addr=0x04            t=76295 ns
MON M01.R   data=0x00005042 resp=0 t=76315 ns
MON M01.AR  addr=0x04            t=76765 ns
MON M01.R   data=0x00005042 resp=0 t=76785 ns
MON M01.AR  addr=0x04            t=77235 ns
MON M01.R   data=0x00005042 resp=0 t=77255 ns
MON M01.AR  addr=0x04            t=77705 ns
MON M01.R   data=0x00005042 resp=0 t=77725 ns
MON M01.AR  addr=0x04            t=78175 ns
MON M01.R   data=0x00005042 resp=0 t=78195 ns
MON M01.AR  addr=0x04            t=78645 ns
MON M01.R   data=0x00005042 resp=0 t=78665 ns
MON M01.AR  addr=0x04            t=79115 ns
MON M01.R   data=0x00005042 resp=0 t=79135 ns
MON M01.AR  addr=0x04            t=79585 ns
MON M01.R   data=0x00005042 resp=0 t=79605 ns
MON M01.AR  addr=0x04            t=80055 ns
MON M01.R   data=0x00005042 resp=0 t=80075 ns
MON M01.AR  addr=0x04            t=80525 ns
MON M01.R   data=0x00005042 resp=0 t=80545 ns
MON M01.AR  addr=0x04            t=80995 ns
MON M01.R   data=0x00005042 resp=0 t=81015 ns
MON M01.AR  addr=0x04            t=81465 ns
MON M01.R   data=0x00005042 resp=0 t=81485 ns
MON M01.AR  addr=0x04            t=81935 ns
MON M01.R   data=0x00005042 resp=0 t=81955 ns
MON M01.AR  addr=0x04            t=82405 ns
MON M01.R   data=0x00005042 resp=0 t=82425 ns
MON M01.AR  addr=0x04            t=82875 ns
MON M01.R   data=0x00005042 resp=0 t=82895 ns
MON M01.AR  addr=0x04            t=83345 ns
MON M01.R   data=0x00005042 resp=0 t=83365 ns
MON M01.AR  addr=0x04            t=83815 ns
MON M01.R   data=0x00005042 resp=0 t=83835 ns
MON M01.AR  addr=0x04            t=84285 ns
MON M01.R   data=0x00005042 resp=0 t=84305 ns
MON M01.AR  addr=0x04            t=84755 ns
MON M01.R   data=0x00005042 resp=0 t=84775 ns
MON M01.AR  addr=0x04            t=85225 ns
MON M01.R   data=0x00005042 resp=0 t=85245 ns
MON M01.AR  addr=0x04            t=85695 ns
MON M01.R   data=0x00005042 resp=0 t=85715 ns
MON M01.AR  addr=0x04            t=86165 ns
MON M01.R   data=0x00005042 resp=0 t=86185 ns
MON M01.AR  addr=0x04            t=86635 ns
MON M01.R   data=0x00005042 resp=0 t=86655 ns
MON M01.AR  addr=0x04            t=87105 ns
MON M01.R   data=0x00005042 resp=0 t=87125 ns
MON M01.AR  addr=0x04            t=87575 ns
MON M01.R   data=0x00005042 resp=0 t=87595 ns
MON M01.AR  addr=0x04            t=88045 ns
MON M01.R   data=0x00005042 resp=0 t=88065 ns
MON M01.AR  addr=0x04            t=88515 ns
MON M01.R   data=0x00005042 resp=0 t=88535 ns
MON M01.AR  addr=0x04            t=88985 ns
MON M01.R   data=0x00005042 resp=0 t=89005 ns
MON M01.AR  addr=0x04            t=89455 ns
MON M01.R   data=0x00005042 resp=0 t=89475 ns
MON M01.AR  addr=0x04            t=89925 ns
MON M01.R   data=0x00005042 resp=0 t=89945 ns
MON M01.AR  addr=0x04            t=90395 ns
MON M01.R   data=0x00005042 resp=0 t=90415 ns
MON M01.AR  addr=0x04            t=90865 ns
MON M01.R   data=0x00005042 resp=0 t=90885 ns
MON M01.AR  addr=0x04            t=91335 ns
MON M01.R   data=0x00005042 resp=0 t=91355 ns
MON M01.AR  addr=0x04            t=91805 ns
MON M01.R   data=0x00005042 resp=0 t=91825 ns
MON M01.AR  addr=0x04            t=92275 ns
MON M01.R   data=0x00005042 resp=0 t=92295 ns
MON M01.AR  addr=0x04            t=92745 ns
MON M01.R   data=0x00005042 resp=0 t=92765 ns
MON M01.AR  addr=0x04            t=93215 ns
MON M01.R   data=0x00005042 resp=0 t=93235 ns
MON M01.AR  addr=0x04            t=93685 ns
MON M01.R   data=0x00005042 resp=0 t=93705 ns
MON M01.AR  addr=0x04            t=94155 ns
MON M01.R   data=0x00005042 resp=0 t=94175 ns
MON M01.AR  addr=0x04            t=94625 ns
MON M01.R   data=0x00005042 resp=0 t=94645 ns
MON M01.AR  addr=0x04            t=95095 ns
MON M01.R   data=0x00005042 resp=0 t=95115 ns
MON M01.AR  addr=0x04            t=95565 ns
MON M01.R   data=0x00005042 resp=0 t=95585 ns
MON M01.AR  addr=0x04            t=96035 ns
MON M01.R   data=0x00005042 resp=0 t=96055 ns
MON M01.AR  addr=0x04            t=96505 ns
MON M01.R   data=0x00005042 resp=0 t=96525 ns
MON M01.AR  addr=0x04            t=96975 ns
MON M01.R   data=0x00005042 resp=0 t=96995 ns
MON M01.AR  addr=0x04            t=97445 ns
MON M01.R   data=0x00005042 resp=0 t=97465 ns
MON M01.AR  addr=0x04            t=97915 ns
MON M01.R   data=0x00005042 resp=0 t=97935 ns
MON M01.AR  addr=0x04            t=98385 ns
MON M01.R   data=0x00005042 resp=0 t=98405 ns
MON M01.AR  addr=0x04            t=98855 ns
MON M01.R   data=0x00005042 resp=0 t=98875 ns
MON M01.AR  addr=0x04            t=99325 ns
MON M01.R   data=0x00005042 resp=0 t=99345 ns
MON M01.AR  addr=0x04            t=99795 ns
MON M01.R   data=0x00005042 resp=0 t=99815 ns
MON M01.AR  addr=0x04            t=100265 ns
MON M01.R   data=0x00005042 resp=0 t=100285 ns
MON M01.AR  addr=0x04            t=100735 ns
MON M01.R   data=0x00005042 resp=0 t=100755 ns
MON M01.AR  addr=0x04            t=101205 ns
MON M01.R   data=0x00005042 resp=0 t=101225 ns
MON M01.AR  addr=0x04            t=101675 ns
MON M01.R   data=0x00005042 resp=0 t=101695 ns
MON M01.AR  addr=0x04            t=102145 ns
MON M01.R   data=0x00005042 resp=0 t=102165 ns
MON M01.AR  addr=0x04            t=102615 ns
MON M01.R   data=0x00005042 resp=0 t=102635 ns
MON M01.AR  addr=0x04            t=103085 ns
MON M01.R   data=0x00005042 resp=0 t=103105 ns
MON M01.AR  addr=0x04            t=103555 ns
MON M01.R   data=0x00005042 resp=0 t=103575 ns
MON M01.AR  addr=0x04            t=104025 ns
MON M01.R   data=0x00005042 resp=0 t=104045 ns
MON M01.AR  addr=0x04            t=104495 ns
MON M01.R   data=0x00005042 resp=0 t=104515 ns
MON M01.AR  addr=0x04            t=104965 ns
MON M01.R   data=0x00005042 resp=0 t=104985 ns
MON M01.AR  addr=0x04            t=105435 ns
MON M01.R   data=0x00005042 resp=0 t=105455 ns
MON M01.AR  addr=0x04            t=105905 ns
MON M01.R   data=0x00005042 resp=0 t=105925 ns
MON M01.AR  addr=0x04            t=106375 ns
MON M01.R   data=0x00005042 resp=0 t=106395 ns
MON M01.AR  addr=0x04            t=106845 ns
MON M01.R   data=0x00005042 resp=0 t=106865 ns
MON M01.AR  addr=0x04            t=107315 ns
MON M01.R   data=0x00005042 resp=0 t=107335 ns
MON M01.AR  addr=0x04            t=107785 ns
MON M01.R   data=0x00005042 resp=0 t=107805 ns
MON M01.AR  addr=0x04            t=108255 ns
MON M01.R   data=0x00005042 resp=0 t=108275 ns
MON M01.AR  addr=0x04            t=108725 ns
MON M01.R   data=0x00005042 resp=0 t=108745 ns
MON M01.AR  addr=0x04            t=109195 ns
MON M01.R   data=0x00005042 resp=0 t=109215 ns
MON M01.AR  addr=0x04            t=109665 ns
MON M01.R   data=0x00005042 resp=0 t=109685 ns
MON M01.AR  addr=0x04            t=110135 ns
MON M01.R   data=0x00005042 resp=0 t=110155 ns
MON M01.AR  addr=0x04            t=110605 ns
MON M01.R   data=0x00005042 resp=0 t=110625 ns
MON M01.AR  addr=0x04            t=111075 ns
MON M01.R   data=0x00005042 resp=0 t=111095 ns
MON M01.AR  addr=0x04            t=111545 ns
MON M01.R   data=0x00005042 resp=0 t=111565 ns
MON M01.AR  addr=0x04            t=112015 ns
MON M01.R   data=0x00005042 resp=0 t=112035 ns
MON M01.AR  addr=0x04            t=112485 ns
MON M01.R   data=0x00005042 resp=0 t=112505 ns
MON M01.AR  addr=0x04            t=112955 ns
MON M01.R   data=0x00005042 resp=0 t=112975 ns
MON M01.AR  addr=0x04            t=113425 ns
MON M01.R   data=0x00005042 resp=0 t=113445 ns
MON M01.AR  addr=0x04            t=113895 ns
MON M01.R   data=0x00005042 resp=0 t=113915 ns
MON M01.AR  addr=0x04            t=114365 ns
MON M01.R   data=0x00005042 resp=0 t=114385 ns
MON M01.AR  addr=0x04            t=114835 ns
MON M01.R   data=0x00005042 resp=0 t=114855 ns
MON M01.AR  addr=0x04            t=115305 ns
MON M01.R   data=0x00005042 resp=0 t=115325 ns
MON M01.AR  addr=0x04            t=115775 ns
MON M01.R   data=0x00005042 resp=0 t=115795 ns
MON M01.AR  addr=0x04            t=116245 ns
MON M01.R   data=0x00005042 resp=0 t=116265 ns
MON M01.AR  addr=0x04            t=116715 ns
MON M01.R   data=0x00005042 resp=0 t=116735 ns
MON M01.AR  addr=0x04            t=117185 ns
MON M01.R   data=0x00005042 resp=0 t=117205 ns
MON M01.AR  addr=0x04            t=117655 ns
MON M01.R   data=0x00005042 resp=0 t=117675 ns
MON M01.AR  addr=0x04            t=118125 ns
MON M01.R   data=0x00005042 resp=0 t=118145 ns
MON M01.AR  addr=0x04            t=118595 ns
MON M01.R   data=0x00005042 resp=0 t=118615 ns
MON M01.AR  addr=0x04            t=119065 ns
MON M01.R   data=0x00005042 resp=0 t=119085 ns
MON M01.AR  addr=0x04            t=119535 ns
MON M01.R   data=0x00005042 resp=0 t=119555 ns
MON M01.AR  addr=0x04            t=120005 ns
MON M01.R   data=0x00005042 resp=0 t=120025 ns
MON M01.AR  addr=0x04            t=120475 ns
MON M01.R   data=0x00005042 resp=0 t=120495 ns
MON M01.AR  addr=0x04            t=120945 ns
MON M01.R   data=0x00005042 resp=0 t=120965 ns
MON M01.AR  addr=0x04            t=121415 ns
MON M01.R   data=0x00005042 resp=0 t=121435 ns
MON M01.AR  addr=0x04            t=121885 ns
MON M01.R   data=0x00005042 resp=0 t=121905 ns
MON M01.AR  addr=0x04            t=122355 ns
MON M01.R   data=0x00005042 resp=0 t=122375 ns
MON M01.AR  addr=0x04            t=122825 ns
MON M01.R   data=0x00005042 resp=0 t=122845 ns
MON M01.AR  addr=0x04            t=123295 ns
MON M01.R   data=0x00005042 resp=0 t=123315 ns
MON M01.AR  addr=0x04            t=123765 ns
MON M01.R   data=0x00005042 resp=0 t=123785 ns
MON M01.AR  addr=0x04            t=124235 ns
MON M01.R   data=0x00005042 resp=0 t=124255 ns
MON M01.AR  addr=0x04            t=124705 ns
MON M01.R   data=0x00005042 resp=0 t=124725 ns
MON M01.AR  addr=0x04            t=125175 ns
MON M01.R   data=0x00005042 resp=0 t=125195 ns
MON M01.AR  addr=0x04            t=125645 ns
MON M01.R   data=0x00005042 resp=0 t=125665 ns
MON M01.AR  addr=0x04            t=126115 ns
MON M01.R   data=0x00005042 resp=0 t=126135 ns
MON M01.AR  addr=0x04            t=126585 ns
MON M01.R   data=0x00005042 resp=0 t=126605 ns
MON M01.AR  addr=0x04            t=127055 ns
MON M01.R   data=0x00005042 resp=0 t=127075 ns
MON M01.AR  addr=0x04            t=127525 ns
MON M01.R   data=0x00005042 resp=0 t=127545 ns
MON M01.AR  addr=0x04            t=127995 ns
MON M01.R   data=0x00005042 resp=0 t=128015 ns
MON M01.AR  addr=0x04            t=128465 ns
MON M01.R   data=0x00005042 resp=0 t=128485 ns
MON M01.AR  addr=0x04            t=128935 ns
MON M01.R   data=0x00005042 resp=0 t=128955 ns
MON M01.AR  addr=0x04            t=129405 ns
MON M01.R   data=0x00005042 resp=0 t=129425 ns
MON M01.AR  addr=0x04            t=129875 ns
MON M01.R   data=0x00005042 resp=0 t=129895 ns
MON M01.AR  addr=0x04            t=130345 ns
MON M01.R   data=0x00005042 resp=0 t=130365 ns
MON M01.AR  addr=0x04            t=130815 ns
MON M01.R   data=0x00005042 resp=0 t=130835 ns
MON M01.AR  addr=0x04            t=131285 ns
MON M01.R   data=0x00005042 resp=0 t=131305 ns
MON M01.AR  addr=0x04            t=131755 ns
MON M01.R   data=0x00005042 resp=0 t=131775 ns
MON M01.AR  addr=0x04            t=132225 ns
MON M01.R   data=0x00005042 resp=0 t=132245 ns
MON M01.AR  addr=0x04            t=132695 ns
MON M01.R   data=0x00005042 resp=0 t=132715 ns
MON M01.AR  addr=0x04            t=133165 ns
MON M01.R   data=0x00005042 resp=0 t=133185 ns
MON M01.AR  addr=0x04            t=133635 ns
MON M01.R   data=0x00005042 resp=0 t=133655 ns
MON M01.AR  addr=0x04            t=134105 ns
MON M01.R   data=0x00005042 resp=0 t=134125 ns
MON M01.AR  addr=0x04            t=134575 ns
MON M01.R   data=0x00005042 resp=0 t=134595 ns
MON M01.AR  addr=0x04            t=135045 ns
MON M01.R   data=0x00005042 resp=0 t=135065 ns
MON M01.AR  addr=0x04            t=135515 ns
MON M01.R   data=0x00005042 resp=0 t=135535 ns
MON M01.AR  addr=0x04            t=135985 ns
MON M01.R   data=0x00005042 resp=0 t=136005 ns
MON M01.AR  addr=0x04            t=136455 ns
MON M01.R   data=0x00005042 resp=0 t=136475 ns
MON M01.AR  addr=0x04            t=136925 ns
MON M01.R   data=0x00005042 resp=0 t=136945 ns
MON M01.AR  addr=0x04            t=137395 ns
MON M01.R   data=0x00005042 resp=0 t=137415 ns
MON M01.AR  addr=0x04            t=137865 ns
MON M01.R   data=0x00005042 resp=0 t=137885 ns
MON M01.AR  addr=0x04            t=138335 ns
MON M01.R   data=0x00005042 resp=0 t=138355 ns
MON M01.AR  addr=0x04            t=138805 ns
MON M01.R   data=0x00005042 resp=0 t=138825 ns
MON M01.AR  addr=0x04            t=139275 ns
MON M01.R   data=0x00005042 resp=0 t=139295 ns
MON M01.AR  addr=0x04            t=139745 ns
MON M01.R   data=0x00005042 resp=0 t=139765 ns
MON M01.AR  addr=0x04            t=140215 ns
MON M01.R   data=0x00005042 resp=0 t=140235 ns
MON M01.AR  addr=0x04            t=140685 ns
MON M01.R   data=0x00005042 resp=0 t=140705 ns
MON M01.AR  addr=0x04            t=141155 ns
MON M01.R   data=0x00005042 resp=0 t=141175 ns
MON M01.AR  addr=0x04            t=141625 ns
MON M01.R   data=0x00005042 resp=0 t=141645 ns
MON M01.AR  addr=0x04            t=142095 ns
MON M01.R   data=0x00005042 resp=0 t=142115 ns
MON M01.AR  addr=0x04            t=142565 ns
MON M01.R   data=0x00005042 resp=0 t=142585 ns
MON M01.AR  addr=0x04            t=143035 ns
MON M01.R   data=0x00005042 resp=0 t=143055 ns
MON M01.AR  addr=0x04            t=143505 ns
MON M01.R   data=0x00005042 resp=0 t=143525 ns
MON M01.AR  addr=0x04            t=143975 ns
MON M01.R   data=0x00005042 resp=0 t=143995 ns
MON M01.AR  addr=0x04            t=144445 ns
MON M01.R   data=0x00005042 resp=0 t=144465 ns
MON M01.AR  addr=0x04            t=144915 ns
MON M01.R   data=0x00005042 resp=0 t=144935 ns
MON M01.AR  addr=0x04            t=145385 ns
MON M01.R   data=0x00005042 resp=0 t=145405 ns
MON M01.AR  addr=0x04            t=145855 ns
MON M01.R   data=0x00005042 resp=0 t=145875 ns
MON M01.AR  addr=0x04            t=146325 ns
MON M01.R   data=0x00005042 resp=0 t=146345 ns
MON M01.AR  addr=0x04            t=146795 ns
MON M01.R   data=0x00005042 resp=0 t=146815 ns
MON M01.AR  addr=0x04            t=147265 ns
MON M01.R   data=0x00005042 resp=0 t=147285 ns
MON M01.AR  addr=0x04            t=147735 ns
MON M01.R   data=0x00005042 resp=0 t=147755 ns
MON M01.AR  addr=0x04            t=148205 ns
MON M01.R   data=0x00005042 resp=0 t=148225 ns
MON M01.AR  addr=0x04            t=148675 ns
MON M01.R   data=0x00005042 resp=0 t=148695 ns
MON M01.AR  addr=0x04            t=149145 ns
MON M01.R   data=0x00005042 resp=0 t=149165 ns
MON M01.AR  addr=0x04            t=149615 ns
MON M01.R   data=0x00005042 resp=0 t=149635 ns
MON M01.AR  addr=0x04            t=150085 ns
MON M01.R   data=0x00005042 resp=0 t=150105 ns
MON M01.AR  addr=0x04            t=150555 ns
MON M01.R   data=0x00005042 resp=0 t=150575 ns
MON M01.AR  addr=0x04            t=151025 ns
MON M01.R   data=0x00005042 resp=0 t=151045 ns
MON M01.AR  addr=0x04            t=151495 ns
MON M01.R   data=0x00005042 resp=0 t=151515 ns
MON M01.AR  addr=0x04            t=151965 ns
MON M01.R   data=0x00005042 resp=0 t=151985 ns
MON M01.AR  addr=0x04            t=152435 ns
MON M01.R   data=0x00005042 resp=0 t=152455 ns
MON M01.AR  addr=0x04            t=152905 ns
MON M01.R   data=0x00005042 resp=0 t=152925 ns
MON M01.AR  addr=0x04            t=153375 ns
MON M01.R   data=0x00005042 resp=0 t=153395 ns
MON M01.AR  addr=0x04            t=153845 ns
MON M01.R   data=0x00005042 resp=0 t=153865 ns
MON M01.AR  addr=0x04            t=154315 ns
MON M01.R   data=0x00005042 resp=0 t=154335 ns
MON M01.AR  addr=0x04            t=154785 ns
MON M01.R   data=0x00005042 resp=0 t=154805 ns
MON M01.AR  addr=0x04            t=155255 ns
MON M01.R   data=0x00005042 resp=0 t=155275 ns
MON M01.AR  addr=0x04            t=155725 ns
MON M01.R   data=0x00005042 resp=0 t=155745 ns
MON M01.AR  addr=0x04            t=156195 ns
MON M01.R   data=0x00005042 resp=0 t=156215 ns
MON M01.AR  addr=0x04            t=156665 ns
MON M01.R   data=0x00005042 resp=0 t=156685 ns
MON M01.AR  addr=0x04            t=157135 ns
MON M01.R   data=0x00005042 resp=0 t=157155 ns
MON M01.AR  addr=0x04            t=157605 ns
MON M01.R   data=0x00005042 resp=0 t=157625 ns
MON M01.AR  addr=0x04            t=158075 ns
MON M01.R   data=0x00005042 resp=0 t=158095 ns
MON M01.AR  addr=0x04            t=158545 ns
MON M01.R   data=0x00005042 resp=0 t=158565 ns
MON M01.AR  addr=0x04            t=159015 ns
MON M01.R   data=0x00005042 resp=0 t=159035 ns
MON M01.AR  addr=0x04            t=159485 ns
MON M01.R   data=0x00005042 resp=0 t=159505 ns
MON M01.AR  addr=0x04            t=159955 ns
MON M01.R   data=0x00005042 resp=0 t=159975 ns
MON M01.AR  addr=0x04            t=160425 ns
MON M01.R   data=0x00005042 resp=0 t=160445 ns
MON M01.AR  addr=0x04            t=160895 ns
MON M01.R   data=0x00005042 resp=0 t=160915 ns
MON M01.AR  addr=0x04            t=161365 ns
MON M01.R   data=0x00005042 resp=0 t=161385 ns
MON M01.AR  addr=0x04            t=161835 ns
MON M01.R   data=0x00005042 resp=0 t=161855 ns
MON M01.AR  addr=0x04            t=162305 ns
MON M01.R   data=0x00005042 resp=0 t=162325 ns
MON M01.AR  addr=0x04            t=162775 ns
MON M01.R   data=0x00005042 resp=0 t=162795 ns
MON M01.AR  addr=0x04            t=163245 ns
MON M01.R   data=0x00005042 resp=0 t=163265 ns
MON M01.AR  addr=0x04            t=163715 ns
MON M01.R   data=0x00005042 resp=0 t=163735 ns
MON M01.AR  addr=0x04            t=164185 ns
MON M01.R   data=0x00005042 resp=0 t=164205 ns
MON M01.AR  addr=0x04            t=164655 ns
MON M01.R   data=0x00005042 resp=0 t=164675 ns
MON M01.AR  addr=0x04            t=165125 ns
MON M01.R   data=0x00005042 resp=0 t=165145 ns
MON M01.AR  addr=0x04            t=165595 ns
MON M01.R   data=0x00005042 resp=0 t=165615 ns
MON M01.AR  addr=0x04            t=166065 ns
MON M01.R   data=0x00005042 resp=0 t=166085 ns
MON M01.AR  addr=0x04            t=166535 ns
MON M01.R   data=0x00005042 resp=0 t=166555 ns
MON M01.AR  addr=0x04            t=167005 ns
MON M01.R   data=0x00005042 resp=0 t=167025 ns
MON M01.AR  addr=0x04            t=167475 ns
MON M01.R   data=0x00005042 resp=0 t=167495 ns
MON M01.AR  addr=0x04            t=167945 ns
MON M01.R   data=0x00005042 resp=0 t=167965 ns
MON M01.AR  addr=0x04            t=168415 ns
MON M01.R   data=0x00005042 resp=0 t=168435 ns
MON M01.AR  addr=0x04            t=168885 ns
MON M01.R   data=0x00005042 resp=0 t=168905 ns
MON M01.AR  addr=0x04            t=169355 ns
MON M01.R   data=0x00005042 resp=0 t=169375 ns
MON M01.AR  addr=0x04            t=169825 ns
MON M01.R   data=0x00005042 resp=0 t=169845 ns
MON M01.AR  addr=0x04            t=170295 ns
MON M01.R   data=0x00005042 resp=0 t=170315 ns
MON M01.AR  addr=0x04            t=170765 ns
MON M01.R   data=0x00005042 resp=0 t=170785 ns
MON M01.AR  addr=0x04            t=171235 ns
MON M01.R   data=0x00005042 resp=0 t=171255 ns
MON M01.AR  addr=0x04            t=171705 ns
MON M01.R   data=0x00005042 resp=0 t=171725 ns
MON M01.AR  addr=0x04            t=172175 ns
MON M01.R   data=0x00005042 resp=0 t=172195 ns
MON M01.AR  addr=0x04            t=172645 ns
MON M01.R   data=0x00005042 resp=0 t=172665 ns
MON M01.AR  addr=0x04            t=173115 ns
MON M01.R   data=0x00005042 resp=0 t=173135 ns
MON M01.AR  addr=0x04            t=173585 ns
MON M01.R   data=0x00005042 resp=0 t=173605 ns
MON M01.AR  addr=0x04            t=174055 ns
MON M01.R   data=0x00005042 resp=0 t=174075 ns
MON M01.AR  addr=0x04            t=174525 ns
MON M01.R   data=0x00005042 resp=0 t=174545 ns
MON M01.AR  addr=0x04            t=174995 ns
MON M01.R   data=0x00005042 resp=0 t=175015 ns
MON M01.AR  addr=0x04            t=175465 ns
MON M01.R   data=0x00005042 resp=0 t=175485 ns
MON M01.AR  addr=0x04            t=175935 ns
MON M01.R   data=0x00005042 resp=0 t=175955 ns
MON M01.AR  addr=0x04            t=176405 ns
MON M01.R   data=0x00005042 resp=0 t=176425 ns
MON M01.AR  addr=0x04            t=176875 ns
MON M01.R   data=0x00005042 resp=0 t=176895 ns
MON M01.AR  addr=0x04            t=177345 ns
MON M01.R   data=0x00005042 resp=0 t=177365 ns
MON M01.AR  addr=0x04            t=177815 ns
MON M01.R   data=0x00005042 resp=0 t=177835 ns
MON M01.AR  addr=0x04            t=178285 ns
MON M01.R   data=0x00005042 resp=0 t=178305 ns
MON M01.AR  addr=0x04            t=178755 ns
MON M01.R   data=0x00005042 resp=0 t=178775 ns
MON M01.AR  addr=0x04            t=179225 ns
MON M01.R   data=0x00005042 resp=0 t=179245 ns
MON M01.AR  addr=0x04            t=179695 ns
MON M01.R   data=0x00005042 resp=0 t=179715 ns
MON M01.AR  addr=0x04            t=180165 ns
MON M01.R   data=0x00005042 resp=0 t=180185 ns
MON M01.AR  addr=0x04            t=180635 ns
MON M01.R   data=0x00005042 resp=0 t=180655 ns
MON M01.AR  addr=0x04            t=181105 ns
MON M01.R   data=0x00005042 resp=0 t=181125 ns
MON M01.AR  addr=0x04            t=181575 ns
MON M01.R   data=0x00005042 resp=0 t=181595 ns
MON M01.AR  addr=0x04            t=182045 ns
MON M01.R   data=0x00005042 resp=0 t=182065 ns
MON M01.AR  addr=0x04            t=182515 ns
MON M01.R   data=0x00005042 resp=0 t=182535 ns
MON M01.AR  addr=0x04            t=182985 ns
MON M01.R   data=0x00005042 resp=0 t=183005 ns
MON M01.AR  addr=0x04            t=183455 ns
MON M01.R   data=0x00005042 resp=0 t=183475 ns
MON M01.AR  addr=0x04            t=183925 ns
MON M01.R   data=0x00005042 resp=0 t=183945 ns
MON M01.AR  addr=0x04            t=184395 ns
MON M01.R   data=0x00005042 resp=0 t=184415 ns
MON M01.AR  addr=0x04            t=184865 ns
MON M01.R   data=0x00005042 resp=0 t=184885 ns
MON M01.AR  addr=0x04            t=185335 ns
MON M01.R   data=0x00005042 resp=0 t=185355 ns
MON M01.AR  addr=0x04            t=185805 ns
MON M01.R   data=0x00005042 resp=0 t=185825 ns
MON M01.AR  addr=0x04            t=186275 ns
MON M01.R   data=0x00005042 resp=0 t=186295 ns
MON M01.AR  addr=0x04            t=186745 ns
MON M01.R   data=0x00005042 resp=0 t=186765 ns
MON M01.AR  addr=0x04            t=187215 ns
MON M01.R   data=0x00005042 resp=0 t=187235 ns
MON M01.AR  addr=0x04            t=187685 ns
MON M01.R   data=0x00005042 resp=0 t=187705 ns
MON M01.AR  addr=0x04            t=188155 ns
MON M01.R   data=0x00005042 resp=0 t=188175 ns
MON M01.AR  addr=0x04            t=188625 ns
MON M01.R   data=0x00005042 resp=0 t=188645 ns
MON M01.AR  addr=0x04            t=189095 ns
MON M01.R   data=0x00005042 resp=0 t=189115 ns
MON M01.AR  addr=0x04            t=189565 ns
MON M01.R   data=0x00005042 resp=0 t=189585 ns
MON M01.AR  addr=0x04            t=190035 ns
MON M01.R   data=0x00005042 resp=0 t=190055 ns
MON M01.AR  addr=0x04            t=190505 ns
MON M01.R   data=0x00005042 resp=0 t=190525 ns
MON M01.AR  addr=0x04            t=190975 ns
MON M01.R   data=0x00005042 resp=0 t=190995 ns
MON M01.AR  addr=0x04            t=191445 ns
MON M01.R   data=0x00005042 resp=0 t=191465 ns
MON M01.AR  addr=0x04            t=191915 ns
MON M01.R   data=0x00005042 resp=0 t=191935 ns
MON M01.AR  addr=0x04            t=192385 ns
MON M01.R   data=0x00005042 resp=0 t=192405 ns
MON M01.AR  addr=0x04            t=192855 ns
MON M01.R   data=0x00005042 resp=0 t=192875 ns
MON M01.AR  addr=0x04            t=193325 ns
MON M01.R   data=0x00005042 resp=0 t=193345 ns
MON M01.AR  addr=0x04            t=193795 ns
MON M01.R   data=0x00005042 resp=0 t=193815 ns
MON M01.AR  addr=0x04            t=194265 ns
MON M01.R   data=0x00005042 resp=0 t=194285 ns
MON M01.AR  addr=0x04            t=194735 ns
MON M01.R   data=0x00005042 resp=0 t=194755 ns
MON M01.AR  addr=0x04            t=195205 ns
MON M01.R   data=0x00005042 resp=0 t=195225 ns
MON M01.AR  addr=0x04            t=195675 ns
MON M01.R   data=0x00005042 resp=0 t=195695 ns
MON M01.AR  addr=0x04            t=196145 ns
MON M01.R   data=0x00005042 resp=0 t=196165 ns
MON M01.AR  addr=0x04            t=196615 ns
MON M01.R   data=0x00005042 resp=0 t=196635 ns
MON M01.AR  addr=0x04            t=197085 ns
MON M01.R   data=0x00005042 resp=0 t=197105 ns
MON M01.AR  addr=0x04            t=197555 ns
MON M01.R   data=0x00005042 resp=0 t=197575 ns
MON M01.AR  addr=0x04            t=198025 ns
MON M01.R   data=0x00005042 resp=0 t=198045 ns
MON M01.AR  addr=0x04            t=198495 ns
MON M01.R   data=0x00005042 resp=0 t=198515 ns
MON M01.AR  addr=0x04            t=198965 ns
MON M01.R   data=0x00005042 resp=0 t=198985 ns
MON M01.AR  addr=0x04            t=199435 ns
MON M01.R   data=0x00005042 resp=0 t=199455 ns
MON M01.AR  addr=0x04            t=199905 ns
MON M01.R   data=0x00005042 resp=0 t=199925 ns
MON M01.AR  addr=0x04            t=200375 ns
MON M01.R   data=0x00005042 resp=0 t=200395 ns
MON M01.AR  addr=0x04            t=200845 ns
MON M01.R   data=0x00005042 resp=0 t=200865 ns
MON M01.AR  addr=0x04            t=201315 ns
MON M01.R   data=0x00005042 resp=0 t=201335 ns
MON M01.AR  addr=0x04            t=201785 ns
MON M01.R   data=0x00005042 resp=0 t=201805 ns
MON M01.AR  addr=0x04            t=202255 ns
MON M01.R   data=0x00005042 resp=0 t=202275 ns
MON M01.AR  addr=0x04            t=202725 ns
MON M01.R   data=0x00005042 resp=0 t=202745 ns
MON M01.AR  addr=0x04            t=203195 ns
MON M01.R   data=0x00005042 resp=0 t=203215 ns
MON M01.AR  addr=0x04            t=203665 ns
MON M01.R   data=0x00005042 resp=0 t=203685 ns
MON M01.AR  addr=0x04            t=204135 ns
MON M01.R   data=0x00005042 resp=0 t=204155 ns
MON M01.AR  addr=0x04            t=204605 ns
MON M01.R   data=0x00005042 resp=0 t=204625 ns
MON M01.AR  addr=0x04            t=205075 ns
MON M01.R   data=0x00005042 resp=0 t=205095 ns
MON M01.AR  addr=0x04            t=205545 ns
MON M01.R   data=0x00005042 resp=0 t=205565 ns
MON M01.AR  addr=0x04            t=206015 ns
MON M01.R   data=0x00005042 resp=0 t=206035 ns
MON M01.AR  addr=0x04            t=206485 ns
MON M01.R   data=0x00005042 resp=0 t=206505 ns
MON M01.AR  addr=0x04            t=206955 ns
MON M01.R   data=0x00005042 resp=0 t=206975 ns
MON M01.AR  addr=0x04            t=207425 ns
MON M01.R   data=0x00005042 resp=0 t=207445 ns
MON M01.AR  addr=0x04            t=207895 ns
MON M01.R   data=0x00005042 resp=0 t=207915 ns
MON M01.AR  addr=0x04            t=208365 ns
MON M01.R   data=0x00005042 resp=0 t=208385 ns
MON M01.AR  addr=0x04            t=208835 ns
MON M01.R   data=0x00005042 resp=0 t=208855 ns
MON M01.AR  addr=0x04            t=209305 ns
MON M01.R   data=0x00005042 resp=0 t=209325 ns
MON M01.AR  addr=0x04            t=209775 ns
MON M01.R   data=0x00005042 resp=0 t=209795 ns
MON M01.AR  addr=0x04            t=210245 ns
MON M01.R   data=0x00005042 resp=0 t=210265 ns
MON M01.AR  addr=0x04            t=210715 ns
MON M01.R   data=0x00005042 resp=0 t=210735 ns
MON M01.AR  addr=0x04            t=211185 ns
MON M01.R   data=0x00005042 resp=0 t=211205 ns
MON M01.AR  addr=0x04            t=211655 ns
MON M01.R   data=0x00005042 resp=0 t=211675 ns
MON M01.AR  addr=0x04            t=212125 ns
MON M01.R   data=0x00005042 resp=0 t=212145 ns
MON M01.AR  addr=0x04            t=212595 ns
MON M01.R   data=0x00005042 resp=0 t=212615 ns
MON M01.AR  addr=0x04            t=213065 ns
MON M01.R   data=0x00005042 resp=0 t=213085 ns
MON M01.AR  addr=0x04            t=213535 ns
MON M01.R   data=0x00005042 resp=0 t=213555 ns
MON M01.AR  addr=0x04            t=214005 ns
MON M01.R   data=0x00005042 resp=0 t=214025 ns
MON M01.AR  addr=0x04            t=214475 ns
MON M01.R   data=0x00005042 resp=0 t=214495 ns
MON M01.AR  addr=0x04            t=214945 ns
MON M01.R   data=0x00005042 resp=0 t=214965 ns
MON M01.AR  addr=0x04            t=215415 ns
MON M01.R   data=0x00005042 resp=0 t=215435 ns
MON M01.AR  addr=0x04            t=215885 ns
MON M01.R   data=0x00005042 resp=0 t=215905 ns
MON M01.AR  addr=0x04            t=216355 ns
MON M01.R   data=0x00005042 resp=0 t=216375 ns
MON M01.AR  addr=0x04            t=216825 ns
MON M01.R   data=0x00005042 resp=0 t=216845 ns
MON M01.AR  addr=0x04            t=217295 ns
MON M01.R   data=0x00005042 resp=0 t=217315 ns
MON M01.AR  addr=0x04            t=217765 ns
MON M01.R   data=0x00005042 resp=0 t=217785 ns
MON M01.AR  addr=0x04            t=218235 ns
MON M01.R   data=0x00005042 resp=0 t=218255 ns
MON M01.AR  addr=0x04            t=218705 ns
MON M01.R   data=0x00005042 resp=0 t=218725 ns
MON M01.AR  addr=0x04            t=219175 ns
MON M01.R   data=0x00005042 resp=0 t=219195 ns
MON M01.AR  addr=0x04            t=219645 ns
MON M01.R   data=0x00005042 resp=0 t=219665 ns
MON M01.AR  addr=0x04            t=220115 ns
MON M01.R   data=0x00005042 resp=0 t=220135 ns
MON M01.AR  addr=0x04            t=220585 ns
MON M01.R   data=0x00005042 resp=0 t=220605 ns
MON M01.AR  addr=0x04            t=221055 ns
MON M01.R   data=0x00005042 resp=0 t=221075 ns
MON M01.AR  addr=0x04            t=221525 ns
MON M01.R   data=0x00005042 resp=0 t=221545 ns
MON M01.AR  addr=0x04            t=221995 ns
MON M01.R   data=0x00005042 resp=0 t=222015 ns
MON M01.AR  addr=0x04            t=222465 ns
MON M01.R   data=0x00005042 resp=0 t=222485 ns
MON M01.AR  addr=0x04            t=222935 ns
MON M01.R   data=0x00005042 resp=0 t=222955 ns
MON M01.AR  addr=0x04            t=223405 ns
MON M01.R   data=0x00005042 resp=0 t=223425 ns
MON M01.AR  addr=0x04            t=223875 ns
MON M01.R   data=0x00005042 resp=0 t=223895 ns
MON M01.AR  addr=0x04            t=224345 ns
MON M01.R   data=0x00005042 resp=0 t=224365 ns
MON M01.AR  addr=0x04            t=224815 ns
MON M01.R   data=0x00005042 resp=0 t=224835 ns
MON M01.AR  addr=0x04            t=225285 ns
MON M01.R   data=0x00005042 resp=0 t=225305 ns
MON M01.AR  addr=0x04            t=225755 ns
MON M01.R   data=0x00005042 resp=0 t=225775 ns
MON M01.AR  addr=0x04            t=226225 ns
MON M01.R   data=0x00005042 resp=0 t=226245 ns
MON M01.AR  addr=0x04            t=226695 ns
MON M01.R   data=0x00005042 resp=0 t=226715 ns
MON M01.AR  addr=0x04            t=227165 ns
MON M01.R   data=0x00005042 resp=0 t=227185 ns
MON M01.AR  addr=0x04            t=227635 ns
MON M01.R   data=0x00005042 resp=0 t=227655 ns
MON M01.AR  addr=0x04            t=228105 ns
MON M01.R   data=0x00005042 resp=0 t=228125 ns
MON M01.AR  addr=0x04            t=228575 ns
MON M01.R   data=0x00005042 resp=0 t=228595 ns
MON M01.AR  addr=0x04            t=229045 ns
MON M01.R   data=0x00005042 resp=0 t=229065 ns
MON M01.AR  addr=0x04            t=229515 ns
MON M01.R   data=0x00005042 resp=0 t=229535 ns
MON M01.AR  addr=0x04            t=229985 ns
MON M01.R   data=0x00005042 resp=0 t=230005 ns
MON M01.AR  addr=0x04            t=230455 ns
MON M01.R   data=0x00005042 resp=0 t=230475 ns
MON M01.AR  addr=0x04            t=230925 ns
MON M01.R   data=0x00005042 resp=0 t=230945 ns
MON M01.AR  addr=0x04            t=231395 ns
MON M01.R   data=0x00005042 resp=0 t=231415 ns
MON M01.AR  addr=0x04            t=231865 ns
MON M01.R   data=0x00005042 resp=0 t=231885 ns
MON M01.AR  addr=0x04            t=232335 ns
MON M01.R   data=0x00005042 resp=0 t=232355 ns
MON M01.AR  addr=0x04            t=232805 ns
MON M01.R   data=0x00005042 resp=0 t=232825 ns
MON M01.AR  addr=0x04            t=233275 ns
MON M01.R   data=0x00005042 resp=0 t=233295 ns
MON M01.AR  addr=0x04            t=233745 ns
MON M01.R   data=0x00005042 resp=0 t=233765 ns
MON M01.AR  addr=0x04            t=234215 ns
MON M01.R   data=0x00005042 resp=0 t=234235 ns
MON M01.AR  addr=0x04            t=234685 ns
MON M01.R   data=0x00005042 resp=0 t=234705 ns
MON M01.AR  addr=0x04            t=235155 ns
MON M01.R   data=0x00005042 resp=0 t=235175 ns
MON M01.AR  addr=0x04            t=235625 ns
MON M01.R   data=0x00005042 resp=0 t=235645 ns
MON M01.AR  addr=0x04            t=236095 ns
MON M01.R   data=0x00005042 resp=0 t=236115 ns
MON M01.AR  addr=0x04            t=236565 ns
MON M01.R   data=0x00005042 resp=0 t=236585 ns
MON M01.AR  addr=0x04            t=237035 ns
MON M01.R   data=0x00005042 resp=0 t=237055 ns
MON M01.AR  addr=0x04            t=237505 ns
MON M01.R   data=0x00005042 resp=0 t=237525 ns
MON M01.AR  addr=0x04            t=237975 ns
MON M01.R   data=0x00005042 resp=0 t=237995 ns
MON M01.AR  addr=0x04            t=238445 ns
MON M01.R   data=0x00005042 resp=0 t=238465 ns
MON M01.AR  addr=0x04            t=238915 ns
MON M01.R   data=0x00005042 resp=0 t=238935 ns
MON M01.AR  addr=0x04            t=239385 ns
MON M01.R   data=0x00005042 resp=0 t=239405 ns
MON M01.AR  addr=0x04            t=239855 ns
MON M01.R   data=0x00005042 resp=0 t=239875 ns
MON M01.AR  addr=0x04            t=240325 ns
MON M01.R   data=0x00005042 resp=0 t=240345 ns
MON M01.AR  addr=0x04            t=240795 ns
MON M01.R   data=0x00005042 resp=0 t=240815 ns
MON M01.AR  addr=0x04            t=241265 ns
MON M01.R   data=0x00005042 resp=0 t=241285 ns
MON M01.AR  addr=0x04            t=241735 ns
MON M01.R   data=0x00005042 resp=0 t=241755 ns
MON M01.AR  addr=0x04            t=242205 ns
MON M01.R   data=0x00005042 resp=0 t=242225 ns
MON M01.AR  addr=0x04            t=242675 ns
MON M01.R   data=0x00005042 resp=0 t=242695 ns
MON M01.AR  addr=0x04            t=243145 ns
MON M01.R   data=0x00005042 resp=0 t=243165 ns
MON M01.AR  addr=0x04            t=243615 ns
MON M01.R   data=0x00005042 resp=0 t=243635 ns
MON M01.AR  addr=0x04            t=244085 ns
MON M01.R   data=0x00005042 resp=0 t=244105 ns
MON M01.AR  addr=0x04            t=244555 ns
MON M01.R   data=0x00005042 resp=0 t=244575 ns
MON M01.AR  addr=0x04            t=245025 ns
MON M01.R   data=0x00005042 resp=0 t=245045 ns
MON M01.AR  addr=0x04            t=245495 ns
MON M01.R   data=0x00005042 resp=0 t=245515 ns
MON M01.AR  addr=0x04            t=245965 ns
MON M01.R   data=0x00005042 resp=0 t=245985 ns
MON M01.AR  addr=0x04            t=246435 ns
MON M01.R   data=0x00005042 resp=0 t=246455 ns
MON M01.AR  addr=0x04            t=246905 ns
MON M01.R   data=0x00005042 resp=0 t=246925 ns
MON M01.AR  addr=0x04            t=247375 ns
MON M01.R   data=0x00005042 resp=0 t=247395 ns
MON M01.AR  addr=0x04            t=247845 ns
MON M01.R   data=0x00005042 resp=0 t=247865 ns
MON M01.AR  addr=0x04            t=248315 ns
MON M01.R   data=0x00005042 resp=0 t=248335 ns
MON M01.AR  addr=0x04            t=248785 ns
MON M01.R   data=0x00005042 resp=0 t=248805 ns
MON M01.AR  addr=0x04            t=249255 ns
MON M01.R   data=0x00005042 resp=0 t=249275 ns
MON M01.AR  addr=0x04            t=249725 ns
MON M01.R   data=0x00005042 resp=0 t=249745 ns
MON M01.AR  addr=0x04            t=250195 ns
MON M01.R   data=0x00005042 resp=0 t=250215 ns
MON M01.AR  addr=0x04            t=250665 ns
MON M01.R   data=0x00005042 resp=0 t=250685 ns
MON M01.AR  addr=0x04            t=251135 ns
MON M01.R   data=0x00005042 resp=0 t=251155 ns
MON M01.AR  addr=0x04            t=251605 ns
MON M01.R   data=0x00005042 resp=0 t=251625 ns
MON M01.AR  addr=0x04            t=252075 ns
MON M01.R   data=0x00005042 resp=0 t=252095 ns
MON M01.AR  addr=0x04            t=252545 ns
MON M01.R   data=0x00005042 resp=0 t=252565 ns
MON M01.AR  addr=0x04            t=253015 ns
MON M01.R   data=0x00005042 resp=0 t=253035 ns
MON M01.AR  addr=0x04            t=253485 ns
MON M01.R   data=0x00005042 resp=0 t=253505 ns
MON M01.AR  addr=0x04            t=253955 ns
MON M01.R   data=0x00005042 resp=0 t=253975 ns
MON M01.AR  addr=0x04            t=254425 ns
MON M01.R   data=0x00005042 resp=0 t=254445 ns
MON M01.AR  addr=0x04            t=254895 ns
MON M01.R   data=0x00005042 resp=0 t=254915 ns
MON M01.AR  addr=0x04            t=255365 ns
MON M01.R   data=0x00005042 resp=0 t=255385 ns
MON M01.AR  addr=0x04            t=255835 ns
MON M01.R   data=0x00005042 resp=0 t=255855 ns
MON M01.AR  addr=0x04            t=256305 ns
MON M01.R   data=0x00005042 resp=0 t=256325 ns
MON M01.AR  addr=0x04            t=256775 ns
MON M01.R   data=0x00005042 resp=0 t=256795 ns
MON M01.AR  addr=0x04            t=257245 ns
MON M01.R   data=0x00005042 resp=0 t=257265 ns
MON M01.AR  addr=0x04            t=257715 ns
MON M01.R   data=0x00005042 resp=0 t=257735 ns
MON M01.AR  addr=0x04            t=258185 ns
MON M01.R   data=0x00005042 resp=0 t=258205 ns
MON M01.AR  addr=0x04            t=258655 ns
MON M01.R   data=0x00005042 resp=0 t=258675 ns
MON M01.AR  addr=0x04            t=259125 ns
MON M01.R   data=0x00005042 resp=0 t=259145 ns
MON M01.AR  addr=0x04            t=259595 ns
MON M01.R   data=0x00005042 resp=0 t=259615 ns
MON M01.AR  addr=0x04            t=260065 ns
MON M01.R   data=0x00005042 resp=0 t=260085 ns
MON M01.AR  addr=0x04            t=260535 ns
MON M01.R   data=0x00005042 resp=0 t=260555 ns
MON M01.AR  addr=0x04            t=261005 ns
MON M01.R   data=0x00005042 resp=0 t=261025 ns
MON M01.AR  addr=0x04            t=261475 ns
MON M01.R   data=0x00005042 resp=0 t=261495 ns
MON M01.AR  addr=0x04            t=261945 ns
MON M01.R   data=0x00005042 resp=0 t=261965 ns
MON M01.AR  addr=0x04            t=262415 ns
MON M01.R   data=0x00005042 resp=0 t=262435 ns
MON M01.AR  addr=0x04            t=262885 ns
MON M01.R   data=0x00005042 resp=0 t=262905 ns
MON M01.AR  addr=0x04            t=263355 ns
MON M01.R   data=0x00005042 resp=0 t=263375 ns
MON M01.AR  addr=0x04            t=263825 ns
MON M01.R   data=0x00005042 resp=0 t=263845 ns
MON M01.AR  addr=0x04            t=264295 ns
MON M01.R   data=0x00005042 resp=0 t=264315 ns
MON M01.AR  addr=0x04            t=264765 ns
MON M01.R   data=0x00005042 resp=0 t=264785 ns
MON M01.AR  addr=0x04            t=265235 ns
MON M01.R   data=0x00005042 resp=0 t=265255 ns
MON M01.AR  addr=0x04            t=265705 ns
MON M01.R   data=0x00005042 resp=0 t=265725 ns
MON M01.AR  addr=0x04            t=266175 ns
MON M01.R   data=0x00005042 resp=0 t=266195 ns
MON M01.AR  addr=0x04            t=266645 ns
MON M01.R   data=0x00005042 resp=0 t=266665 ns
MON M01.AR  addr=0x04            t=267115 ns
MON M01.R   data=0x00005042 resp=0 t=267135 ns
MON M01.AR  addr=0x04            t=267585 ns
MON M01.R   data=0x00005042 resp=0 t=267605 ns
MON M01.AR  addr=0x04            t=268055 ns
MON M01.R   data=0x00005042 resp=0 t=268075 ns
MON M01.AR  addr=0x04            t=268525 ns
MON M01.R   data=0x00005042 resp=0 t=268545 ns
MON M01.AR  addr=0x04            t=268995 ns
MON M01.R   data=0x00005042 resp=0 t=269015 ns
MON M01.AR  addr=0x04            t=269465 ns
MON M01.R   data=0x00005042 resp=0 t=269485 ns
MON M01.AR  addr=0x04            t=269935 ns
MON M01.R   data=0x00005042 resp=0 t=269955 ns
MON M01.AR  addr=0x04            t=270405 ns
MON M01.R   data=0x00005042 resp=0 t=270425 ns
MON M01.AR  addr=0x04            t=270875 ns
MON M01.R   data=0x00005042 resp=0 t=270895 ns
MON M01.AR  addr=0x04            t=271345 ns
MON M01.R   data=0x00005042 resp=0 t=271365 ns
MON M01.AR  addr=0x04            t=271815 ns
MON M01.R   data=0x00005042 resp=0 t=271835 ns
MON M01.AR  addr=0x04            t=272285 ns
MON M01.R   data=0x00005042 resp=0 t=272305 ns
MON M01.AR  addr=0x04            t=272755 ns
MON M01.R   data=0x00005042 resp=0 t=272775 ns
MON M01.AR  addr=0x04            t=273225 ns
MON M01.R   data=0x00005042 resp=0 t=273245 ns
MON M01.AR  addr=0x04            t=273695 ns
MON M01.R   data=0x00005042 resp=0 t=273715 ns
MON M01.AR  addr=0x04            t=274165 ns
MON M01.R   data=0x00005042 resp=0 t=274185 ns
MON M01.AR  addr=0x04            t=274635 ns
MON M01.R   data=0x00005042 resp=0 t=274655 ns
MON M01.AR  addr=0x04            t=275105 ns
MON M01.R   data=0x00005042 resp=0 t=275125 ns
MON M01.AR  addr=0x04            t=275575 ns
MON M01.R   data=0x00005042 resp=0 t=275595 ns
MON M01.AR  addr=0x04            t=276045 ns
MON M01.R   data=0x00005042 resp=0 t=276065 ns
MON M01.AR  addr=0x04            t=276515 ns
MON M01.R   data=0x00005042 resp=0 t=276535 ns
MON M01.AR  addr=0x04            t=276985 ns
MON M01.R   data=0x00005042 resp=0 t=277005 ns
MON M01.AR  addr=0x04            t=277455 ns
MON M01.R   data=0x00005042 resp=0 t=277475 ns
MON M01.AR  addr=0x04            t=277925 ns
MON M01.R   data=0x00005042 resp=0 t=277945 ns
MON M01.AR  addr=0x04            t=278395 ns
MON M01.R   data=0x00005042 resp=0 t=278415 ns
MON M01.AR  addr=0x04            t=278865 ns
MON M01.R   data=0x00005042 resp=0 t=278885 ns
MON M01.AR  addr=0x04            t=279335 ns
MON M01.R   data=0x00005042 resp=0 t=279355 ns
MON M01.AR  addr=0x04            t=279805 ns
MON M01.R   data=0x00005042 resp=0 t=279825 ns
MON M01.AR  addr=0x04            t=280275 ns
MON M01.R   data=0x00005042 resp=0 t=280295 ns
MON M01.AR  addr=0x04            t=280745 ns
MON M01.R   data=0x00005042 resp=0 t=280765 ns
MON M01.AR  addr=0x04            t=281215 ns
MON M01.R   data=0x00005042 resp=0 t=281235 ns
MON M01.AR  addr=0x04            t=281685 ns
MON M01.R   data=0x00005042 resp=0 t=281705 ns
MON M01.AR  addr=0x04            t=282155 ns
MON M01.R   data=0x00005042 resp=0 t=282175 ns
MON M01.AR  addr=0x04            t=282625 ns
MON M01.R   data=0x00005042 resp=0 t=282645 ns
MON M01.AR  addr=0x04            t=283095 ns
MON M01.R   data=0x00005042 resp=0 t=283115 ns
MON M01.AR  addr=0x04            t=283565 ns
MON M01.R   data=0x00005042 resp=0 t=283585 ns
MON M01.AR  addr=0x04            t=284035 ns
MON M01.R   data=0x00005042 resp=0 t=284055 ns
MON M01.AR  addr=0x04            t=284505 ns
MON M01.R   data=0x00005042 resp=0 t=284525 ns
MON M01.AR  addr=0x04            t=284975 ns
MON M01.R   data=0x00005042 resp=0 t=284995 ns
MON M01.AR  addr=0x04            t=285445 ns
MON M01.R   data=0x00005042 resp=0 t=285465 ns
MON M01.AR  addr=0x04            t=285915 ns
MON M01.R   data=0x00005042 resp=0 t=285935 ns
MON M01.AR  addr=0x04            t=286385 ns
MON M01.R   data=0x00005042 resp=0 t=286405 ns
MON M01.AR  addr=0x04            t=286855 ns
MON M01.R   data=0x00005042 resp=0 t=286875 ns
MON M01.AR  addr=0x04            t=287325 ns
MON M01.R   data=0x00005042 resp=0 t=287345 ns
MON M01.AR  addr=0x04            t=287795 ns
MON M01.R   data=0x00005042 resp=0 t=287815 ns
MON M01.AR  addr=0x04            t=288265 ns
MON M01.R   data=0x00005042 resp=0 t=288285 ns
MON M01.AR  addr=0x04            t=288735 ns
MON M01.R   data=0x00005042 resp=0 t=288755 ns
MON M01.AR  addr=0x04            t=289205 ns
MON M01.R   data=0x00005042 resp=0 t=289225 ns
MON M01.AR  addr=0x04            t=289675 ns
MON M01.R   data=0x00005042 resp=0 t=289695 ns
MON M01.AR  addr=0x04            t=290145 ns
MON M01.R   data=0x00005042 resp=0 t=290165 ns
MON M01.AR  addr=0x04            t=290615 ns
MON M01.R   data=0x00005042 resp=0 t=290635 ns
MON M01.AR  addr=0x04            t=291085 ns
MON M01.R   data=0x00005042 resp=0 t=291105 ns
MON M01.AR  addr=0x04            t=291555 ns
MON M01.R   data=0x00005042 resp=0 t=291575 ns
MON M01.AR  addr=0x04            t=292025 ns
MON M01.R   data=0x00005042 resp=0 t=292045 ns
MON M01.AR  addr=0x04            t=292495 ns
MON M01.R   data=0x00005042 resp=0 t=292515 ns
MON M01.AR  addr=0x04            t=292965 ns
MON M01.R   data=0x00005042 resp=0 t=292985 ns
MON M01.AR  addr=0x04            t=293435 ns
MON M01.R   data=0x00005042 resp=0 t=293455 ns
MON M01.AR  addr=0x04            t=293905 ns
MON M01.R   data=0x00005042 resp=0 t=293925 ns
MON M01.AR  addr=0x04            t=294375 ns
MON M01.R   data=0x00005042 resp=0 t=294395 ns
MON M01.AR  addr=0x04            t=294845 ns
MON M01.R   data=0x00005042 resp=0 t=294865 ns
MON M01.AR  addr=0x04            t=295315 ns
MON M01.R   data=0x00005042 resp=0 t=295335 ns
MON M01.AR  addr=0x04            t=295785 ns
MON M01.R   data=0x00005042 resp=0 t=295805 ns
MON M01.AR  addr=0x04            t=296255 ns
MON M01.R   data=0x00005042 resp=0 t=296275 ns
MON M01.AR  addr=0x04            t=296725 ns
MON M01.R   data=0x00005042 resp=0 t=296745 ns
MON M01.AR  addr=0x04            t=297195 ns
MON M01.R   data=0x00005042 resp=0 t=297215 ns
MON M01.AR  addr=0x04            t=297665 ns
MON M01.R   data=0x00005042 resp=0 t=297685 ns
MON M01.AR  addr=0x04            t=298135 ns
MON M01.R   data=0x00005042 resp=0 t=298155 ns
MON M01.AR  addr=0x04            t=298605 ns
MON M01.R   data=0x00005042 resp=0 t=298625 ns
MON M01.AR  addr=0x04            t=299075 ns
MON M01.R   data=0x00005042 resp=0 t=299095 ns
MON M01.AR  addr=0x04            t=299545 ns
MON M01.R   data=0x00005042 resp=0 t=299565 ns
MON M01.AR  addr=0x04            t=300015 ns
MON M01.R   data=0x00005042 resp=0 t=300035 ns
MON M01.AR  addr=0x04            t=300485 ns
MON M01.R   data=0x00005042 resp=0 t=300505 ns
MON M01.AR  addr=0x04            t=300955 ns
MON M01.R   data=0x00005042 resp=0 t=300975 ns
MON M01.AR  addr=0x04            t=301425 ns
MON M01.R   data=0x00005042 resp=0 t=301445 ns
MON M01.AR  addr=0x04            t=301895 ns
MON M01.R   data=0x00005042 resp=0 t=301915 ns
MON M01.AR  addr=0x04            t=302365 ns
MON M01.R   data=0x00005042 resp=0 t=302385 ns
MON M01.AR  addr=0x04            t=302835 ns
MON M01.R   data=0x00005042 resp=0 t=302855 ns
MON M01.AR  addr=0x04            t=303305 ns
MON M01.R   data=0x00005042 resp=0 t=303325 ns
MON M01.AR  addr=0x04            t=303775 ns
MON M01.R   data=0x00005042 resp=0 t=303795 ns
MON M01.AR  addr=0x04            t=304245 ns
MON M01.R   data=0x00005042 resp=0 t=304265 ns
MON M01.AR  addr=0x04            t=304715 ns
MON M01.R   data=0x00005042 resp=0 t=304735 ns
MON M01.AR  addr=0x04            t=305185 ns
MON M01.R   data=0x00005042 resp=0 t=305205 ns
MON M01.AR  addr=0x04            t=305655 ns
MON M01.R   data=0x00005042 resp=0 t=305675 ns
MON M01.AR  addr=0x04            t=306125 ns
MON M01.R   data=0x00005042 resp=0 t=306145 ns
MON M01.AR  addr=0x04            t=306595 ns
MON M01.R   data=0x00005042 resp=0 t=306615 ns
MON M01.AR  addr=0x04            t=307065 ns
MON M01.R   data=0x00005042 resp=0 t=307085 ns
MON M01.AR  addr=0x04            t=307535 ns
MON M01.R   data=0x00005042 resp=0 t=307555 ns
MON M01.AR  addr=0x04            t=308005 ns
MON M01.R   data=0x00005042 resp=0 t=308025 ns
MON M01.AR  addr=0x04            t=308475 ns
MON M01.R   data=0x00005042 resp=0 t=308495 ns
MON M01.AR  addr=0x04            t=308945 ns
MON M01.R   data=0x00005042 resp=0 t=308965 ns
MON M01.AR  addr=0x04            t=309415 ns
MON M01.R   data=0x00005042 resp=0 t=309435 ns
MON M01.AR  addr=0x04            t=309885 ns
MON M01.R   data=0x00005042 resp=0 t=309905 ns
MON M01.AR  addr=0x04            t=310355 ns
MON M01.R   data=0x00005042 resp=0 t=310375 ns
MON M01.AR  addr=0x04            t=310825 ns
MON M01.R   data=0x00005042 resp=0 t=310845 ns
MON M01.AR  addr=0x04            t=311295 ns
MON M01.R   data=0x00005042 resp=0 t=311315 ns
MON M01.AR  addr=0x04            t=311765 ns
MON M01.R   data=0x00005042 resp=0 t=311785 ns
MON M01.AR  addr=0x04            t=312235 ns
MON M01.R   data=0x00005042 resp=0 t=312255 ns
MON M01.AR  addr=0x04            t=312705 ns
MON M01.R   data=0x00005042 resp=0 t=312725 ns
MON M01.AR  addr=0x04            t=313175 ns
MON M01.R   data=0x00005042 resp=0 t=313195 ns
MON M01.AR  addr=0x04            t=313645 ns
MON M01.R   data=0x00005042 resp=0 t=313665 ns
MON M01.AR  addr=0x04            t=314115 ns
MON M01.R   data=0x00005042 resp=0 t=314135 ns
MON M01.AR  addr=0x04            t=314585 ns
MON M01.R   data=0x00005042 resp=0 t=314605 ns
MON M01.AR  addr=0x04            t=315055 ns
MON M01.R   data=0x00005042 resp=0 t=315075 ns
MON M01.AR  addr=0x04            t=315525 ns
MON M01.R   data=0x00005042 resp=0 t=315545 ns
MON M01.AR  addr=0x04            t=315995 ns
MON M01.R   data=0x00005042 resp=0 t=316015 ns
MON M01.AR  addr=0x04            t=316465 ns
MON M01.R   data=0x00005042 resp=0 t=316485 ns
MON M01.AR  addr=0x04            t=316935 ns
MON M01.R   data=0x00005042 resp=0 t=316955 ns
MON M01.AR  addr=0x04            t=317405 ns
MON M01.R   data=0x00005042 resp=0 t=317425 ns
MON M01.AR  addr=0x04            t=317875 ns
MON M01.R   data=0x00005042 resp=0 t=317895 ns
MON M01.AR  addr=0x04            t=318345 ns
MON M01.R   data=0x00005042 resp=0 t=318365 ns
MON M01.AR  addr=0x04            t=318815 ns
MON M01.R   data=0x00005042 resp=0 t=318835 ns
MON M01.AR  addr=0x04            t=319285 ns
MON M01.R   data=0x00005042 resp=0 t=319305 ns
MON M01.AR  addr=0x04            t=319755 ns
MON M01.R   data=0x00005042 resp=0 t=319775 ns
MON M01.AR  addr=0x04            t=320225 ns
MON M01.R   data=0x00005042 resp=0 t=320245 ns
MON M01.AR  addr=0x04            t=320695 ns
MON M01.R   data=0x00005042 resp=0 t=320715 ns
MON M01.AR  addr=0x04            t=321165 ns
MON M01.R   data=0x00005042 resp=0 t=321185 ns
MON M01.AR  addr=0x04            t=321635 ns
MON M01.R   data=0x00005042 resp=0 t=321655 ns
MON M01.AR  addr=0x04            t=322105 ns
MON M01.R   data=0x00005042 resp=0 t=322125 ns
MON M01.AR  addr=0x04            t=322575 ns
MON M01.R   data=0x00005042 resp=0 t=322595 ns
MON M01.AR  addr=0x04            t=323045 ns
MON M01.R   data=0x00005042 resp=0 t=323065 ns
MON M01.AR  addr=0x04            t=323515 ns
MON M01.R   data=0x00005042 resp=0 t=323535 ns
MON M01.AR  addr=0x04            t=323985 ns
MON M01.R   data=0x00005042 resp=0 t=324005 ns
MON M01.AR  addr=0x04            t=324455 ns
MON M01.R   data=0x00005042 resp=0 t=324475 ns
MON M01.AR  addr=0x04            t=324925 ns
MON M01.R   data=0x00005042 resp=0 t=324945 ns
MON M01.AR  addr=0x04            t=325395 ns
MON M01.R   data=0x00005042 resp=0 t=325415 ns
MON M01.AR  addr=0x04            t=325865 ns
MON M01.R   data=0x00005042 resp=0 t=325885 ns
MON M01.AR  addr=0x04            t=326335 ns
MON M01.R   data=0x00005042 resp=0 t=326355 ns
MON M01.AR  addr=0x04            t=326805 ns
MON M01.R   data=0x00005042 resp=0 t=326825 ns
MON M01.AR  addr=0x04            t=327275 ns
MON M01.R   data=0x00005042 resp=0 t=327295 ns
MON M01.AR  addr=0x04            t=327745 ns
MON M01.R   data=0x00005042 resp=0 t=327765 ns
MON M01.AR  addr=0x04            t=328215 ns
MON M01.R   data=0x00005042 resp=0 t=328235 ns
MON M01.AR  addr=0x04            t=328685 ns
MON M01.R   data=0x00005042 resp=0 t=328705 ns
MON M01.AR  addr=0x04            t=329155 ns
MON M01.R   data=0x00005042 resp=0 t=329175 ns
MON M01.AR  addr=0x04            t=329625 ns
MON M01.R   data=0x00005042 resp=0 t=329645 ns
MON M01.AR  addr=0x04            t=330095 ns
MON M01.R   data=0x00005042 resp=0 t=330115 ns
MON M01.AR  addr=0x04            t=330565 ns
MON M01.R   data=0x00005042 resp=0 t=330585 ns
MON M01.AR  addr=0x04            t=331035 ns
MON M01.R   data=0x00005042 resp=0 t=331055 ns
MON M01.AR  addr=0x04            t=331505 ns
MON M01.R   data=0x00005042 resp=0 t=331525 ns
MON M01.AR  addr=0x04            t=331975 ns
MON M01.R   data=0x00005042 resp=0 t=331995 ns
MON M01.AR  addr=0x04            t=332445 ns
MON M01.R   data=0x00005042 resp=0 t=332465 ns
MON M01.AR  addr=0x04            t=332915 ns
MON M01.R   data=0x00005042 resp=0 t=332935 ns
MON M01.AR  addr=0x04            t=333385 ns
MON M01.R   data=0x00005042 resp=0 t=333405 ns
MON M01.AR  addr=0x04            t=333855 ns
MON M01.R   data=0x00005042 resp=0 t=333875 ns
MON M01.AR  addr=0x04            t=334325 ns
MON M01.R   data=0x00005042 resp=0 t=334345 ns
MON M01.AR  addr=0x04            t=334795 ns
MON M01.R   data=0x00005042 resp=0 t=334815 ns
MON M01.AR  addr=0x04            t=335265 ns
MON M01.R   data=0x00005042 resp=0 t=335285 ns
MON M01.AR  addr=0x04            t=335735 ns
MON M01.R   data=0x00005042 resp=0 t=335755 ns
MON M01.AR  addr=0x04            t=336205 ns
MON M01.R   data=0x00005042 resp=0 t=336225 ns
MON M01.AR  addr=0x04            t=336675 ns
MON M01.R   data=0x00005042 resp=0 t=336695 ns
MON M01.AR  addr=0x04            t=337145 ns
MON M01.R   data=0x00005042 resp=0 t=337165 ns
MON M01.AR  addr=0x04            t=337615 ns
MON M01.R   data=0x00005042 resp=0 t=337635 ns
MON M01.AR  addr=0x04            t=338085 ns
MON M01.R   data=0x00005042 resp=0 t=338105 ns
MON M01.AR  addr=0x04            t=338555 ns
MON M01.R   data=0x00005042 resp=0 t=338575 ns
MON M01.AR  addr=0x04            t=339025 ns
MON M01.R   data=0x00005042 resp=0 t=339045 ns
MON M01.AR  addr=0x04            t=339495 ns
MON M01.R   data=0x00005042 resp=0 t=339515 ns
MON M01.AR  addr=0x04            t=339965 ns
MON M01.R   data=0x00005042 resp=0 t=339985 ns
MON M01.AR  addr=0x04            t=340435 ns
MON M01.R   data=0x00005042 resp=0 t=340455 ns
MON M01.AR  addr=0x04            t=340905 ns
MON M01.R   data=0x00005042 resp=0 t=340925 ns
MON M01.AR  addr=0x04            t=341375 ns
MON M01.R   data=0x00005042 resp=0 t=341395 ns
MON M01.AR  addr=0x04            t=341845 ns
MON M01.R   data=0x00005042 resp=0 t=341865 ns
MON M01.AR  addr=0x04            t=342315 ns
MON M01.R   data=0x00005042 resp=0 t=342335 ns
MON M01.AR  addr=0x04            t=342785 ns
MON M01.R   data=0x00005042 resp=0 t=342805 ns
MON M01.AR  addr=0x04            t=343255 ns
MON M01.R   data=0x00005042 resp=0 t=343275 ns
MON M01.AR  addr=0x04            t=343725 ns
MON M01.R   data=0x00005042 resp=0 t=343745 ns
MON M01.AR  addr=0x04            t=344195 ns
MON M01.R   data=0x00005042 resp=0 t=344215 ns
MON M01.AR  addr=0x04            t=344665 ns
MON M01.R   data=0x00005042 resp=0 t=344685 ns
MON M01.AR  addr=0x04            t=345135 ns
MON M01.R   data=0x00005042 resp=0 t=345155 ns
MON M01.AR  addr=0x04            t=345605 ns
MON M01.R   data=0x00005042 resp=0 t=345625 ns
MON M01.AR  addr=0x04            t=346075 ns
MON M01.R   data=0x00005042 resp=0 t=346095 ns
MON M01.AR  addr=0x04            t=346545 ns
MON M01.R   data=0x00005042 resp=0 t=346565 ns
MON M01.AR  addr=0x04            t=347015 ns
MON M01.R   data=0x00005042 resp=0 t=347035 ns
MON M01.AR  addr=0x04            t=347485 ns
MON M01.R   data=0x00005042 resp=0 t=347505 ns
MON M01.AR  addr=0x04            t=347955 ns
MON M01.R   data=0x00005042 resp=0 t=347975 ns
MON M01.AR  addr=0x04            t=348425 ns
MON M01.R   data=0x00005042 resp=0 t=348445 ns
MON M01.AR  addr=0x04            t=348895 ns
MON M01.R   data=0x00005042 resp=0 t=348915 ns
MON M01.AR  addr=0x04            t=349365 ns
MON M01.R   data=0x00005042 resp=0 t=349385 ns
MON M01.AR  addr=0x04            t=349835 ns
MON M01.R   data=0x00005042 resp=0 t=349855 ns
MON M01.AR  addr=0x04            t=350305 ns
MON M01.R   data=0x00005042 resp=0 t=350325 ns
MON M01.AR  addr=0x04            t=350775 ns
MON M01.R   data=0x00005042 resp=0 t=350795 ns
MON M01.AR  addr=0x04            t=351245 ns
MON M01.R   data=0x00005042 resp=0 t=351265 ns
MON M01.AR  addr=0x04            t=351715 ns
MON M01.R   data=0x00005042 resp=0 t=351735 ns
MON M01.AR  addr=0x04            t=352185 ns
MON M01.R   data=0x00005042 resp=0 t=352205 ns
MON M01.AR  addr=0x04            t=352655 ns
MON M01.R   data=0x00005042 resp=0 t=352675 ns
MON M01.AR  addr=0x04            t=353125 ns
MON M01.R   data=0x00005042 resp=0 t=353145 ns
MON M01.AR  addr=0x04            t=353595 ns
MON M01.R   data=0x00005042 resp=0 t=353615 ns
MON M01.AR  addr=0x04            t=354065 ns
MON M01.R   data=0x00005042 resp=0 t=354085 ns
MON M01.AR  addr=0x04            t=354535 ns
MON M01.R   data=0x00005042 resp=0 t=354555 ns
MON M01.AR  addr=0x04            t=355005 ns
MON M01.R   data=0x00005042 resp=0 t=355025 ns
MON M01.AR  addr=0x04            t=355475 ns
MON M01.R   data=0x00005042 resp=0 t=355495 ns
MON M01.AR  addr=0x04            t=355945 ns
MON M01.R   data=0x00005042 resp=0 t=355965 ns
MON M01.AR  addr=0x04            t=356415 ns
MON M01.R   data=0x00005042 resp=0 t=356435 ns
MON M01.AR  addr=0x04            t=356885 ns
MON M01.R   data=0x00005042 resp=0 t=356905 ns
MON M01.AR  addr=0x04            t=357355 ns
MON M01.R   data=0x00005042 resp=0 t=357375 ns
MON M01.AR  addr=0x04            t=357825 ns
MON M01.R   data=0x00005042 resp=0 t=357845 ns
MON M01.AR  addr=0x04            t=358295 ns
MON M01.R   data=0x00005042 resp=0 t=358315 ns
MON M01.AR  addr=0x04            t=358765 ns
MON M01.R   data=0x00005042 resp=0 t=358785 ns
MON M01.AR  addr=0x04            t=359235 ns
MON M01.R   data=0x00005042 resp=0 t=359255 ns
MON M01.AR  addr=0x04            t=359705 ns
MON M01.R   data=0x00005042 resp=0 t=359725 ns
MON M01.AR  addr=0x04            t=360175 ns
MON M01.R   data=0x00005042 resp=0 t=360195 ns
MON M01.AR  addr=0x04            t=360645 ns
MON M01.R   data=0x00005042 resp=0 t=360665 ns
MON M01.AR  addr=0x04            t=361115 ns
MON M01.R   data=0x00005042 resp=0 t=361135 ns
MON M01.AR  addr=0x04            t=361585 ns
MON M01.R   data=0x00005042 resp=0 t=361605 ns
MON M01.AR  addr=0x04            t=362055 ns
MON M01.R   data=0x00005042 resp=0 t=362075 ns
MON M01.AR  addr=0x04            t=362525 ns
MON M01.R   data=0x00005042 resp=0 t=362545 ns
MON M01.AR  addr=0x04            t=362995 ns
MON M01.R   data=0x00005042 resp=0 t=363015 ns
MON M01.AR  addr=0x04            t=363465 ns
MON M01.R   data=0x00005042 resp=0 t=363485 ns
MON M01.AR  addr=0x04            t=363935 ns
MON M01.R   data=0x00005042 resp=0 t=363955 ns
MON M01.AR  addr=0x04            t=364405 ns
MON M01.R   data=0x00005042 resp=0 t=364425 ns
MON M01.AR  addr=0x04            t=364875 ns
MON M01.R   data=0x00005042 resp=0 t=364895 ns
MON M01.AR  addr=0x04            t=365345 ns
MON M01.R   data=0x00005042 resp=0 t=365365 ns
MON M01.AR  addr=0x04            t=365815 ns
MON M01.R   data=0x00005042 resp=0 t=365835 ns
MON M01.AR  addr=0x04            t=366285 ns
MON M01.R   data=0x00005042 resp=0 t=366305 ns
MON M01.AR  addr=0x04            t=366755 ns
MON M01.R   data=0x00005042 resp=0 t=366775 ns
MON M01.AR  addr=0x04            t=367225 ns
MON M01.R   data=0x00005042 resp=0 t=367245 ns
MON M01.AR  addr=0x04            t=367695 ns
MON M01.R   data=0x00005042 resp=0 t=367715 ns
MON M01.AR  addr=0x04            t=368165 ns
MON M01.R   data=0x00005042 resp=0 t=368185 ns
MON M01.AR  addr=0x04            t=368635 ns
MON M01.R   data=0x00005042 resp=0 t=368655 ns
MON M01.AR  addr=0x04            t=369105 ns
MON M01.R   data=0x00005042 resp=0 t=369125 ns
MON M01.AR  addr=0x04            t=369575 ns
MON M01.R   data=0x00005042 resp=0 t=369595 ns
MON M01.AR  addr=0x04            t=370045 ns
MON M01.R   data=0x00005042 resp=0 t=370065 ns
MON M01.AR  addr=0x04            t=370515 ns
MON M01.R   data=0x00005042 resp=0 t=370535 ns
MON M01.AR  addr=0x04            t=370985 ns
MON M01.R   data=0x00005042 resp=0 t=371005 ns
MON M01.AR  addr=0x04            t=371455 ns
MON M01.R   data=0x00005042 resp=0 t=371475 ns
MON M01.AR  addr=0x04            t=371925 ns
MON M01.R   data=0x00005042 resp=0 t=371945 ns
MON M01.AR  addr=0x04            t=372395 ns
MON M01.R   data=0x00005042 resp=0 t=372415 ns
MON M01.AR  addr=0x04            t=372865 ns
MON M01.R   data=0x00005042 resp=0 t=372885 ns
MON M01.AR  addr=0x04            t=373335 ns
MON M01.R   data=0x00005042 resp=0 t=373355 ns
MON M01.AR  addr=0x04            t=373805 ns
MON M01.R   data=0x00005042 resp=0 t=373825 ns
MON M01.AR  addr=0x04            t=374275 ns
MON M01.R   data=0x00005042 resp=0 t=374295 ns
MON M01.AR  addr=0x04            t=374745 ns
MON M01.R   data=0x00005042 resp=0 t=374765 ns
MON M01.AR  addr=0x04            t=375215 ns
MON M01.R   data=0x00005042 resp=0 t=375235 ns
MON M01.AR  addr=0x04            t=375685 ns
MON M01.R   data=0x00005042 resp=0 t=375705 ns
MON M01.AR  addr=0x04            t=376155 ns
MON M01.R   data=0x00005042 resp=0 t=376175 ns
MON M01.AR  addr=0x04            t=376625 ns
MON M01.R   data=0x00005042 resp=0 t=376645 ns
MON M01.AR  addr=0x04            t=377095 ns
MON M01.R   data=0x00005042 resp=0 t=377115 ns
MON M01.AR  addr=0x04            t=377565 ns
MON M01.R   data=0x00005042 resp=0 t=377585 ns
MON M01.AR  addr=0x04            t=378035 ns
MON M01.R   data=0x00005042 resp=0 t=378055 ns
MON M01.AR  addr=0x04            t=378505 ns
MON M01.R   data=0x00005042 resp=0 t=378525 ns
MON M01.AR  addr=0x04            t=378975 ns
MON M01.R   data=0x00005042 resp=0 t=378995 ns
MON M01.AR  addr=0x04            t=379445 ns
MON M01.R   data=0x00005042 resp=0 t=379465 ns
MON M01.AR  addr=0x04            t=379915 ns
MON M01.R   data=0x00005042 resp=0 t=379935 ns
MON M01.AR  addr=0x04            t=380385 ns
MON M01.R   data=0x00005042 resp=0 t=380405 ns
MON M01.AR  addr=0x04            t=380855 ns
MON M01.R   data=0x00005042 resp=0 t=380875 ns
MON M01.AR  addr=0x04            t=381325 ns
MON M01.R   data=0x00005042 resp=0 t=381345 ns
MON M01.AR  addr=0x04            t=381795 ns
MON M01.R   data=0x00005042 resp=0 t=381815 ns
MON M01.AR  addr=0x04            t=382265 ns
MON M01.R   data=0x00005042 resp=0 t=382285 ns
MON M01.AR  addr=0x04            t=382735 ns
MON M01.R   data=0x00005042 resp=0 t=382755 ns
MON M01.AR  addr=0x04            t=383205 ns
MON M01.R   data=0x00005042 resp=0 t=383225 ns
MON M01.AR  addr=0x04            t=383675 ns
MON M01.R   data=0x00005042 resp=0 t=383695 ns
MON M01.AR  addr=0x04            t=384145 ns
MON M01.R   data=0x00005042 resp=0 t=384165 ns
MON M01.AR  addr=0x04            t=384615 ns
MON M01.R   data=0x00005042 resp=0 t=384635 ns
MON M01.AR  addr=0x04            t=385085 ns
MON M01.R   data=0x00005042 resp=0 t=385105 ns
MON M01.AR  addr=0x04            t=385555 ns
MON M01.R   data=0x00005042 resp=0 t=385575 ns
MON M01.AR  addr=0x04            t=386025 ns
MON M01.R   data=0x00005042 resp=0 t=386045 ns
MON M01.AR  addr=0x04            t=386495 ns
MON M01.R   data=0x00005042 resp=0 t=386515 ns
MON M01.AR  addr=0x04            t=386965 ns
MON M01.R   data=0x00005042 resp=0 t=386985 ns
MON M01.AR  addr=0x04            t=387435 ns
MON M01.R   data=0x00005042 resp=0 t=387455 ns
MON M01.AR  addr=0x04            t=387905 ns
MON M01.R   data=0x00005042 resp=0 t=387925 ns
MON M01.AR  addr=0x04            t=388375 ns
MON M01.R   data=0x00005042 resp=0 t=388395 ns
MON M01.AR  addr=0x04            t=388845 ns
MON M01.R   data=0x00005042 resp=0 t=388865 ns
MON M01.AR  addr=0x04            t=389315 ns
MON M01.R   data=0x00005042 resp=0 t=389335 ns
MON M01.AR  addr=0x04            t=389785 ns
MON M01.R   data=0x00005042 resp=0 t=389805 ns
MON M01.AR  addr=0x04            t=390255 ns
MON M01.R   data=0x00005042 resp=0 t=390275 ns
MON M01.AR  addr=0x04            t=390725 ns
MON M01.R   data=0x00005042 resp=0 t=390745 ns
MON M01.AR  addr=0x04            t=391195 ns
MON M01.R   data=0x00005042 resp=0 t=391215 ns
MON M01.AR  addr=0x04            t=391665 ns
MON M01.R   data=0x00005042 resp=0 t=391685 ns
MON M01.AR  addr=0x04            t=392135 ns
MON M01.R   data=0x00005042 resp=0 t=392155 ns
MON M01.AR  addr=0x04            t=392605 ns
MON M01.R   data=0x00005042 resp=0 t=392625 ns
MON M01.AR  addr=0x04            t=393075 ns
MON M01.R   data=0x00005042 resp=0 t=393095 ns
MON M01.AR  addr=0x04            t=393545 ns
MON M01.R   data=0x00005042 resp=0 t=393565 ns
MON M01.AR  addr=0x04            t=394015 ns
MON M01.R   data=0x00005042 resp=0 t=394035 ns
MON M01.AR  addr=0x04            t=394485 ns
MON M01.R   data=0x00005042 resp=0 t=394505 ns
MON M01.AR  addr=0x04            t=394955 ns
MON M01.R   data=0x00005042 resp=0 t=394975 ns
MON M01.AR  addr=0x04            t=395425 ns
MON M01.R   data=0x00005042 resp=0 t=395445 ns
MON M01.AR  addr=0x04            t=395895 ns
MON M01.R   data=0x00005042 resp=0 t=395915 ns
MON M01.AR  addr=0x04            t=396365 ns
MON M01.R   data=0x00005042 resp=0 t=396385 ns
MON M01.AR  addr=0x04            t=396835 ns
MON M01.R   data=0x00005042 resp=0 t=396855 ns
MON M01.AR  addr=0x04            t=397305 ns
MON M01.R   data=0x00005042 resp=0 t=397325 ns
MON M01.AR  addr=0x04            t=397775 ns
MON M01.R   data=0x00005042 resp=0 t=397795 ns
MON M01.AR  addr=0x04            t=398245 ns
MON M01.R   data=0x00005042 resp=0 t=398265 ns
MON M01.AR  addr=0x04            t=398715 ns
MON M01.R   data=0x00005042 resp=0 t=398735 ns
MON M01.AR  addr=0x04            t=399185 ns
MON M01.R   data=0x00005042 resp=0 t=399205 ns
MON M01.AR  addr=0x04            t=399655 ns
MON M01.R   data=0x00005042 resp=0 t=399675 ns
MON M01.AR  addr=0x04            t=400125 ns
MON M01.R   data=0x00005042 resp=0 t=400145 ns
MON M01.AR  addr=0x04            t=400595 ns
MON M01.R   data=0x00005042 resp=0 t=400615 ns
MON M01.AR  addr=0x04            t=401065 ns
MON M01.R   data=0x00005042 resp=0 t=401085 ns
MON M01.AR  addr=0x04            t=401535 ns
MON M01.R   data=0x00005042 resp=0 t=401555 ns
MON M01.AR  addr=0x04            t=402005 ns
MON M01.R   data=0x00005042 resp=0 t=402025 ns
MON M01.AR  addr=0x04            t=402475 ns
MON M01.R   data=0x00005042 resp=0 t=402495 ns
MON M01.AR  addr=0x04            t=402945 ns
MON M01.R   data=0x00005042 resp=0 t=402965 ns
MON M01.AR  addr=0x04            t=403415 ns
MON M01.R   data=0x00005042 resp=0 t=403435 ns
MON M01.AR  addr=0x04            t=403885 ns
MON M01.R   data=0x00005042 resp=0 t=403905 ns
MON M01.AR  addr=0x04            t=404355 ns
MON M01.R   data=0x00005042 resp=0 t=404375 ns
MON M01.AR  addr=0x04            t=404825 ns
MON M01.R   data=0x00005042 resp=0 t=404845 ns
MON M01.AR  addr=0x04            t=405295 ns
MON M01.R   data=0x00005042 resp=0 t=405315 ns
MON M01.AR  addr=0x04            t=405765 ns
MON M01.R   data=0x00005042 resp=0 t=405785 ns
MON M01.AR  addr=0x04            t=406235 ns
MON M01.R   data=0x00005042 resp=0 t=406255 ns
MON M01.AR  addr=0x04            t=406705 ns
MON M01.R   data=0x00005042 resp=0 t=406725 ns
MON M01.AR  addr=0x04            t=407175 ns
MON M01.R   data=0x00005042 resp=0 t=407195 ns
MON M01.AR  addr=0x04            t=407645 ns
MON M01.R   data=0x00005042 resp=0 t=407665 ns
MON M01.AR  addr=0x04            t=408115 ns
MON M01.R   data=0x00005042 resp=0 t=408135 ns
MON M01.AR  addr=0x04            t=408585 ns
MON M01.R   data=0x00005042 resp=0 t=408605 ns
MON M01.AR  addr=0x04            t=409055 ns
MON M01.R   data=0x00005042 resp=0 t=409075 ns
MON M01.AR  addr=0x04            t=409525 ns
MON M01.R   data=0x00005042 resp=0 t=409545 ns
MON M01.AR  addr=0x04            t=409995 ns
MON M01.R   data=0x00005042 resp=0 t=410015 ns
MON M01.AR  addr=0x04            t=410465 ns
MON M01.R   data=0x00005042 resp=0 t=410485 ns
MON M01.AR  addr=0x04            t=410935 ns
MON M01.R   data=0x00005042 resp=0 t=410955 ns
MON M01.AR  addr=0x04            t=411405 ns
MON M01.R   data=0x00005042 resp=0 t=411425 ns
MON M01.AR  addr=0x04            t=411875 ns
MON M01.R   data=0x00005042 resp=0 t=411895 ns
MON M01.AR  addr=0x04            t=412345 ns
MON M01.R   data=0x00005042 resp=0 t=412365 ns
MON M01.AR  addr=0x04            t=412815 ns
MON M01.R   data=0x00005042 resp=0 t=412835 ns
MON M01.AR  addr=0x04            t=413285 ns
MON M01.R   data=0x00005042 resp=0 t=413305 ns
MON M01.AR  addr=0x04            t=413755 ns
MON M01.R   data=0x00005042 resp=0 t=413775 ns
MON M01.AR  addr=0x04            t=414225 ns
MON M01.R   data=0x00005042 resp=0 t=414245 ns
MON M01.AR  addr=0x04            t=414695 ns
MON M01.R   data=0x00005042 resp=0 t=414715 ns
MON M01.AR  addr=0x04            t=415165 ns
MON M01.R   data=0x00005042 resp=0 t=415185 ns
MON M01.AR  addr=0x04            t=415635 ns
MON M01.R   data=0x00005042 resp=0 t=415655 ns
MON M01.AR  addr=0x04            t=416105 ns
MON M01.R   data=0x00005042 resp=0 t=416125 ns
MON M01.AR  addr=0x04            t=416575 ns
MON M01.R   data=0x00005042 resp=0 t=416595 ns
MON M01.AR  addr=0x04            t=417045 ns
MON M01.R   data=0x00005042 resp=0 t=417065 ns
MON M01.AR  addr=0x04            t=417515 ns
MON M01.R   data=0x00005042 resp=0 t=417535 ns
MON M01.AR  addr=0x04            t=417985 ns
MON M01.R   data=0x00005042 resp=0 t=418005 ns
MON M01.AR  addr=0x04            t=418455 ns
MON M01.R   data=0x00005042 resp=0 t=418475 ns
MON M01.AR  addr=0x04            t=418925 ns
MON M01.R   data=0x00005042 resp=0 t=418945 ns
MON M01.AR  addr=0x04            t=419395 ns
MON M01.R   data=0x00005042 resp=0 t=419415 ns
MON M01.AR  addr=0x04            t=419865 ns
MON M01.R   data=0x00005042 resp=0 t=419885 ns
MON M01.AR  addr=0x04            t=420335 ns
MON M01.R   data=0x00005042 resp=0 t=420355 ns
MON M01.AR  addr=0x04            t=420805 ns
MON M01.R   data=0x00005042 resp=0 t=420825 ns
MON M01.AR  addr=0x04            t=421275 ns
MON M01.R   data=0x00005042 resp=0 t=421295 ns
MON M01.AR  addr=0x04            t=421745 ns
MON M01.R   data=0x00005042 resp=0 t=421765 ns
MON M01.AR  addr=0x04            t=422215 ns
MON M01.R   data=0x00005042 resp=0 t=422235 ns
MON M01.AR  addr=0x04            t=422685 ns
MON M01.R   data=0x00005042 resp=0 t=422705 ns
MON M01.AR  addr=0x04            t=423155 ns
MON M01.R   data=0x00005042 resp=0 t=423175 ns
MON M01.AR  addr=0x04            t=423625 ns
MON M01.R   data=0x00005042 resp=0 t=423645 ns
MON M01.AR  addr=0x04            t=424095 ns
MON M01.R   data=0x00005042 resp=0 t=424115 ns
MON M01.AR  addr=0x04            t=424565 ns
MON M01.R   data=0x00005042 resp=0 t=424585 ns
MON M01.AR  addr=0x04            t=425035 ns
MON M01.R   data=0x00005042 resp=0 t=425055 ns
MON M01.AR  addr=0x04            t=425505 ns
MON M01.R   data=0x00005042 resp=0 t=425525 ns
MON M01.AR  addr=0x04            t=425975 ns
MON M01.R   data=0x00005042 resp=0 t=425995 ns
MON M01.AR  addr=0x04            t=426445 ns
MON M01.R   data=0x00005042 resp=0 t=426465 ns
MON M01.AR  addr=0x04            t=426915 ns
MON M01.R   data=0x00005042 resp=0 t=426935 ns
MON M01.AR  addr=0x04            t=427385 ns
MON M01.R   data=0x00005042 resp=0 t=427405 ns
MON M01.AR  addr=0x04            t=427855 ns
MON M01.R   data=0x00005042 resp=0 t=427875 ns
MON M01.AR  addr=0x04            t=428325 ns
MON M01.R   data=0x00005042 resp=0 t=428345 ns
MON M01.AR  addr=0x04            t=428795 ns
MON M01.R   data=0x00005042 resp=0 t=428815 ns
MON M01.AR  addr=0x04            t=429265 ns
MON M01.R   data=0x00005042 resp=0 t=429285 ns
MON M01.AR  addr=0x04            t=429735 ns
MON M01.R   data=0x00005042 resp=0 t=429755 ns
MON M01.AR  addr=0x04            t=430205 ns
MON M01.R   data=0x00005042 resp=0 t=430225 ns
MON M01.AR  addr=0x04            t=430675 ns
MON M01.R   data=0x00005042 resp=0 t=430695 ns
MON M01.AR  addr=0x04            t=431145 ns
MON M01.R   data=0x00005042 resp=0 t=431165 ns
MON M01.AR  addr=0x04            t=431615 ns
MON M01.R   data=0x00005042 resp=0 t=431635 ns
MON M01.AR  addr=0x04            t=432085 ns
MON M01.R   data=0x00005042 resp=0 t=432105 ns
MON M01.AR  addr=0x04            t=432555 ns
MON M01.R   data=0x00005042 resp=0 t=432575 ns
MON M01.AR  addr=0x04            t=433025 ns
MON M01.R   data=0x00005042 resp=0 t=433045 ns
MON M01.AR  addr=0x04            t=433495 ns
MON M01.R   data=0x00005042 resp=0 t=433515 ns
MON M01.AR  addr=0x04            t=433965 ns
MON M01.R   data=0x00005042 resp=0 t=433985 ns
MON M01.AR  addr=0x04            t=434435 ns
MON M01.R   data=0x00005042 resp=0 t=434455 ns
MON M01.AR  addr=0x04            t=434905 ns
MON M01.R   data=0x00005042 resp=0 t=434925 ns
MON M01.AR  addr=0x04            t=435375 ns
MON M01.R   data=0x00005042 resp=0 t=435395 ns
MON M01.AR  addr=0x04            t=435845 ns
MON M01.R   data=0x00005042 resp=0 t=435865 ns
MON M01.AR  addr=0x04            t=436315 ns
MON M01.R   data=0x00005042 resp=0 t=436335 ns
MON M01.AR  addr=0x04            t=436785 ns
MON M01.R   data=0x00005042 resp=0 t=436805 ns
MON M01.AR  addr=0x04            t=437255 ns
MON M01.R   data=0x00005042 resp=0 t=437275 ns
MON M01.AR  addr=0x04            t=437725 ns
MON M01.R   data=0x00005042 resp=0 t=437745 ns
MON M01.AR  addr=0x04            t=438195 ns
MON M01.R   data=0x00005042 resp=0 t=438215 ns
MON M01.AR  addr=0x04            t=438665 ns
MON M01.R   data=0x00005042 resp=0 t=438685 ns
MON M01.AR  addr=0x04            t=439135 ns
MON M01.R   data=0x00005042 resp=0 t=439155 ns
MON M01.AR  addr=0x04            t=439605 ns
MON M01.R   data=0x00005042 resp=0 t=439625 ns
MON M01.AR  addr=0x04            t=440075 ns
MON M01.R   data=0x00005042 resp=0 t=440095 ns
MON M01.AR  addr=0x04            t=440545 ns
MON M01.R   data=0x00005042 resp=0 t=440565 ns
MON M01.AR  addr=0x04            t=441015 ns
MON M01.R   data=0x00005042 resp=0 t=441035 ns
MON M01.AR  addr=0x04            t=441485 ns
MON M01.R   data=0x00005042 resp=0 t=441505 ns
MON M01.AR  addr=0x04            t=441955 ns
MON M01.R   data=0x00005042 resp=0 t=441975 ns
MON M01.AR  addr=0x04            t=442425 ns
MON M01.R   data=0x00005042 resp=0 t=442445 ns
MON M01.AR  addr=0x04            t=442895 ns
MON M01.R   data=0x00005042 resp=0 t=442915 ns
MON M01.AR  addr=0x04            t=443365 ns
MON M01.R   data=0x00005042 resp=0 t=443385 ns
MON M01.AR  addr=0x04            t=443835 ns
MON M01.R   data=0x00005042 resp=0 t=443855 ns
MON M01.AR  addr=0x04            t=444305 ns
MON M01.R   data=0x00005042 resp=0 t=444325 ns
MON M01.AR  addr=0x04            t=444775 ns
MON M01.R   data=0x00005042 resp=0 t=444795 ns
MON M01.AR  addr=0x04            t=445245 ns
MON M01.R   data=0x00005042 resp=0 t=445265 ns
MON M01.AR  addr=0x04            t=445715 ns
MON M01.R   data=0x00005042 resp=0 t=445735 ns
MON M01.AR  addr=0x04            t=446185 ns
MON M01.R   data=0x00005042 resp=0 t=446205 ns
MON M01.AR  addr=0x04            t=446655 ns
MON M01.R   data=0x00005042 resp=0 t=446675 ns
MON M01.AR  addr=0x04            t=447125 ns
MON M01.R   data=0x00005042 resp=0 t=447145 ns
MON M01.AR  addr=0x04            t=447595 ns
MON M01.R   data=0x00005042 resp=0 t=447615 ns
MON M01.AR  addr=0x04            t=448065 ns
MON M01.R   data=0x00005042 resp=0 t=448085 ns
MON M01.AR  addr=0x04            t=448535 ns
MON M01.R   data=0x00005042 resp=0 t=448555 ns
MON M01.AR  addr=0x04            t=449005 ns
MON M01.R   data=0x00005042 resp=0 t=449025 ns
MON M01.AR  addr=0x04            t=449475 ns
MON M01.R   data=0x00005042 resp=0 t=449495 ns
MON M01.AR  addr=0x04            t=449945 ns
MON M01.R   data=0x00005042 resp=0 t=449965 ns
MON M01.AR  addr=0x04            t=450415 ns
MON M01.R   data=0x00005042 resp=0 t=450435 ns
MON M01.AR  addr=0x04            t=450885 ns
MON M01.R   data=0x00005042 resp=0 t=450905 ns
MON M01.AR  addr=0x04            t=451355 ns
MON M01.R   data=0x00005042 resp=0 t=451375 ns
MON M01.AR  addr=0x04            t=451825 ns
MON M01.R   data=0x00005042 resp=0 t=451845 ns
MON M01.AR  addr=0x04            t=452295 ns
MON M01.R   data=0x00005042 resp=0 t=452315 ns
MON M01.AR  addr=0x04            t=452765 ns
MON M01.R   data=0x00005042 resp=0 t=452785 ns
MON M01.AR  addr=0x04            t=453235 ns
MON M01.R   data=0x00005042 resp=0 t=453255 ns
MON M01.AR  addr=0x04            t=453705 ns
MON M01.R   data=0x00005042 resp=0 t=453725 ns
MON M01.AR  addr=0x04            t=454175 ns
MON M01.R   data=0x00005042 resp=0 t=454195 ns
MON M01.AR  addr=0x04            t=454645 ns
MON M01.R   data=0x00005042 resp=0 t=454665 ns
MON M01.AR  addr=0x04            t=455115 ns
MON M01.R   data=0x00005042 resp=0 t=455135 ns
MON M01.AR  addr=0x04            t=455585 ns
MON M01.R   data=0x00005042 resp=0 t=455605 ns
MON M01.AR  addr=0x04            t=456055 ns
MON M01.R   data=0x00005042 resp=0 t=456075 ns
MON M01.AR  addr=0x04            t=456525 ns
MON M01.R   data=0x00005042 resp=0 t=456545 ns
MON M01.AR  addr=0x04            t=456995 ns
MON M01.R   data=0x00005042 resp=0 t=457015 ns
MON M01.AR  addr=0x04            t=457465 ns
MON M01.R   data=0x00005042 resp=0 t=457485 ns
MON M01.AR  addr=0x04            t=457935 ns
MON M01.R   data=0x00005042 resp=0 t=457955 ns
MON M01.AR  addr=0x04            t=458405 ns
MON M01.R   data=0x00005042 resp=0 t=458425 ns
MON M01.AR  addr=0x04            t=458875 ns
MON M01.R   data=0x00005042 resp=0 t=458895 ns
MON M01.AR  addr=0x04            t=459345 ns
MON M01.R   data=0x00005042 resp=0 t=459365 ns
MON M01.AR  addr=0x04            t=459815 ns
MON M01.R   data=0x00005042 resp=0 t=459835 ns
MON M01.AR  addr=0x04            t=460285 ns
MON M01.R   data=0x00005042 resp=0 t=460305 ns
MON M01.AR  addr=0x04            t=460755 ns
MON M01.R   data=0x00005042 resp=0 t=460775 ns
MON M01.AR  addr=0x04            t=461225 ns
MON M01.R   data=0x00005042 resp=0 t=461245 ns
MON M01.AR  addr=0x04            t=461695 ns
MON M01.R   data=0x00005042 resp=0 t=461715 ns
MON M01.AR  addr=0x04            t=462165 ns
MON M01.R   data=0x00005042 resp=0 t=462185 ns
MON M01.AR  addr=0x04            t=462635 ns
MON M01.R   data=0x00005042 resp=0 t=462655 ns
MON M01.AR  addr=0x04            t=463105 ns
MON M01.R   data=0x00005042 resp=0 t=463125 ns
MON M01.AR  addr=0x04            t=463575 ns
MON M01.R   data=0x00005042 resp=0 t=463595 ns
MON M01.AR  addr=0x04            t=464045 ns
MON M01.R   data=0x00005042 resp=0 t=464065 ns
MON M01.AR  addr=0x04            t=464515 ns
MON M01.R   data=0x00005042 resp=0 t=464535 ns
MON M01.AR  addr=0x04            t=464985 ns
MON M01.R   data=0x00005042 resp=0 t=465005 ns
MON M01.AR  addr=0x04            t=465455 ns
MON M01.R   data=0x00005042 resp=0 t=465475 ns
MON M01.AR  addr=0x04            t=465925 ns
MON M01.R   data=0x00005042 resp=0 t=465945 ns
MON M01.AR  addr=0x04            t=466395 ns
MON M01.R   data=0x00005042 resp=0 t=466415 ns
MON M01.AR  addr=0x04            t=466865 ns
MON M01.R   data=0x00005042 resp=0 t=466885 ns
MON M01.AR  addr=0x04            t=467335 ns
MON M01.R   data=0x00005042 resp=0 t=467355 ns
MON M01.AR  addr=0x04            t=467805 ns
MON M01.R   data=0x00005042 resp=0 t=467825 ns
MON M01.AR  addr=0x04            t=468275 ns
MON M01.R   data=0x00005042 resp=0 t=468295 ns
MON M01.AR  addr=0x04            t=468745 ns
MON M01.R   data=0x00005042 resp=0 t=468765 ns
MON M01.AR  addr=0x04            t=469215 ns
MON M01.R   data=0x00005042 resp=0 t=469235 ns
MON M01.AR  addr=0x04            t=469685 ns
MON M01.R   data=0x00005042 resp=0 t=469705 ns
MON M01.AR  addr=0x04            t=470155 ns
MON M01.R   data=0x00005042 resp=0 t=470175 ns
MON M01.AR  addr=0x04            t=470625 ns
MON M01.R   data=0x00005042 resp=0 t=470645 ns
MON M01.AR  addr=0x04            t=471095 ns
MON M01.R   data=0x00005042 resp=0 t=471115 ns
MON M01.AR  addr=0x04            t=471565 ns
MON M01.R   data=0x00005042 resp=0 t=471585 ns
MON M01.AR  addr=0x04            t=472035 ns
MON M01.R   data=0x00005042 resp=0 t=472055 ns
MON M01.AR  addr=0x04            t=472505 ns
MON M01.R   data=0x00005042 resp=0 t=472525 ns
MON M01.AR  addr=0x04            t=472975 ns
MON M01.R   data=0x00005042 resp=0 t=472995 ns
MON M01.AR  addr=0x04            t=473445 ns
MON M01.R   data=0x00005042 resp=0 t=473465 ns
MON M01.AR  addr=0x04            t=473915 ns
MON M01.R   data=0x00005042 resp=0 t=473935 ns
MON M01.AR  addr=0x04            t=474385 ns
MON M01.R   data=0x00005042 resp=0 t=474405 ns
MON M01.AR  addr=0x04            t=474855 ns
MON M01.R   data=0x00005042 resp=0 t=474875 ns
MON M01.AR  addr=0x04            t=475325 ns
MON M01.R   data=0x00005042 resp=0 t=475345 ns
MON M01.AR  addr=0x04            t=475795 ns
MON M01.R   data=0x00005042 resp=0 t=475815 ns
MON M01.AR  addr=0x04            t=476265 ns
MON M01.R   data=0x00005042 resp=0 t=476285 ns
MON M01.AR  addr=0x04            t=476735 ns
MON M01.R   data=0x00005042 resp=0 t=476755 ns
MON M01.AR  addr=0x04            t=477205 ns
MON M01.R   data=0x00005042 resp=0 t=477225 ns
MON M01.AR  addr=0x04            t=477675 ns
MON M01.R   data=0x00005042 resp=0 t=477695 ns
MON M01.AR  addr=0x04            t=478145 ns
MON M01.R   data=0x00005042 resp=0 t=478165 ns
MON M01.AR  addr=0x04            t=478615 ns
MON M01.R   data=0x00005042 resp=0 t=478635 ns
MON M01.AR  addr=0x04            t=479085 ns
MON M01.R   data=0x00005042 resp=0 t=479105 ns
MON M01.AR  addr=0x04            t=479555 ns
MON M01.R   data=0x00005042 resp=0 t=479575 ns
MON M01.AR  addr=0x04            t=480025 ns
MON M01.R   data=0x00005042 resp=0 t=480045 ns
MON M01.AR  addr=0x04            t=480495 ns
MON M01.R   data=0x00005042 resp=0 t=480515 ns
MON M01.AR  addr=0x04            t=480965 ns
MON M01.R   data=0x00005042 resp=0 t=480985 ns
MON M01.AR  addr=0x04            t=481435 ns
MON M01.R   data=0x00005042 resp=0 t=481455 ns
MON M01.AR  addr=0x04            t=481905 ns
MON M01.R   data=0x00005042 resp=0 t=481925 ns
MON M01.AR  addr=0x04            t=482375 ns
MON M01.R   data=0x00005042 resp=0 t=482395 ns
MON M01.AR  addr=0x04            t=482845 ns
MON M01.R   data=0x00005042 resp=0 t=482865 ns
MON M01.AR  addr=0x04            t=483315 ns
MON M01.R   data=0x00005042 resp=0 t=483335 ns
MON M01.AR  addr=0x04            t=483785 ns
MON M01.R   data=0x00005042 resp=0 t=483805 ns
MON M01.AR  addr=0x04            t=484255 ns
MON M01.R   data=0x00005042 resp=0 t=484275 ns
MON M01.AR  addr=0x04            t=484725 ns
MON M01.R   data=0x00005042 resp=0 t=484745 ns
MON M01.AR  addr=0x04            t=485195 ns
MON M01.R   data=0x00005042 resp=0 t=485215 ns
MON M01.AR  addr=0x04            t=485665 ns
MON M01.R   data=0x00005042 resp=0 t=485685 ns
MON M01.AR  addr=0x04            t=486135 ns
MON M01.R   data=0x00005042 resp=0 t=486155 ns
MON M01.AR  addr=0x04            t=486605 ns
MON M01.R   data=0x00005042 resp=0 t=486625 ns
MON M01.AR  addr=0x04            t=487075 ns
MON M01.R   data=0x00005042 resp=0 t=487095 ns
MON M01.AR  addr=0x04            t=487545 ns
MON M01.R   data=0x00005042 resp=0 t=487565 ns
MON M01.AR  addr=0x04            t=488015 ns
MON M01.R   data=0x00005042 resp=0 t=488035 ns
MON M01.AR  addr=0x04            t=488485 ns
MON M01.R   data=0x00005042 resp=0 t=488505 ns
MON M01.AR  addr=0x04            t=488955 ns
MON M01.R   data=0x00005042 resp=0 t=488975 ns
MON M01.AR  addr=0x04            t=489425 ns
MON M01.R   data=0x00005042 resp=0 t=489445 ns
MON M01.AR  addr=0x04            t=489895 ns
MON M01.R   data=0x00005042 resp=0 t=489915 ns
MON M01.AR  addr=0x04            t=490365 ns
MON M01.R   data=0x00005042 resp=0 t=490385 ns
MON M01.AR  addr=0x04            t=490835 ns
MON M01.R   data=0x00005042 resp=0 t=490855 ns
MON M01.AR  addr=0x04            t=491305 ns
MON M01.R   data=0x00005042 resp=0 t=491325 ns
MON M01.AR  addr=0x04            t=491775 ns
MON M01.R   data=0x00005042 resp=0 t=491795 ns
MON M01.AR  addr=0x04            t=492245 ns
MON M01.R   data=0x00005042 resp=0 t=492265 ns
MON M01.AR  addr=0x04            t=492715 ns
MON M01.R   data=0x00005042 resp=0 t=492735 ns
MON M01.AR  addr=0x04            t=493185 ns
MON M01.R   data=0x00005042 resp=0 t=493205 ns
MON M01.AR  addr=0x04            t=493655 ns
MON M01.R   data=0x00005042 resp=0 t=493675 ns
MON M01.AR  addr=0x04            t=494125 ns
MON M01.R   data=0x00005042 resp=0 t=494145 ns
MON M01.AR  addr=0x04            t=494595 ns
MON M01.R   data=0x00005042 resp=0 t=494615 ns
MON M01.AR  addr=0x04            t=495065 ns
MON M01.R   data=0x00005042 resp=0 t=495085 ns
MON M01.AR  addr=0x04            t=495535 ns
MON M01.R   data=0x00005042 resp=0 t=495555 ns
MON M01.AR  addr=0x04            t=496005 ns
MON M01.R   data=0x00005042 resp=0 t=496025 ns
MON M01.AR  addr=0x04            t=496475 ns
MON M01.R   data=0x00005042 resp=0 t=496495 ns
MON M01.AR  addr=0x04            t=496945 ns
MON M01.R   data=0x00005042 resp=0 t=496965 ns
MON M01.AR  addr=0x04            t=497415 ns
MON M01.R   data=0x00005042 resp=0 t=497435 ns
MON M01.AR  addr=0x04            t=497885 ns
MON M01.R   data=0x00005042 resp=0 t=497905 ns
MON M01.AR  addr=0x04            t=498355 ns
MON M01.R   data=0x00005042 resp=0 t=498375 ns
MON M01.AR  addr=0x04            t=498825 ns
MON M01.R   data=0x00005042 resp=0 t=498845 ns
MON M01.AR  addr=0x04            t=499295 ns
MON M01.R   data=0x00005042 resp=0 t=499315 ns
MON M01.AR  addr=0x04            t=499765 ns
MON M01.R   data=0x00005042 resp=0 t=499785 ns
MON M01.AR  addr=0x04            t=500235 ns
MON M01.R   data=0x00005042 resp=0 t=500255 ns
MON M01.AR  addr=0x04            t=500705 ns
MON M01.R   data=0x00005042 resp=0 t=500725 ns
MON M01.AR  addr=0x04            t=501175 ns
MON M01.R   data=0x00005042 resp=0 t=501195 ns
MON M01.AR  addr=0x04            t=501645 ns
MON M01.R   data=0x00005042 resp=0 t=501665 ns
MON M01.AR  addr=0x04            t=502115 ns
MON M01.R   data=0x00005042 resp=0 t=502135 ns
MON M01.AR  addr=0x04            t=502585 ns
MON M01.R   data=0x00005042 resp=0 t=502605 ns
MON M01.AR  addr=0x04            t=503055 ns
MON M01.R   data=0x00005042 resp=0 t=503075 ns
MON M01.AR  addr=0x04            t=503525 ns
MON M01.R   data=0x00005042 resp=0 t=503545 ns
MON M01.AR  addr=0x04            t=503995 ns
MON M01.R   data=0x00005042 resp=0 t=504015 ns
MON M01.AR  addr=0x04            t=504465 ns
MON M01.R   data=0x00005042 resp=0 t=504485 ns
MON M01.AR  addr=0x04            t=504935 ns
MON M01.R   data=0x00005042 resp=0 t=504955 ns
MON M01.AR  addr=0x04            t=505405 ns
MON M01.R   data=0x00005042 resp=0 t=505425 ns
MON M01.AR  addr=0x04            t=505875 ns
MON M01.R   data=0x00005042 resp=0 t=505895 ns
MON M01.AR  addr=0x04            t=506345 ns
MON M01.R   data=0x00005042 resp=0 t=506365 ns
MON M01.AR  addr=0x04            t=506815 ns
MON M01.R   data=0x00005042 resp=0 t=506835 ns
MON M01.AR  addr=0x04            t=507285 ns
MON M01.R   data=0x00005042 resp=0 t=507305 ns
MON M01.AR  addr=0x04            t=507755 ns
MON M01.R   data=0x00005042 resp=0 t=507775 ns
MON M01.AR  addr=0x04            t=508225 ns
MON M01.R   data=0x00005042 resp=0 t=508245 ns
MON M01.AR  addr=0x04            t=508695 ns
MON M01.R   data=0x00005042 resp=0 t=508715 ns
MON M01.AR  addr=0x04            t=509165 ns
MON M01.R   data=0x00005042 resp=0 t=509185 ns
MON M01.AR  addr=0x04            t=509635 ns
MON M01.R   data=0x00005042 resp=0 t=509655 ns
MON M01.AR  addr=0x04            t=510105 ns
MON M01.R   data=0x00005042 resp=0 t=510125 ns
MON M01.AR  addr=0x04            t=510575 ns
MON M01.R   data=0x00005042 resp=0 t=510595 ns
MON M01.AR  addr=0x04            t=511045 ns
MON M01.R   data=0x00005042 resp=0 t=511065 ns
MON M01.AR  addr=0x04            t=511515 ns
MON M01.R   data=0x00005042 resp=0 t=511535 ns
MON M01.AR  addr=0x04            t=511985 ns
MON M01.R   data=0x00005042 resp=0 t=512005 ns
MON M01.AR  addr=0x04            t=512455 ns
MON M01.R   data=0x00005042 resp=0 t=512475 ns
MON M01.AR  addr=0x04            t=512925 ns
MON M01.R   data=0x00005042 resp=0 t=512945 ns
MON M01.AR  addr=0x04            t=513395 ns
MON M01.R   data=0x00005042 resp=0 t=513415 ns
MON M01.AR  addr=0x04            t=513865 ns
MON M01.R   data=0x00005042 resp=0 t=513885 ns
MON M01.AR  addr=0x04            t=514335 ns
MON M01.R   data=0x00005042 resp=0 t=514355 ns
MON M01.AR  addr=0x04            t=514805 ns
MON M01.R   data=0x00005042 resp=0 t=514825 ns
MON M01.AR  addr=0x04            t=515275 ns
MON M01.R   data=0x00005042 resp=0 t=515295 ns
MON M01.AR  addr=0x04            t=515745 ns
MON M01.R   data=0x00005042 resp=0 t=515765 ns
MON M01.AR  addr=0x04            t=516215 ns
MON M01.R   data=0x00005042 resp=0 t=516235 ns
MON M01.AR  addr=0x04            t=516685 ns
MON M01.R   data=0x00005042 resp=0 t=516705 ns
MON M01.AR  addr=0x04            t=517155 ns
MON M01.R   data=0x00005042 resp=0 t=517175 ns
MON M01.AR  addr=0x04            t=517625 ns
MON M01.R   data=0x00005042 resp=0 t=517645 ns
MON M01.AR  addr=0x04            t=518095 ns
MON M01.R   data=0x00005042 resp=0 t=518115 ns
MON M01.AR  addr=0x04            t=518565 ns
MON M01.R   data=0x00005042 resp=0 t=518585 ns
MON M01.AR  addr=0x04            t=519035 ns
MON M01.R   data=0x00005042 resp=0 t=519055 ns
MON M01.AR  addr=0x04            t=519505 ns
MON M01.R   data=0x00005042 resp=0 t=519525 ns
MON M01.AR  addr=0x04            t=519975 ns
MON M01.R   data=0x00005042 resp=0 t=519995 ns
MON M01.AR  addr=0x04            t=520445 ns
MON M01.R   data=0x00005042 resp=0 t=520465 ns
MON M01.AR  addr=0x04            t=520915 ns
MON M01.R   data=0x00005042 resp=0 t=520935 ns
MON M01.AR  addr=0x04            t=521385 ns
MON M01.R   data=0x00005042 resp=0 t=521405 ns
MON M01.AR  addr=0x04            t=521855 ns
MON M01.R   data=0x00005042 resp=0 t=521875 ns
MON M01.AR  addr=0x04            t=522325 ns
MON M01.R   data=0x00005042 resp=0 t=522345 ns
MON M01.AR  addr=0x04            t=522795 ns
MON M01.R   data=0x00005042 resp=0 t=522815 ns
MON M01.AR  addr=0x04            t=523265 ns
MON M01.R   data=0x00005042 resp=0 t=523285 ns
MON M01.AR  addr=0x04            t=523735 ns
MON M01.R   data=0x00005042 resp=0 t=523755 ns
MON M01.AR  addr=0x04            t=524205 ns
MON M01.R   data=0x00005042 resp=0 t=524225 ns
MON M01.AR  addr=0x04            t=524675 ns
MON M01.R   data=0x00005042 resp=0 t=524695 ns
MON M01.AR  addr=0x04            t=525145 ns
MON M01.R   data=0x00005042 resp=0 t=525165 ns
MON M01.AR  addr=0x04            t=525615 ns
MON M01.R   data=0x00005042 resp=0 t=525635 ns
MON M01.AR  addr=0x04            t=526085 ns
MON M01.R   data=0x00005042 resp=0 t=526105 ns
MON M01.AR  addr=0x04            t=526555 ns
MON M01.R   data=0x00005042 resp=0 t=526575 ns
MON M01.AR  addr=0x04            t=527025 ns
MON M01.R   data=0x00005042 resp=0 t=527045 ns
MON M01.AR  addr=0x04            t=527495 ns
MON M01.R   data=0x00005042 resp=0 t=527515 ns
MON M01.AR  addr=0x04            t=527965 ns
MON M01.R   data=0x00005042 resp=0 t=527985 ns
MON M01.AR  addr=0x04            t=528435 ns
MON M01.R   data=0x00005042 resp=0 t=528455 ns
MON M01.AR  addr=0x04            t=528905 ns
MON M01.R   data=0x00005042 resp=0 t=528925 ns
MON M01.AR  addr=0x04            t=529375 ns
MON M01.R   data=0x00005042 resp=0 t=529395 ns
MON M01.AR  addr=0x04            t=529845 ns
MON M01.R   data=0x00005042 resp=0 t=529865 ns
MON M01.AR  addr=0x04            t=530315 ns
MON M01.R   data=0x00005042 resp=0 t=530335 ns
MON M01.AR  addr=0x04            t=530785 ns
MON M01.R   data=0x00005042 resp=0 t=530805 ns
MON M01.AR  addr=0x04            t=531255 ns
MON M01.R   data=0x00005042 resp=0 t=531275 ns
MON M01.AR  addr=0x04            t=531725 ns
MON M01.R   data=0x00005042 resp=0 t=531745 ns
MON M01.AR  addr=0x04            t=532195 ns
MON M01.R   data=0x00005042 resp=0 t=532215 ns
MON M01.AR  addr=0x04            t=532665 ns
MON M01.R   data=0x00005042 resp=0 t=532685 ns
MON M01.AR  addr=0x04            t=533135 ns
MON M01.R   data=0x00005042 resp=0 t=533155 ns
MON M01.AR  addr=0x04            t=533605 ns
MON M01.R   data=0x00005042 resp=0 t=533625 ns
MON M01.AR  addr=0x04            t=534075 ns
MON M01.R   data=0x00005042 resp=0 t=534095 ns
MON M01.AR  addr=0x04            t=534545 ns
MON M01.R   data=0x00005042 resp=0 t=534565 ns
MON M01.AR  addr=0x04            t=535015 ns
MON M01.R   data=0x00005042 resp=0 t=535035 ns
MON M01.AR  addr=0x04            t=535485 ns
MON M01.R   data=0x00005042 resp=0 t=535505 ns
MON M01.AR  addr=0x04            t=535955 ns
MON M01.R   data=0x00005042 resp=0 t=535975 ns
MON M01.AR  addr=0x04            t=536425 ns
MON M01.R   data=0x00005042 resp=0 t=536445 ns
MON M01.AR  addr=0x04            t=536895 ns
MON M01.R   data=0x00005042 resp=0 t=536915 ns
MON M01.AR  addr=0x04            t=537365 ns
MON M01.R   data=0x00005042 resp=0 t=537385 ns
MON M01.AR  addr=0x04            t=537835 ns
MON M01.R   data=0x00005042 resp=0 t=537855 ns
MON M01.AR  addr=0x04            t=538305 ns
MON M01.R   data=0x00005042 resp=0 t=538325 ns
MON M01.AR  addr=0x04            t=538775 ns
MON M01.R   data=0x00005042 resp=0 t=538795 ns
MON M01.AR  addr=0x04            t=539245 ns
MON M01.R   data=0x00005042 resp=0 t=539265 ns
MON M01.AR  addr=0x04            t=539715 ns
MON M01.R   data=0x00005042 resp=0 t=539735 ns
MON M01.AR  addr=0x04            t=540185 ns
MON M01.R   data=0x00005042 resp=0 t=540205 ns
MON M01.AR  addr=0x04            t=540655 ns
MON M01.R   data=0x00005042 resp=0 t=540675 ns
MON M01.AR  addr=0x04            t=541125 ns
MON M01.R   data=0x00005042 resp=0 t=541145 ns
MON M01.AR  addr=0x04            t=541595 ns
MON M01.R   data=0x00005042 resp=0 t=541615 ns
MON M01.AR  addr=0x04            t=542065 ns
MON M01.R   data=0x00005042 resp=0 t=542085 ns
MON M01.AR  addr=0x04            t=542535 ns
MON M01.R   data=0x00005042 resp=0 t=542555 ns
MON M01.AR  addr=0x04            t=543005 ns
MON M01.R   data=0x00005042 resp=0 t=543025 ns
MON M01.AR  addr=0x04            t=543475 ns
MON M01.R   data=0x00005042 resp=0 t=543495 ns
MON M01.AR  addr=0x04            t=543945 ns
MON M01.R   data=0x00005042 resp=0 t=543965 ns
MON M01.AR  addr=0x04            t=544415 ns
MON M01.R   data=0x00005042 resp=0 t=544435 ns
MON M01.AR  addr=0x04            t=544885 ns
MON M01.R   data=0x00005042 resp=0 t=544905 ns
MON M01.AR  addr=0x04            t=545355 ns
MON M01.R   data=0x00005042 resp=0 t=545375 ns
MON M01.AR  addr=0x04            t=545825 ns
MON M01.R   data=0x00005042 resp=0 t=545845 ns
MON M01.AR  addr=0x04            t=546295 ns
MON M01.R   data=0x00005042 resp=0 t=546315 ns
MON M01.AR  addr=0x04            t=546765 ns
MON M01.R   data=0x00005042 resp=0 t=546785 ns
MON M01.AR  addr=0x04            t=547235 ns
MON M01.R   data=0x00005042 resp=0 t=547255 ns
MON M01.AR  addr=0x04            t=547705 ns
MON M01.R   data=0x00005042 resp=0 t=547725 ns
MON M01.AR  addr=0x04            t=548175 ns
MON M01.R   data=0x00005042 resp=0 t=548195 ns
MON M01.AR  addr=0x04            t=548645 ns
MON M01.R   data=0x00005042 resp=0 t=548665 ns
MON M01.AR  addr=0x04            t=549115 ns
MON M01.R   data=0x00005042 resp=0 t=549135 ns
MON M01.AR  addr=0x04            t=549585 ns
MON M01.R   data=0x00005042 resp=0 t=549605 ns
MON M01.AR  addr=0x04            t=550055 ns
MON M01.R   data=0x00005042 resp=0 t=550075 ns
MON M01.AR  addr=0x04            t=550525 ns
MON M01.R   data=0x00005042 resp=0 t=550545 ns
MON M01.AR  addr=0x04            t=550995 ns
MON M01.R   data=0x00005042 resp=0 t=551015 ns
MON M01.AR  addr=0x04            t=551465 ns
MON M01.R   data=0x00005042 resp=0 t=551485 ns
MON M01.AR  addr=0x04            t=551935 ns
MON M01.R   data=0x00005042 resp=0 t=551955 ns
MON M01.AR  addr=0x04            t=552405 ns
MON M01.R   data=0x00005042 resp=0 t=552425 ns
MON M01.AR  addr=0x04            t=552875 ns
MON M01.R   data=0x00005042 resp=0 t=552895 ns
MON M01.AR  addr=0x04            t=553345 ns
MON M01.R   data=0x00005042 resp=0 t=553365 ns
MON M01.AR  addr=0x04            t=553815 ns
MON M01.R   data=0x00005042 resp=0 t=553835 ns
MON M01.AR  addr=0x04            t=554285 ns
MON M01.R   data=0x00005042 resp=0 t=554305 ns
MON M01.AR  addr=0x04            t=554755 ns
MON M01.R   data=0x00005042 resp=0 t=554775 ns
MON M01.AR  addr=0x04            t=555225 ns
MON M01.R   data=0x00005042 resp=0 t=555245 ns
MON M01.AR  addr=0x04            t=555695 ns
MON M01.R   data=0x00005042 resp=0 t=555715 ns
MON M01.AR  addr=0x04            t=556165 ns
MON M01.R   data=0x00005042 resp=0 t=556185 ns
MON M01.AR  addr=0x04            t=556635 ns
MON M01.R   data=0x00005042 resp=0 t=556655 ns
MON M01.AR  addr=0x04            t=557105 ns
MON M01.R   data=0x00005042 resp=0 t=557125 ns
MON M01.AR  addr=0x04            t=557575 ns
MON M01.R   data=0x00005042 resp=0 t=557595 ns
MON M01.AR  addr=0x04            t=558045 ns
MON M01.R   data=0x00005042 resp=0 t=558065 ns
MON M01.AR  addr=0x04            t=558515 ns
MON M01.R   data=0x00005042 resp=0 t=558535 ns
MON M01.AR  addr=0x04            t=558985 ns
MON M01.R   data=0x00005042 resp=0 t=559005 ns
MON M01.AR  addr=0x04            t=559455 ns
MON M01.R   data=0x00005042 resp=0 t=559475 ns
MON M01.AR  addr=0x04            t=559925 ns
MON M01.R   data=0x00005042 resp=0 t=559945 ns
MON M01.AR  addr=0x04            t=560395 ns
MON M01.R   data=0x00005042 resp=0 t=560415 ns
MON M01.AR  addr=0x04            t=560865 ns
MON M01.R   data=0x00005042 resp=0 t=560885 ns
MON M01.AR  addr=0x04            t=561335 ns
MON M01.R   data=0x00005042 resp=0 t=561355 ns
MON M01.AR  addr=0x04            t=561805 ns
MON M01.R   data=0x00005042 resp=0 t=561825 ns
MON M01.AR  addr=0x04            t=562275 ns
MON M01.R   data=0x00005042 resp=0 t=562295 ns
MON M01.AR  addr=0x04            t=562745 ns
MON M01.R   data=0x00005042 resp=0 t=562765 ns
MON M01.AR  addr=0x04            t=563215 ns
MON M01.R   data=0x00005042 resp=0 t=563235 ns
MON M01.AR  addr=0x04            t=563685 ns
MON M01.R   data=0x00005042 resp=0 t=563705 ns
MON M01.AR  addr=0x04            t=564155 ns
MON M01.R   data=0x00005042 resp=0 t=564175 ns
MON M01.AR  addr=0x04            t=564625 ns
MON M01.R   data=0x00005042 resp=0 t=564645 ns
MON M01.AR  addr=0x04            t=565095 ns
MON M01.R   data=0x00005042 resp=0 t=565115 ns
MON M01.AR  addr=0x04            t=565565 ns
MON M01.R   data=0x00005042 resp=0 t=565585 ns
MON M01.AR  addr=0x04            t=566035 ns
MON M01.R   data=0x00005042 resp=0 t=566055 ns
MON M01.AR  addr=0x04            t=566505 ns
MON M01.R   data=0x00005042 resp=0 t=566525 ns
MON M01.AR  addr=0x04            t=566975 ns
MON M01.R   data=0x00005042 resp=0 t=566995 ns
MON M01.AR  addr=0x04            t=567445 ns
MON M01.R   data=0x00005042 resp=0 t=567465 ns
MON M01.AR  addr=0x04            t=567915 ns
MON M01.R   data=0x00005042 resp=0 t=567935 ns
MON M01.AR  addr=0x04            t=568385 ns
MON M01.R   data=0x00005042 resp=0 t=568405 ns
MON M01.AR  addr=0x04            t=568855 ns
MON M01.R   data=0x00005042 resp=0 t=568875 ns
MON M01.AR  addr=0x04            t=569325 ns
MON M01.R   data=0x00005042 resp=0 t=569345 ns
MON M01.AR  addr=0x04            t=569795 ns
MON M01.R   data=0x00005042 resp=0 t=569815 ns
MON M01.AR  addr=0x04            t=570265 ns
MON M01.R   data=0x00005042 resp=0 t=570285 ns
MON M01.AR  addr=0x04            t=570735 ns
MON M01.R   data=0x00005042 resp=0 t=570755 ns
MON M01.AR  addr=0x04            t=571205 ns
MON M01.R   data=0x00005042 resp=0 t=571225 ns
MON M01.AR  addr=0x04            t=571675 ns
MON M01.R   data=0x00005042 resp=0 t=571695 ns
MON M01.AR  addr=0x04            t=572145 ns
MON M01.R   data=0x00005042 resp=0 t=572165 ns
MON M01.AR  addr=0x04            t=572615 ns
MON M01.R   data=0x00005042 resp=0 t=572635 ns
MON M01.AR  addr=0x04            t=573085 ns
MON M01.R   data=0x00005042 resp=0 t=573105 ns
MON M01.AR  addr=0x04            t=573555 ns
MON M01.R   data=0x00005042 resp=0 t=573575 ns
MON M01.AR  addr=0x04            t=574025 ns
MON M01.R   data=0x00005042 resp=0 t=574045 ns
MON M01.AR  addr=0x04            t=574495 ns
MON M01.R   data=0x00005042 resp=0 t=574515 ns
MON M01.AR  addr=0x04            t=574965 ns
MON M01.R   data=0x00005042 resp=0 t=574985 ns
MON M01.AR  addr=0x04            t=575435 ns
MON M01.R   data=0x00005042 resp=0 t=575455 ns
MON M01.AR  addr=0x04            t=575905 ns
MON M01.R   data=0x00005042 resp=0 t=575925 ns
MON M01.AR  addr=0x04            t=576375 ns
MON M01.R   data=0x00005042 resp=0 t=576395 ns
MON M01.AR  addr=0x04            t=576845 ns
MON M01.R   data=0x00005042 resp=0 t=576865 ns
MON M01.AR  addr=0x04            t=577315 ns
MON M01.R   data=0x00005042 resp=0 t=577335 ns
MON M01.AR  addr=0x04            t=577785 ns
MON M01.R   data=0x00005042 resp=0 t=577805 ns
MON M01.AR  addr=0x04            t=578255 ns
MON M01.R   data=0x00005042 resp=0 t=578275 ns
MON M01.AR  addr=0x04            t=578725 ns
MON M01.R   data=0x00005042 resp=0 t=578745 ns
MON M01.AR  addr=0x04            t=579195 ns
MON M01.R   data=0x00005042 resp=0 t=579215 ns
MON M01.AR  addr=0x04            t=579665 ns
MON M01.R   data=0x00005042 resp=0 t=579685 ns
MON M01.AR  addr=0x04            t=580135 ns
MON M01.R   data=0x00005042 resp=0 t=580155 ns
MON M01.AR  addr=0x04            t=580605 ns
MON M01.R   data=0x00005042 resp=0 t=580625 ns
MON M01.AR  addr=0x04            t=581075 ns
MON M01.R   data=0x00005042 resp=0 t=581095 ns
MON M01.AR  addr=0x04            t=581545 ns
MON M01.R   data=0x00005042 resp=0 t=581565 ns
MON M01.AR  addr=0x04            t=582015 ns
MON M01.R   data=0x00005042 resp=0 t=582035 ns
MON M01.AR  addr=0x04            t=582485 ns
MON M01.R   data=0x00005042 resp=0 t=582505 ns
MON M01.AR  addr=0x04            t=582955 ns
MON M01.R   data=0x00005042 resp=0 t=582975 ns
MON M01.AR  addr=0x04            t=583425 ns
MON M01.R   data=0x00005042 resp=0 t=583445 ns
MON M01.AR  addr=0x04            t=583895 ns
MON M01.R   data=0x00005042 resp=0 t=583915 ns
MON M01.AR  addr=0x04            t=584365 ns
MON M01.R   data=0x00005042 resp=0 t=584385 ns
MON M01.AR  addr=0x04            t=584835 ns
MON M01.R   data=0x00005042 resp=0 t=584855 ns
MON M01.AR  addr=0x04            t=585305 ns
MON M01.R   data=0x00005042 resp=0 t=585325 ns
MON M01.AR  addr=0x04            t=585775 ns
MON M01.R   data=0x00005042 resp=0 t=585795 ns
MON M01.AR  addr=0x04            t=586245 ns
MON M01.R   data=0x00005042 resp=0 t=586265 ns
MON M01.AR  addr=0x04            t=586715 ns
MON M01.R   data=0x00005042 resp=0 t=586735 ns
MON M01.AR  addr=0x04            t=587185 ns
MON M01.R   data=0x00005042 resp=0 t=587205 ns
MON M01.AR  addr=0x04            t=587655 ns
MON M01.R   data=0x00005042 resp=0 t=587675 ns
MON M01.AR  addr=0x04            t=588125 ns
MON M01.R   data=0x00005042 resp=0 t=588145 ns
MON M01.AR  addr=0x04            t=588595 ns
MON M01.R   data=0x00005042 resp=0 t=588615 ns
MON M01.AR  addr=0x04            t=589065 ns
MON M01.R   data=0x00005042 resp=0 t=589085 ns
MON M01.AR  addr=0x04            t=589535 ns
MON M01.R   data=0x00005042 resp=0 t=589555 ns
MON M01.AR  addr=0x04            t=590005 ns
MON M01.R   data=0x00005042 resp=0 t=590025 ns
MON M01.AR  addr=0x04            t=590475 ns
MON M01.R   data=0x00005042 resp=0 t=590495 ns
MON M01.AR  addr=0x04            t=590945 ns
MON M01.R   data=0x00005042 resp=0 t=590965 ns
MON M01.AR  addr=0x04            t=591415 ns
MON M01.R   data=0x00005042 resp=0 t=591435 ns
MON M01.AR  addr=0x04            t=591885 ns
MON M01.R   data=0x00005042 resp=0 t=591905 ns
MON M01.AR  addr=0x04            t=592355 ns
MON M01.R   data=0x00005042 resp=0 t=592375 ns
MON M01.AR  addr=0x04            t=592825 ns
MON M01.R   data=0x00005042 resp=0 t=592845 ns
MON M01.AR  addr=0x04            t=593295 ns
MON M01.R   data=0x00005042 resp=0 t=593315 ns
MON M01.AR  addr=0x04            t=593765 ns
MON M01.R   data=0x00005042 resp=0 t=593785 ns
MON M01.AR  addr=0x04            t=594235 ns
MON M01.R   data=0x00005042 resp=0 t=594255 ns
MON M01.AR  addr=0x04            t=594705 ns
MON M01.R   data=0x00005042 resp=0 t=594725 ns
MON M01.AR  addr=0x04            t=595175 ns
MON M01.R   data=0x00005042 resp=0 t=595195 ns
MON M01.AR  addr=0x04            t=595645 ns
MON M01.R   data=0x00005042 resp=0 t=595665 ns
MON M01.AR  addr=0x04            t=596115 ns
MON M01.R   data=0x00005042 resp=0 t=596135 ns
MON M01.AR  addr=0x04            t=596585 ns
MON M01.R   data=0x00005042 resp=0 t=596605 ns
MON M01.AR  addr=0x04            t=597055 ns
MON M01.R   data=0x00005042 resp=0 t=597075 ns
MON M01.AR  addr=0x04            t=597525 ns
MON M01.R   data=0x00005042 resp=0 t=597545 ns
MON M01.AR  addr=0x04            t=597995 ns
MON M01.R   data=0x00005042 resp=0 t=598015 ns
MON M01.AR  addr=0x04            t=598465 ns
MON M01.R   data=0x00005042 resp=0 t=598485 ns
MON M01.AR  addr=0x04            t=598935 ns
MON M01.R   data=0x00005042 resp=0 t=598955 ns
MON M01.AR  addr=0x04            t=599405 ns
MON M01.R   data=0x00005042 resp=0 t=599425 ns
MON M01.AR  addr=0x04            t=599875 ns
MON M01.R   data=0x00005042 resp=0 t=599895 ns
MON M01.AR  addr=0x04            t=600345 ns
MON M01.R   data=0x00005042 resp=0 t=600365 ns
MON M01.AR  addr=0x04            t=600815 ns
MON M01.R   data=0x00005042 resp=0 t=600835 ns
MON M01.AR  addr=0x04            t=601285 ns
MON M01.R   data=0x00005042 resp=0 t=601305 ns
MON M01.AR  addr=0x04            t=601755 ns
MON M01.R   data=0x00005042 resp=0 t=601775 ns
MON M01.AR  addr=0x04            t=602225 ns
MON M01.R   data=0x00005042 resp=0 t=602245 ns
MON M01.AR  addr=0x04            t=602695 ns
MON M01.R   data=0x00005042 resp=0 t=602715 ns
MON M01.AR  addr=0x04            t=603165 ns
MON M01.R   data=0x00005042 resp=0 t=603185 ns
MON M01.AR  addr=0x04            t=603635 ns
MON M01.R   data=0x00005042 resp=0 t=603655 ns
MON M01.AR  addr=0x04            t=604105 ns
MON M01.R   data=0x00005042 resp=0 t=604125 ns
MON M01.AR  addr=0x04            t=604575 ns
MON M01.R   data=0x00005042 resp=0 t=604595 ns
MON M01.AR  addr=0x04            t=605045 ns
MON M01.R   data=0x00005042 resp=0 t=605065 ns
MON M01.AR  addr=0x04            t=605515 ns
MON M01.R   data=0x00005042 resp=0 t=605535 ns
MON M01.AR  addr=0x04            t=605985 ns
MON M01.R   data=0x00005042 resp=0 t=606005 ns
MON M01.AR  addr=0x04            t=606455 ns
MON M01.R   data=0x00005042 resp=0 t=606475 ns
MON M01.AR  addr=0x04            t=606925 ns
MON M01.R   data=0x00005042 resp=0 t=606945 ns
MON M01.AR  addr=0x04            t=607395 ns
MON M01.R   data=0x00005042 resp=0 t=607415 ns
MON M01.AR  addr=0x04            t=607865 ns
MON M01.R   data=0x00005042 resp=0 t=607885 ns
MON M01.AR  addr=0x04            t=608335 ns
MON M01.R   data=0x00005042 resp=0 t=608355 ns
MON M01.AR  addr=0x04            t=608805 ns
MON M01.R   data=0x00005042 resp=0 t=608825 ns
MON M01.AR  addr=0x04            t=609275 ns
MON M01.R   data=0x00005042 resp=0 t=609295 ns
MON M01.AR  addr=0x04            t=609745 ns
MON M01.R   data=0x00005042 resp=0 t=609765 ns
MON M01.AR  addr=0x04            t=610215 ns
MON M01.R   data=0x00005042 resp=0 t=610235 ns
MON M01.AR  addr=0x04            t=610685 ns
MON M01.R   data=0x00005042 resp=0 t=610705 ns
MON M01.AR  addr=0x04            t=611155 ns
MON M01.R   data=0x00005042 resp=0 t=611175 ns
MON M01.AR  addr=0x04            t=611625 ns
MON M01.R   data=0x00005042 resp=0 t=611645 ns
MON M01.AR  addr=0x04            t=612095 ns
MON M01.R   data=0x00005042 resp=0 t=612115 ns
MON M01.AR  addr=0x04            t=612565 ns
MON M01.R   data=0x00005042 resp=0 t=612585 ns
MON M01.AR  addr=0x04            t=613035 ns
MON M01.R   data=0x00005042 resp=0 t=613055 ns
MON M01.AR  addr=0x04            t=613505 ns
MON M01.R   data=0x00005042 resp=0 t=613525 ns
MON M01.AR  addr=0x04            t=613975 ns
MON M01.R   data=0x00005042 resp=0 t=613995 ns
MON M01.AR  addr=0x04            t=614445 ns
MON M01.R   data=0x00005042 resp=0 t=614465 ns
MON M01.AR  addr=0x04            t=614915 ns
MON M01.R   data=0x00005042 resp=0 t=614935 ns
MON M01.AR  addr=0x04            t=615385 ns
MON M01.R   data=0x00005042 resp=0 t=615405 ns
MON M01.AR  addr=0x04            t=615855 ns
MON M01.R   data=0x00005042 resp=0 t=615875 ns
MON M01.AR  addr=0x04            t=616325 ns
MON M01.R   data=0x00005042 resp=0 t=616345 ns
MON M01.AR  addr=0x04            t=616795 ns
MON M01.R   data=0x00005042 resp=0 t=616815 ns
MON M01.AR  addr=0x04            t=617265 ns
MON M01.R   data=0x00005042 resp=0 t=617285 ns
MON M01.AR  addr=0x04            t=617735 ns
MON M01.R   data=0x00005042 resp=0 t=617755 ns
MON M01.AR  addr=0x04            t=618205 ns
MON M01.R   data=0x00005042 resp=0 t=618225 ns
MON M01.AR  addr=0x04            t=618675 ns
MON M01.R   data=0x00005042 resp=0 t=618695 ns
MON M01.AR  addr=0x04            t=619145 ns
MON M01.R   data=0x00005042 resp=0 t=619165 ns
MON M01.AR  addr=0x04            t=619615 ns
MON M01.R   data=0x00005042 resp=0 t=619635 ns
MON M01.AR  addr=0x04            t=620085 ns
MON M01.R   data=0x00005042 resp=0 t=620105 ns
MON M01.AR  addr=0x04            t=620555 ns
MON M01.R   data=0x00005042 resp=0 t=620575 ns
MON M01.AR  addr=0x04            t=621025 ns
MON M01.R   data=0x00005042 resp=0 t=621045 ns
MON M01.AR  addr=0x04            t=621495 ns
MON M01.R   data=0x00005042 resp=0 t=621515 ns
MON M01.AR  addr=0x04            t=621965 ns
MON M01.R   data=0x00005042 resp=0 t=621985 ns
MON M01.AR  addr=0x04            t=622435 ns
MON M01.R   data=0x00005042 resp=0 t=622455 ns
MON M01.AR  addr=0x04            t=622905 ns
MON M01.R   data=0x00005042 resp=0 t=622925 ns
MON M01.AR  addr=0x04            t=623375 ns
MON M01.R   data=0x00005042 resp=0 t=623395 ns
MON M01.AR  addr=0x04            t=623845 ns
MON M01.R   data=0x00005042 resp=0 t=623865 ns
MON M01.AR  addr=0x04            t=624315 ns
MON M01.R   data=0x00005042 resp=0 t=624335 ns
MON M01.AR  addr=0x04            t=624785 ns
MON M01.R   data=0x00005042 resp=0 t=624805 ns
MON M01.AR  addr=0x04            t=625255 ns
MON M01.R   data=0x00005042 resp=0 t=625275 ns
MON M01.AR  addr=0x04            t=625725 ns
MON M01.R   data=0x00005042 resp=0 t=625745 ns
MON M01.AR  addr=0x04            t=626195 ns
MON M01.R   data=0x00005042 resp=0 t=626215 ns
MON M01.AR  addr=0x04            t=626665 ns
MON M01.R   data=0x00005042 resp=0 t=626685 ns
MON M01.AR  addr=0x04            t=627135 ns
MON M01.R   data=0x00005042 resp=0 t=627155 ns
MON M01.AR  addr=0x04            t=627605 ns
MON M01.R   data=0x00005042 resp=0 t=627625 ns
MON M01.AR  addr=0x04            t=628075 ns
MON M01.R   data=0x00005042 resp=0 t=628095 ns
MON M01.AR  addr=0x04            t=628545 ns
MON M01.R   data=0x00005042 resp=0 t=628565 ns
MON M01.AR  addr=0x04            t=629015 ns
MON M01.R   data=0x00005042 resp=0 t=629035 ns
MON M01.AR  addr=0x04            t=629485 ns
MON M01.R   data=0x00005042 resp=0 t=629505 ns
MON M01.AR  addr=0x04            t=629955 ns
MON M01.R   data=0x00005042 resp=0 t=629975 ns
MON M01.AR  addr=0x04            t=630425 ns
MON M01.R   data=0x00005042 resp=0 t=630445 ns
MON M01.AR  addr=0x04            t=630895 ns
MON M01.R   data=0x00005042 resp=0 t=630915 ns
MON M01.AR  addr=0x04            t=631365 ns
MON M01.R   data=0x00005042 resp=0 t=631385 ns
MON M01.AR  addr=0x04            t=631835 ns
MON M01.R   data=0x00005042 resp=0 t=631855 ns
MON M01.AR  addr=0x04            t=632305 ns
MON M01.R   data=0x00005042 resp=0 t=632325 ns
MON M01.AR  addr=0x04            t=632775 ns
MON M01.R   data=0x00005042 resp=0 t=632795 ns
MON M01.AR  addr=0x04            t=633245 ns
MON M01.R   data=0x00005042 resp=0 t=633265 ns
MON M01.AR  addr=0x04            t=633715 ns
MON M01.R   data=0x00005042 resp=0 t=633735 ns
MON M01.AR  addr=0x04            t=634185 ns
MON M01.R   data=0x00005042 resp=0 t=634205 ns
MON M01.AR  addr=0x04            t=634655 ns
MON M01.R   data=0x00005042 resp=0 t=634675 ns
MON M01.AR  addr=0x04            t=635125 ns
MON M01.R   data=0x00005042 resp=0 t=635145 ns
MON M01.AR  addr=0x04            t=635595 ns
MON M01.R   data=0x00005042 resp=0 t=635615 ns
MON M01.AR  addr=0x04            t=636065 ns
MON M01.R   data=0x00005042 resp=0 t=636085 ns
MON M01.AR  addr=0x04            t=636535 ns
MON M01.R   data=0x00005042 resp=0 t=636555 ns
MON M01.AR  addr=0x04            t=637005 ns
MON M01.R   data=0x00005042 resp=0 t=637025 ns
MON M01.AR  addr=0x04            t=637475 ns
MON M01.R   data=0x00005042 resp=0 t=637495 ns
MON M01.AR  addr=0x04            t=637945 ns
MON M01.R   data=0x00005042 resp=0 t=637965 ns
MON M01.AR  addr=0x04            t=638415 ns
MON M01.R   data=0x00005042 resp=0 t=638435 ns
MON M01.AR  addr=0x04            t=638885 ns
MON M01.R   data=0x00005042 resp=0 t=638905 ns
MON M01.AR  addr=0x04            t=639355 ns
MON M01.R   data=0x00005042 resp=0 t=639375 ns
MON M01.AR  addr=0x04            t=639825 ns
MON M01.R   data=0x00005042 resp=0 t=639845 ns
MON M01.AR  addr=0x04            t=640295 ns
MON M01.R   data=0x00005042 resp=0 t=640315 ns
MON M01.AR  addr=0x04            t=640765 ns
MON M01.R   data=0x00005042 resp=0 t=640785 ns
MON M01.AR  addr=0x04            t=641235 ns
MON M01.R   data=0x00005042 resp=0 t=641255 ns
MON M01.AR  addr=0x04            t=641705 ns
MON M01.R   data=0x00005042 resp=0 t=641725 ns
MON M01.AR  addr=0x04            t=642175 ns
MON M01.R   data=0x00005042 resp=0 t=642195 ns
MON M01.AR  addr=0x04            t=642645 ns
MON M01.R   data=0x00005042 resp=0 t=642665 ns
MON M01.AR  addr=0x04            t=643115 ns
MON M01.R   data=0x00005042 resp=0 t=643135 ns
MON M01.AR  addr=0x04            t=643585 ns
MON M01.R   data=0x00005042 resp=0 t=643605 ns
MON M01.AR  addr=0x04            t=644055 ns
MON M01.R   data=0x00005042 resp=0 t=644075 ns
MON M01.AR  addr=0x04            t=644525 ns
MON M01.R   data=0x00005042 resp=0 t=644545 ns
MON M01.AR  addr=0x04            t=644995 ns
MON M01.R   data=0x00005042 resp=0 t=645015 ns
MON M01.AR  addr=0x04            t=645465 ns
MON M01.R   data=0x00005042 resp=0 t=645485 ns
MON M01.AR  addr=0x04            t=645935 ns
MON M01.R   data=0x00005042 resp=0 t=645955 ns
MON M01.AR  addr=0x04            t=646405 ns
MON M01.R   data=0x00005042 resp=0 t=646425 ns
MON M01.AR  addr=0x04            t=646875 ns
MON M01.R   data=0x00005042 resp=0 t=646895 ns
MON M01.AR  addr=0x04            t=647345 ns
MON M01.R   data=0x00005042 resp=0 t=647365 ns
MON M01.AR  addr=0x04            t=647815 ns
MON M01.R   data=0x00005042 resp=0 t=647835 ns
MON M01.AR  addr=0x04            t=648285 ns
MON M01.R   data=0x00005042 resp=0 t=648305 ns
MON M01.AR  addr=0x04            t=648755 ns
MON M01.R   data=0x00005042 resp=0 t=648775 ns
MON M01.AR  addr=0x04            t=649225 ns
MON M01.R   data=0x00005042 resp=0 t=649245 ns
MON M01.AR  addr=0x04            t=649695 ns
MON M01.R   data=0x00005042 resp=0 t=649715 ns
MON M01.AR  addr=0x04            t=650165 ns
MON M01.R   data=0x00005042 resp=0 t=650185 ns
MON M01.AR  addr=0x04            t=650635 ns
MON M01.R   data=0x00005042 resp=0 t=650655 ns
MON M01.AR  addr=0x04            t=651105 ns
MON M01.R   data=0x00005042 resp=0 t=651125 ns
MON M01.AR  addr=0x04            t=651575 ns
MON M01.R   data=0x00005042 resp=0 t=651595 ns
MON M01.AR  addr=0x04            t=652045 ns
MON M01.R   data=0x00005042 resp=0 t=652065 ns
MON M01.AR  addr=0x04            t=652515 ns
MON M01.R   data=0x00005042 resp=0 t=652535 ns
MON M01.AR  addr=0x04            t=652985 ns
MON M01.R   data=0x00005042 resp=0 t=653005 ns
MON M01.AR  addr=0x04            t=653455 ns
MON M01.R   data=0x00005042 resp=0 t=653475 ns
MON M01.AR  addr=0x04            t=653925 ns
MON M01.R   data=0x00005042 resp=0 t=653945 ns
MON M01.AR  addr=0x04            t=654395 ns
MON M01.R   data=0x00005042 resp=0 t=654415 ns
MON M01.AR  addr=0x04            t=654865 ns
MON M01.R   data=0x00005042 resp=0 t=654885 ns
MON M01.AR  addr=0x04            t=655335 ns
MON M01.R   data=0x00005042 resp=0 t=655355 ns
MON M01.AR  addr=0x04            t=655805 ns
MON M01.R   data=0x00005042 resp=0 t=655825 ns
MON M01.AR  addr=0x04            t=656275 ns
MON M01.R   data=0x00005042 resp=0 t=656295 ns
MON M01.AR  addr=0x04            t=656745 ns
MON M01.R   data=0x00005042 resp=0 t=656765 ns
MON M01.AR  addr=0x04            t=657215 ns
MON M01.R   data=0x00005042 resp=0 t=657235 ns
MON M01.AR  addr=0x04            t=657685 ns
MON M01.R   data=0x00005042 resp=0 t=657705 ns
MON M01.AR  addr=0x04            t=658155 ns
MON M01.R   data=0x00005042 resp=0 t=658175 ns
MON M01.AR  addr=0x04            t=658625 ns
MON M01.R   data=0x00005042 resp=0 t=658645 ns
MON M01.AR  addr=0x04            t=659095 ns
MON M01.R   data=0x00005042 resp=0 t=659115 ns
MON M01.AR  addr=0x04            t=659565 ns
MON M01.R   data=0x00005042 resp=0 t=659585 ns
MON M01.AR  addr=0x04            t=660035 ns
MON M01.R   data=0x00005042 resp=0 t=660055 ns
MON M01.AR  addr=0x04            t=660505 ns
MON M01.R   data=0x00005042 resp=0 t=660525 ns
MON M01.AR  addr=0x04            t=660975 ns
MON M01.R   data=0x00005042 resp=0 t=660995 ns
MON M01.AR  addr=0x04            t=661445 ns
MON M01.R   data=0x00005042 resp=0 t=661465 ns
MON M01.AR  addr=0x04            t=661915 ns
MON M01.R   data=0x00005042 resp=0 t=661935 ns
MON M01.AR  addr=0x04            t=662385 ns
MON M01.R   data=0x00005042 resp=0 t=662405 ns
MON M01.AR  addr=0x04            t=662855 ns
MON M01.R   data=0x00005042 resp=0 t=662875 ns
MON M01.AR  addr=0x04            t=663325 ns
MON M01.R   data=0x00005042 resp=0 t=663345 ns
MON M01.AR  addr=0x04            t=663795 ns
MON M01.R   data=0x00005042 resp=0 t=663815 ns
MON M01.AR  addr=0x04            t=664265 ns
MON M01.R   data=0x00005042 resp=0 t=664285 ns
MON M01.AR  addr=0x04            t=664735 ns
MON M01.R   data=0x00005042 resp=0 t=664755 ns
MON M01.AR  addr=0x04            t=665205 ns
MON M01.R   data=0x00005042 resp=0 t=665225 ns
MON M01.AR  addr=0x04            t=665675 ns
MON M01.R   data=0x00005042 resp=0 t=665695 ns
MON M01.AR  addr=0x04            t=666145 ns
MON M01.R   data=0x00005042 resp=0 t=666165 ns
MON M01.AR  addr=0x04            t=666615 ns
MON M01.R   data=0x00005042 resp=0 t=666635 ns
MON M01.AR  addr=0x04            t=667085 ns
MON M01.R   data=0x00005042 resp=0 t=667105 ns
MON M01.AR  addr=0x04            t=667555 ns
MON M01.R   data=0x00005042 resp=0 t=667575 ns
MON M01.AR  addr=0x04            t=668025 ns
MON M01.R   data=0x00005042 resp=0 t=668045 ns
MON M01.AR  addr=0x04            t=668495 ns
MON M01.R   data=0x00005042 resp=0 t=668515 ns
MON M01.AR  addr=0x04            t=668965 ns
MON M01.R   data=0x00005042 resp=0 t=668985 ns
MON M01.AR  addr=0x04            t=669435 ns
MON M01.R   data=0x00005042 resp=0 t=669455 ns
MON M01.AR  addr=0x04            t=669905 ns
MON M01.R   data=0x00005042 resp=0 t=669925 ns
MON M01.AR  addr=0x04            t=670375 ns
MON M01.R   data=0x00005042 resp=0 t=670395 ns
MON M01.AR  addr=0x04            t=670845 ns
MON M01.R   data=0x00005042 resp=0 t=670865 ns
MON M01.AR  addr=0x04            t=671315 ns
MON M01.R   data=0x00005042 resp=0 t=671335 ns
MON M01.AR  addr=0x04            t=671785 ns
MON M01.R   data=0x00005042 resp=0 t=671805 ns
MON M01.AR  addr=0x04            t=672255 ns
MON M01.R   data=0x00005042 resp=0 t=672275 ns
MON M01.AR  addr=0x04            t=672725 ns
MON M01.R   data=0x00005042 resp=0 t=672745 ns
MON M01.AR  addr=0x04            t=673195 ns
MON M01.R   data=0x00005042 resp=0 t=673215 ns
MON M01.AR  addr=0x04            t=673665 ns
MON M01.R   data=0x00005042 resp=0 t=673685 ns
MON M01.AR  addr=0x04            t=674135 ns
MON M01.R   data=0x00005042 resp=0 t=674155 ns
MON M01.AR  addr=0x04            t=674605 ns
MON M01.R   data=0x00005042 resp=0 t=674625 ns
MON M01.AR  addr=0x04            t=675075 ns
MON M01.R   data=0x00005042 resp=0 t=675095 ns
MON M01.AR  addr=0x04            t=675545 ns
MON M01.R   data=0x00005042 resp=0 t=675565 ns
MON M01.AR  addr=0x04            t=676015 ns
MON M01.R   data=0x00005042 resp=0 t=676035 ns
MON M01.AR  addr=0x04            t=676485 ns
MON M01.R   data=0x00005042 resp=0 t=676505 ns
MON M01.AR  addr=0x04            t=676955 ns
MON M01.R   data=0x00005042 resp=0 t=676975 ns
MON M01.AR  addr=0x04            t=677425 ns
MON M01.R   data=0x00005042 resp=0 t=677445 ns
MON M01.AR  addr=0x04            t=677895 ns
MON M01.R   data=0x00005042 resp=0 t=677915 ns
MON M01.AR  addr=0x04            t=678365 ns
MON M01.R   data=0x00005042 resp=0 t=678385 ns
MON M01.AR  addr=0x04            t=678835 ns
MON M01.R   data=0x00005042 resp=0 t=678855 ns
MON M01.AR  addr=0x04            t=679305 ns
MON M01.R   data=0x00005042 resp=0 t=679325 ns
MON M01.AR  addr=0x04            t=679775 ns
MON M01.R   data=0x00005042 resp=0 t=679795 ns
MON M01.AR  addr=0x04            t=680245 ns
MON M01.R   data=0x00005042 resp=0 t=680265 ns
MON M01.AR  addr=0x04            t=680715 ns
MON M01.R   data=0x00005042 resp=0 t=680735 ns
MON M01.AR  addr=0x04            t=681185 ns
MON M01.R   data=0x00005042 resp=0 t=681205 ns
MON M01.AR  addr=0x04            t=681655 ns
MON M01.R   data=0x00005042 resp=0 t=681675 ns
MON M01.AR  addr=0x04            t=682125 ns
MON M01.R   data=0x00005042 resp=0 t=682145 ns
MON M01.AR  addr=0x04            t=682595 ns
MON M01.R   data=0x00005042 resp=0 t=682615 ns
MON M01.AR  addr=0x04            t=683065 ns
MON M01.R   data=0x00005042 resp=0 t=683085 ns
MON M01.AR  addr=0x04            t=683535 ns
MON M01.R   data=0x00005042 resp=0 t=683555 ns
MON M01.AR  addr=0x04            t=684005 ns
MON M01.R   data=0x00005042 resp=0 t=684025 ns
MON M01.AR  addr=0x04            t=684475 ns
MON M01.R   data=0x00005042 resp=0 t=684495 ns
MON M01.AR  addr=0x04            t=684945 ns
MON M01.R   data=0x00005042 resp=0 t=684965 ns
MON M01.AR  addr=0x04            t=685415 ns
MON M01.R   data=0x00005042 resp=0 t=685435 ns
MON M01.AR  addr=0x04            t=685885 ns
MON M01.R   data=0x00005042 resp=0 t=685905 ns
MON M01.AR  addr=0x04            t=686355 ns
MON M01.R   data=0x00005042 resp=0 t=686375 ns
MON M01.AR  addr=0x04            t=686825 ns
MON M01.R   data=0x00005042 resp=0 t=686845 ns
MON M01.AR  addr=0x04            t=687295 ns
MON M01.R   data=0x00005042 resp=0 t=687315 ns
MON M01.AR  addr=0x04            t=687765 ns
MON M01.R   data=0x00005042 resp=0 t=687785 ns
MON M01.AR  addr=0x04            t=688235 ns
MON M01.R   data=0x00005042 resp=0 t=688255 ns
MON M01.AR  addr=0x04            t=688705 ns
MON M01.R   data=0x00005042 resp=0 t=688725 ns
MON M01.AR  addr=0x04            t=689175 ns
MON M01.R   data=0x00005042 resp=0 t=689195 ns
MON M01.AR  addr=0x04            t=689645 ns
MON M01.R   data=0x00005042 resp=0 t=689665 ns
MON M01.AR  addr=0x04            t=690115 ns
MON M01.R   data=0x00005042 resp=0 t=690135 ns
MON M01.AR  addr=0x04            t=690585 ns
MON M01.R   data=0x00005042 resp=0 t=690605 ns
MON M01.AR  addr=0x04            t=691055 ns
MON M01.R   data=0x00005042 resp=0 t=691075 ns
MON M01.AR  addr=0x04            t=691525 ns
MON M01.R   data=0x00005042 resp=0 t=691545 ns
MON M01.AR  addr=0x04            t=691995 ns
MON M01.R   data=0x00005042 resp=0 t=692015 ns
MON M01.AR  addr=0x04            t=692465 ns
MON M01.R   data=0x00005042 resp=0 t=692485 ns
MON M01.AR  addr=0x04            t=692935 ns
MON M01.R   data=0x00005042 resp=0 t=692955 ns
MON M01.AR  addr=0x04            t=693405 ns
MON M01.R   data=0x00005042 resp=0 t=693425 ns
MON M01.AR  addr=0x04            t=693875 ns
MON M01.R   data=0x00005042 resp=0 t=693895 ns
MON M01.AR  addr=0x04            t=694345 ns
MON M01.R   data=0x00005042 resp=0 t=694365 ns
MON M01.AR  addr=0x04            t=694815 ns
MON M01.R   data=0x00005042 resp=0 t=694835 ns
MON M01.AR  addr=0x04            t=695285 ns
MON M01.R   data=0x00005042 resp=0 t=695305 ns
MON M01.AR  addr=0x04            t=695755 ns
MON M01.R   data=0x00005042 resp=0 t=695775 ns
MON M01.AR  addr=0x04            t=696225 ns
MON M01.R   data=0x00005042 resp=0 t=696245 ns
MON M01.AR  addr=0x04            t=696695 ns
MON M01.R   data=0x00005042 resp=0 t=696715 ns
MON M01.AR  addr=0x04            t=697165 ns
MON M01.R   data=0x00005042 resp=0 t=697185 ns
MON M01.AR  addr=0x04            t=697635 ns
MON M01.R   data=0x00005042 resp=0 t=697655 ns
MON M01.AR  addr=0x04            t=698105 ns
MON M01.R   data=0x00005042 resp=0 t=698125 ns
MON M01.AR  addr=0x04            t=698575 ns
MON M01.R   data=0x00005042 resp=0 t=698595 ns
MON M01.AR  addr=0x04            t=699045 ns
MON M01.R   data=0x00005042 resp=0 t=699065 ns
MON M01.AR  addr=0x04            t=699515 ns
MON M01.R   data=0x00005042 resp=0 t=699535 ns
MON M01.AR  addr=0x04            t=699985 ns
MON M01.R   data=0x00005042 resp=0 t=700005 ns
MON M01.AR  addr=0x04            t=700455 ns
MON M01.R   data=0x00005042 resp=0 t=700475 ns
MON M01.AR  addr=0x04            t=700925 ns
MON M01.R   data=0x00005042 resp=0 t=700945 ns
MON M01.AR  addr=0x04            t=701395 ns
MON M01.R   data=0x00005042 resp=0 t=701415 ns
MON M01.AR  addr=0x04            t=701865 ns
MON M01.R   data=0x00005042 resp=0 t=701885 ns
MON M01.AR  addr=0x04            t=702335 ns
MON M01.R   data=0x00005042 resp=0 t=702355 ns
MON M01.AR  addr=0x04            t=702805 ns
MON M01.R   data=0x00005042 resp=0 t=702825 ns
MON M01.AR  addr=0x04            t=703275 ns
MON M01.R   data=0x00005042 resp=0 t=703295 ns
MON M01.AR  addr=0x04            t=703745 ns
MON M01.R   data=0x00005042 resp=0 t=703765 ns
MON M01.AR  addr=0x04            t=704215 ns
MON M01.R   data=0x00005042 resp=0 t=704235 ns
MON M01.AR  addr=0x04            t=704685 ns
MON M01.R   data=0x00005042 resp=0 t=704705 ns
MON M01.AR  addr=0x04            t=705155 ns
MON M01.R   data=0x00005042 resp=0 t=705175 ns
MON M01.AR  addr=0x04            t=705625 ns
MON M01.R   data=0x00005042 resp=0 t=705645 ns
MON M01.AR  addr=0x04            t=706095 ns
MON M01.R   data=0x00005042 resp=0 t=706115 ns
MON M01.AR  addr=0x04            t=706565 ns
MON M01.R   data=0x00005042 resp=0 t=706585 ns
MON M01.AR  addr=0x04            t=707035 ns
MON M01.R   data=0x00005042 resp=0 t=707055 ns
MON M01.AR  addr=0x04            t=707505 ns
MON M01.R   data=0x00005042 resp=0 t=707525 ns
MON M01.AR  addr=0x04            t=707975 ns
MON M01.R   data=0x00005042 resp=0 t=707995 ns
MON M01.AR  addr=0x04            t=708445 ns
MON M01.R   data=0x00005042 resp=0 t=708465 ns
MON M01.AR  addr=0x04            t=708915 ns
MON M01.R   data=0x00005042 resp=0 t=708935 ns
MON M01.AR  addr=0x04            t=709385 ns
MON M01.R   data=0x00005042 resp=0 t=709405 ns
MON M01.AR  addr=0x04            t=709855 ns
MON M01.R   data=0x00005042 resp=0 t=709875 ns
MON M01.AR  addr=0x04            t=710325 ns
MON M01.R   data=0x00005042 resp=0 t=710345 ns
MON M01.AR  addr=0x04            t=710795 ns
MON M01.R   data=0x00005042 resp=0 t=710815 ns
MON M01.AR  addr=0x04            t=711265 ns
MON M01.R   data=0x00005042 resp=0 t=711285 ns
MON M01.AR  addr=0x04            t=711735 ns
MON M01.R   data=0x00005042 resp=0 t=711755 ns
MON M01.AR  addr=0x04            t=712205 ns
MON M01.R   data=0x00005042 resp=0 t=712225 ns
MON M01.AR  addr=0x04            t=712675 ns
MON M01.R   data=0x00005042 resp=0 t=712695 ns
MON M01.AR  addr=0x04            t=713145 ns
MON M01.R   data=0x00005042 resp=0 t=713165 ns
MON M01.AR  addr=0x04            t=713615 ns
MON M01.R   data=0x00005042 resp=0 t=713635 ns
MON M01.AR  addr=0x04            t=714085 ns
MON M01.R   data=0x00005042 resp=0 t=714105 ns
MON M01.AR  addr=0x04            t=714555 ns
MON M01.R   data=0x00005042 resp=0 t=714575 ns
MON M01.AR  addr=0x04            t=715025 ns
MON M01.R   data=0x00005042 resp=0 t=715045 ns
MON M01.AR  addr=0x04            t=715495 ns
MON M01.R   data=0x00005042 resp=0 t=715515 ns
MON M01.AR  addr=0x04            t=715965 ns
MON M01.R   data=0x00005042 resp=0 t=715985 ns
MON M01.AR  addr=0x04            t=716435 ns
MON M01.R   data=0x00005042 resp=0 t=716455 ns
MON M01.AR  addr=0x04            t=716905 ns
MON M01.R   data=0x00005042 resp=0 t=716925 ns
MON M01.AR  addr=0x04            t=717375 ns
MON M01.R   data=0x00005042 resp=0 t=717395 ns
MON M01.AR  addr=0x04            t=717845 ns
MON M01.R   data=0x00005042 resp=0 t=717865 ns
MON M01.AR  addr=0x04            t=718315 ns
MON M01.R   data=0x00005042 resp=0 t=718335 ns
MON M01.AR  addr=0x04            t=718785 ns
MON M01.R   data=0x00005042 resp=0 t=718805 ns
MON M01.AR  addr=0x04            t=719255 ns
MON M01.R   data=0x00005042 resp=0 t=719275 ns
MON M01.AR  addr=0x04            t=719725 ns
MON M01.R   data=0x00005042 resp=0 t=719745 ns
MON M01.AR  addr=0x04            t=720195 ns
MON M01.R   data=0x00005042 resp=0 t=720215 ns
MON M01.AR  addr=0x04            t=720665 ns
MON M01.R   data=0x00005042 resp=0 t=720685 ns
MON M01.AR  addr=0x04            t=721135 ns
MON M01.R   data=0x00005042 resp=0 t=721155 ns
MON M01.AR  addr=0x04            t=721605 ns
MON M01.R   data=0x00005042 resp=0 t=721625 ns
MON M01.AR  addr=0x04            t=722075 ns
MON M01.R   data=0x00005042 resp=0 t=722095 ns
MON M01.AR  addr=0x04            t=722545 ns
MON M01.R   data=0x00005042 resp=0 t=722565 ns
MON M01.AR  addr=0x04            t=723015 ns
MON M01.R   data=0x00005042 resp=0 t=723035 ns
MON M01.AR  addr=0x04            t=723485 ns
MON M01.R   data=0x00005042 resp=0 t=723505 ns
MON M01.AR  addr=0x04            t=723955 ns
MON M01.R   data=0x00005042 resp=0 t=723975 ns
MON M01.AR  addr=0x04            t=724425 ns
MON M01.R   data=0x00005042 resp=0 t=724445 ns
MON M01.AR  addr=0x04            t=724895 ns
MON M01.R   data=0x00005042 resp=0 t=724915 ns
MON M01.AR  addr=0x04            t=725365 ns
MON M01.R   data=0x00005042 resp=0 t=725385 ns
MON M01.AR  addr=0x04            t=725835 ns
MON M01.R   data=0x00005042 resp=0 t=725855 ns
MON M01.AR  addr=0x04            t=726305 ns
MON M01.R   data=0x00005042 resp=0 t=726325 ns
MON M01.AR  addr=0x04            t=726775 ns
MON M01.R   data=0x00005042 resp=0 t=726795 ns
MON M01.AR  addr=0x04            t=727245 ns
MON M01.R   data=0x00005042 resp=0 t=727265 ns
MON M01.AR  addr=0x04            t=727715 ns
MON M01.R   data=0x00005042 resp=0 t=727735 ns
MON M01.AR  addr=0x04            t=728185 ns
MON M01.R   data=0x00005042 resp=0 t=728205 ns
MON M01.AR  addr=0x04            t=728655 ns
MON M01.R   data=0x00005042 resp=0 t=728675 ns
MON M01.AR  addr=0x04            t=729125 ns
MON M01.R   data=0x00005042 resp=0 t=729145 ns
MON M01.AR  addr=0x04            t=729595 ns
MON M01.R   data=0x00005042 resp=0 t=729615 ns
MON M01.AR  addr=0x04            t=730065 ns
MON M01.R   data=0x00005042 resp=0 t=730085 ns
MON M01.AR  addr=0x04            t=730535 ns
MON M01.R   data=0x00005042 resp=0 t=730555 ns
MON M01.AR  addr=0x04            t=731005 ns
MON M01.R   data=0x00005042 resp=0 t=731025 ns
MON M01.AR  addr=0x04            t=731475 ns
MON M01.R   data=0x00005042 resp=0 t=731495 ns
MON M01.AR  addr=0x04            t=731945 ns
MON M01.R   data=0x00005042 resp=0 t=731965 ns
MON M01.AR  addr=0x04            t=732415 ns
MON M01.R   data=0x00005042 resp=0 t=732435 ns
MON M01.AR  addr=0x04            t=732885 ns
MON M01.R   data=0x00005042 resp=0 t=732905 ns
MON M01.AR  addr=0x04            t=733355 ns
MON M01.R   data=0x00005042 resp=0 t=733375 ns
MON M01.AR  addr=0x04            t=733825 ns
MON M01.R   data=0x00005042 resp=0 t=733845 ns
MON M01.AR  addr=0x04            t=734295 ns
MON M01.R   data=0x00005042 resp=0 t=734315 ns
MON M01.AR  addr=0x04            t=734765 ns
MON M01.R   data=0x00005042 resp=0 t=734785 ns
MON M01.AR  addr=0x04            t=735235 ns
MON M01.R   data=0x00005042 resp=0 t=735255 ns
MON M01.AR  addr=0x04            t=735705 ns
MON M01.R   data=0x00005042 resp=0 t=735725 ns
MON M01.AR  addr=0x04            t=736175 ns
MON M01.R   data=0x00005042 resp=0 t=736195 ns
MON M01.AR  addr=0x04            t=736645 ns
MON M01.R   data=0x00005042 resp=0 t=736665 ns
MON M01.AR  addr=0x04            t=737115 ns
MON M01.R   data=0x00005042 resp=0 t=737135 ns
MON M01.AR  addr=0x04            t=737585 ns
MON M01.R   data=0x00005042 resp=0 t=737605 ns
MON M01.AR  addr=0x04            t=738055 ns
MON M01.R   data=0x00005042 resp=0 t=738075 ns
MON M01.AR  addr=0x04            t=738525 ns
MON M01.R   data=0x00005042 resp=0 t=738545 ns
MON M01.AR  addr=0x04            t=738995 ns
MON M01.R   data=0x00005042 resp=0 t=739015 ns
MON M01.AR  addr=0x04            t=739465 ns
MON M01.R   data=0x00005042 resp=0 t=739485 ns
MON M01.AR  addr=0x04            t=739935 ns
MON M01.R   data=0x00005042 resp=0 t=739955 ns
MON M01.AR  addr=0x04            t=740405 ns
MON M01.R   data=0x00005042 resp=0 t=740425 ns
MON M01.AR  addr=0x04            t=740875 ns
MON M01.R   data=0x00005042 resp=0 t=740895 ns
MON M01.AR  addr=0x04            t=741345 ns
MON M01.R   data=0x00005042 resp=0 t=741365 ns
MON M01.AR  addr=0x04            t=741815 ns
MON M01.R   data=0x00005042 resp=0 t=741835 ns
MON M01.AR  addr=0x04            t=742285 ns
MON M01.R   data=0x00005042 resp=0 t=742305 ns
MON M01.AR  addr=0x04            t=742755 ns
MON M01.R   data=0x00005042 resp=0 t=742775 ns
MON M01.AR  addr=0x04            t=743225 ns
MON M01.R   data=0x00005042 resp=0 t=743245 ns
MON M01.AR  addr=0x04            t=743695 ns
MON M01.R   data=0x00005042 resp=0 t=743715 ns
MON M01.AR  addr=0x04            t=744165 ns
MON M01.R   data=0x00005042 resp=0 t=744185 ns
MON M01.AR  addr=0x04            t=744635 ns
MON M01.R   data=0x00005042 resp=0 t=744655 ns
MON M01.AR  addr=0x04            t=745105 ns
MON M01.R   data=0x00005042 resp=0 t=745125 ns
MON M01.AR  addr=0x04            t=745575 ns
MON M01.R   data=0x00005042 resp=0 t=745595 ns
MON M01.AR  addr=0x04            t=746045 ns
MON M01.R   data=0x00005042 resp=0 t=746065 ns
MON M01.AR  addr=0x04            t=746515 ns
MON M01.R   data=0x00005042 resp=0 t=746535 ns
MON M01.AR  addr=0x04            t=746985 ns
MON M01.R   data=0x00005042 resp=0 t=747005 ns
MON M01.AR  addr=0x04            t=747455 ns
MON M01.R   data=0x00005042 resp=0 t=747475 ns
MON M01.AR  addr=0x04            t=747925 ns
MON M01.R   data=0x00005042 resp=0 t=747945 ns
MON M01.AR  addr=0x04            t=748395 ns
MON M01.R   data=0x00005042 resp=0 t=748415 ns
MON M01.AR  addr=0x04            t=748865 ns
MON M01.R   data=0x00005042 resp=0 t=748885 ns
MON M01.AR  addr=0x04            t=749335 ns
MON M01.R   data=0x00005042 resp=0 t=749355 ns
MON M01.AR  addr=0x04            t=749805 ns
MON M01.R   data=0x00005042 resp=0 t=749825 ns
MON M01.AR  addr=0x04            t=750275 ns
MON M01.R   data=0x00005042 resp=0 t=750295 ns
MON M01.AR  addr=0x04            t=750745 ns
MON M01.R   data=0x00005042 resp=0 t=750765 ns
MON M01.AR  addr=0x04            t=751215 ns
MON M01.R   data=0x00005042 resp=0 t=751235 ns
MON M01.AR  addr=0x04            t=751685 ns
MON M01.R   data=0x00005042 resp=0 t=751705 ns
MON M01.AR  addr=0x04            t=752155 ns
MON M01.R   data=0x00005042 resp=0 t=752175 ns
MON M01.AR  addr=0x04            t=752625 ns
MON M01.R   data=0x00005042 resp=0 t=752645 ns
MON M01.AR  addr=0x04            t=753095 ns
MON M01.R   data=0x00005042 resp=0 t=753115 ns
MON M01.AR  addr=0x04            t=753565 ns
MON M01.R   data=0x00005042 resp=0 t=753585 ns
MON M01.AR  addr=0x04            t=754035 ns
MON M01.R   data=0x00005042 resp=0 t=754055 ns
MON M01.AR  addr=0x04            t=754505 ns
MON M01.R   data=0x00005042 resp=0 t=754525 ns
MON M01.AR  addr=0x04            t=754975 ns
MON M01.R   data=0x00005042 resp=0 t=754995 ns
MON M01.AR  addr=0x04            t=755445 ns
MON M01.R   data=0x00005042 resp=0 t=755465 ns
MON M01.AR  addr=0x04            t=755915 ns
MON M01.R   data=0x00005042 resp=0 t=755935 ns
MON M01.AR  addr=0x04            t=756385 ns
MON M01.R   data=0x00005042 resp=0 t=756405 ns
MON M01.AR  addr=0x04            t=756855 ns
MON M01.R   data=0x00005042 resp=0 t=756875 ns
MON M01.AR  addr=0x04            t=757325 ns
MON M01.R   data=0x00005042 resp=0 t=757345 ns
MON M01.AR  addr=0x04            t=757795 ns
MON M01.R   data=0x00005042 resp=0 t=757815 ns
MON M01.AR  addr=0x04            t=758265 ns
MON M01.R   data=0x00005042 resp=0 t=758285 ns
MON M01.AR  addr=0x04            t=758735 ns
MON M01.R   data=0x00005042 resp=0 t=758755 ns
MON M01.AR  addr=0x04            t=759205 ns
MON M01.R   data=0x00005042 resp=0 t=759225 ns
MON M01.AR  addr=0x04            t=759675 ns
MON M01.R   data=0x00005042 resp=0 t=759695 ns
MON M01.AR  addr=0x04            t=760145 ns
MON M01.R   data=0x00005042 resp=0 t=760165 ns
MON M01.AR  addr=0x04            t=760615 ns
MON M01.R   data=0x00005042 resp=0 t=760635 ns
MON M01.AR  addr=0x04            t=761085 ns
MON M01.R   data=0x00005042 resp=0 t=761105 ns
MON M01.AR  addr=0x04            t=761555 ns
MON M01.R   data=0x00005042 resp=0 t=761575 ns
MON M01.AR  addr=0x04            t=762025 ns
MON M01.R   data=0x00005042 resp=0 t=762045 ns
MON M01.AR  addr=0x04            t=762495 ns
MON M01.R   data=0x00005042 resp=0 t=762515 ns
MON M01.AR  addr=0x04            t=762965 ns
MON M01.R   data=0x00005042 resp=0 t=762985 ns
MON M01.AR  addr=0x04            t=763435 ns
MON M01.R   data=0x00005042 resp=0 t=763455 ns
MON M01.AR  addr=0x04            t=763905 ns
MON M01.R   data=0x00005042 resp=0 t=763925 ns
MON M01.AR  addr=0x04            t=764375 ns
MON M01.R   data=0x00005042 resp=0 t=764395 ns
MON M01.AR  addr=0x04            t=764845 ns
MON M01.R   data=0x00005042 resp=0 t=764865 ns
MON M01.AR  addr=0x04            t=765315 ns
MON M01.R   data=0x00005042 resp=0 t=765335 ns
MON M01.AR  addr=0x04            t=765785 ns
MON M01.R   data=0x00005042 resp=0 t=765805 ns
MON M01.AR  addr=0x04            t=766255 ns
MON M01.R   data=0x00005042 resp=0 t=766275 ns
MON M01.AR  addr=0x04            t=766725 ns
MON M01.R   data=0x00005042 resp=0 t=766745 ns
MON M01.AR  addr=0x04            t=767195 ns
MON M01.R   data=0x00005042 resp=0 t=767215 ns
MON M01.AR  addr=0x04            t=767665 ns
MON M01.R   data=0x00005042 resp=0 t=767685 ns
MON M01.AR  addr=0x04            t=768135 ns
MON M01.R   data=0x00005042 resp=0 t=768155 ns
MON M01.AR  addr=0x04            t=768605 ns
MON M01.R   data=0x00005042 resp=0 t=768625 ns
MON M01.AR  addr=0x04            t=769075 ns
MON M01.R   data=0x00005042 resp=0 t=769095 ns
MON M01.AR  addr=0x04            t=769545 ns
MON M01.R   data=0x00005042 resp=0 t=769565 ns
MON M01.AR  addr=0x04            t=770015 ns
MON M01.R   data=0x00005042 resp=0 t=770035 ns
MON M01.AR  addr=0x04            t=770485 ns
MON M01.R   data=0x00005042 resp=0 t=770505 ns
MON M01.AR  addr=0x04            t=770955 ns
MON M01.R   data=0x00005042 resp=0 t=770975 ns
MON M01.AR  addr=0x04            t=771425 ns
MON M01.R   data=0x00005042 resp=0 t=771445 ns
MON M01.AR  addr=0x04            t=771895 ns
MON M01.R   data=0x00005042 resp=0 t=771915 ns
MON M01.AR  addr=0x04            t=772365 ns
MON M01.R   data=0x00005042 resp=0 t=772385 ns
MON M01.AR  addr=0x04            t=772835 ns
MON M01.R   data=0x00005042 resp=0 t=772855 ns
MON M01.AR  addr=0x04            t=773305 ns
MON M01.R   data=0x00005042 resp=0 t=773325 ns
MON M01.AR  addr=0x04            t=773775 ns
MON M01.R   data=0x00005042 resp=0 t=773795 ns
MON M01.AR  addr=0x04            t=774245 ns
MON M01.R   data=0x00005042 resp=0 t=774265 ns
MON M01.AR  addr=0x04            t=774715 ns
MON M01.R   data=0x00005042 resp=0 t=774735 ns
MON M01.AR  addr=0x04            t=775185 ns
MON M01.R   data=0x00005042 resp=0 t=775205 ns
MON M01.AR  addr=0x04            t=775655 ns
MON M01.R   data=0x00005042 resp=0 t=775675 ns
MON M01.AR  addr=0x04            t=776125 ns
MON M01.R   data=0x00005042 resp=0 t=776145 ns
MON M01.AR  addr=0x04            t=776595 ns
MON M01.R   data=0x00005042 resp=0 t=776615 ns
MON M01.AR  addr=0x04            t=777065 ns
MON M01.R   data=0x00005042 resp=0 t=777085 ns
MON M01.AR  addr=0x04            t=777535 ns
MON M01.R   data=0x00005042 resp=0 t=777555 ns
MON M01.AR  addr=0x04            t=778005 ns
MON M01.R   data=0x00005042 resp=0 t=778025 ns
MON M01.AR  addr=0x04            t=778475 ns
MON M01.R   data=0x00005042 resp=0 t=778495 ns
MON M01.AR  addr=0x04            t=778945 ns
MON M01.R   data=0x00005042 resp=0 t=778965 ns
MON M01.AR  addr=0x04            t=779415 ns
MON M01.R   data=0x00005042 resp=0 t=779435 ns
MON M01.AR  addr=0x04            t=779885 ns
MON M01.R   data=0x00005042 resp=0 t=779905 ns
MON M01.AR  addr=0x04            t=780355 ns
MON M01.R   data=0x00005042 resp=0 t=780375 ns
MON M01.AR  addr=0x04            t=780825 ns
MON M01.R   data=0x00005042 resp=0 t=780845 ns
MON M01.AR  addr=0x04            t=781295 ns
MON M01.R   data=0x00005042 resp=0 t=781315 ns
MON M01.AR  addr=0x04            t=781765 ns
MON M01.R   data=0x00005042 resp=0 t=781785 ns
MON M01.AR  addr=0x04            t=782235 ns
MON M01.R   data=0x00005042 resp=0 t=782255 ns
MON M01.AR  addr=0x04            t=782705 ns
MON M01.R   data=0x00005042 resp=0 t=782725 ns
MON M01.AR  addr=0x04            t=783175 ns
MON M01.R   data=0x00005042 resp=0 t=783195 ns
MON M01.AR  addr=0x04            t=783645 ns
MON M01.R   data=0x00005042 resp=0 t=783665 ns
MON M01.AR  addr=0x04            t=784115 ns
MON M01.R   data=0x00005042 resp=0 t=784135 ns
MON M01.AR  addr=0x04            t=784585 ns
MON M01.R   data=0x00005042 resp=0 t=784605 ns
MON M01.AR  addr=0x04            t=785055 ns
MON M01.R   data=0x00005042 resp=0 t=785075 ns
MON M01.AR  addr=0x04            t=785525 ns
MON M01.R   data=0x00005042 resp=0 t=785545 ns
MON M01.AR  addr=0x04            t=785995 ns
MON M01.R   data=0x00005042 resp=0 t=786015 ns
MON M01.AR  addr=0x04            t=786465 ns
MON M01.R   data=0x00005042 resp=0 t=786485 ns
MON M01.AR  addr=0x04            t=786935 ns
MON M01.R   data=0x00005042 resp=0 t=786955 ns
MON M01.AR  addr=0x04            t=787405 ns
MON M01.R   data=0x00005042 resp=0 t=787425 ns
MON M01.AR  addr=0x04            t=787875 ns
MON M01.R   data=0x00005042 resp=0 t=787895 ns
MON M01.AR  addr=0x04            t=788345 ns
MON M01.R   data=0x00005042 resp=0 t=788365 ns
MON M01.AR  addr=0x04            t=788815 ns
MON M01.R   data=0x00005042 resp=0 t=788835 ns
MON M01.AR  addr=0x04            t=789285 ns
MON M01.R   data=0x00005042 resp=0 t=789305 ns
MON M01.AR  addr=0x04            t=789755 ns
MON M01.R   data=0x00005042 resp=0 t=789775 ns
MON M01.AR  addr=0x04            t=790225 ns
MON M01.R   data=0x00005042 resp=0 t=790245 ns
MON M01.AR  addr=0x04            t=790695 ns
MON M01.R   data=0x00005042 resp=0 t=790715 ns
MON M01.AR  addr=0x04            t=791165 ns
MON M01.R   data=0x00005042 resp=0 t=791185 ns
MON M01.AR  addr=0x04            t=791635 ns
MON M01.R   data=0x00005042 resp=0 t=791655 ns
MON M01.AR  addr=0x04            t=792105 ns
MON M01.R   data=0x00005042 resp=0 t=792125 ns
MON M01.AR  addr=0x04            t=792575 ns
MON M01.R   data=0x00005042 resp=0 t=792595 ns
MON M01.AR  addr=0x04            t=793045 ns
MON M01.R   data=0x00005042 resp=0 t=793065 ns
MON M01.AR  addr=0x04            t=793515 ns
MON M01.R   data=0x00005042 resp=0 t=793535 ns
MON M01.AR  addr=0x04            t=793985 ns
MON M01.R   data=0x00005042 resp=0 t=794005 ns
MON M01.AR  addr=0x04            t=794455 ns
MON M01.R   data=0x00005042 resp=0 t=794475 ns
MON M01.AR  addr=0x04            t=794925 ns
MON M01.R   data=0x00005042 resp=0 t=794945 ns
MON M01.AR  addr=0x04            t=795395 ns
MON M01.R   data=0x00005042 resp=0 t=795415 ns
MON M01.AR  addr=0x04            t=795865 ns
MON M01.R   data=0x00005042 resp=0 t=795885 ns
MON M01.AR  addr=0x04            t=796335 ns
MON M01.R   data=0x00005042 resp=0 t=796355 ns
MON M01.AR  addr=0x04            t=796805 ns
MON M01.R   data=0x00005042 resp=0 t=796825 ns
MON M01.AR  addr=0x04            t=797275 ns
MON M01.R   data=0x00005042 resp=0 t=797295 ns
MON M01.AR  addr=0x04            t=797745 ns
MON M01.R   data=0x00005042 resp=0 t=797765 ns
MON M01.AR  addr=0x04            t=798215 ns
MON M01.R   data=0x00005042 resp=0 t=798235 ns
MON M01.AR  addr=0x04            t=798685 ns
MON M01.R   data=0x00005042 resp=0 t=798705 ns
MON M01.AR  addr=0x04            t=799155 ns
MON M01.R   data=0x00005042 resp=0 t=799175 ns
MON M01.AR  addr=0x04            t=799625 ns
MON M01.R   data=0x00005042 resp=0 t=799645 ns
MON M01.AR  addr=0x04            t=800095 ns
MON M01.R   data=0x00005042 resp=0 t=800115 ns
MON M01.AR  addr=0x04            t=800565 ns
MON M01.R   data=0x00005042 resp=0 t=800585 ns
MON M01.AR  addr=0x04            t=801035 ns
MON M01.R   data=0x00005042 resp=0 t=801055 ns
MON M01.AR  addr=0x04            t=801505 ns
MON M01.R   data=0x00005042 resp=0 t=801525 ns
MON M01.AR  addr=0x04            t=801975 ns
MON M01.R   data=0x00005042 resp=0 t=801995 ns
MON M01.AR  addr=0x04            t=802445 ns
MON M01.R   data=0x00005042 resp=0 t=802465 ns
MON M01.AR  addr=0x04            t=802915 ns
MON M01.R   data=0x00005042 resp=0 t=802935 ns
MON M01.AR  addr=0x04            t=803385 ns
MON M01.R   data=0x00005042 resp=0 t=803405 ns
MON M01.AR  addr=0x04            t=803855 ns
MON M01.R   data=0x00005042 resp=0 t=803875 ns
MON M01.AR  addr=0x04            t=804325 ns
MON M01.R   data=0x00005042 resp=0 t=804345 ns
MON M01.AR  addr=0x04            t=804795 ns
MON M01.R   data=0x00005042 resp=0 t=804815 ns
MON M01.AR  addr=0x04            t=805265 ns
MON M01.R   data=0x00005042 resp=0 t=805285 ns
MON M01.AR  addr=0x04            t=805735 ns
MON M01.R   data=0x00005042 resp=0 t=805755 ns
MON M01.AR  addr=0x04            t=806205 ns
MON M01.R   data=0x00005042 resp=0 t=806225 ns
MON M01.AR  addr=0x04            t=806675 ns
MON M01.R   data=0x00005042 resp=0 t=806695 ns
MON M01.AR  addr=0x04            t=807145 ns
MON M01.R   data=0x00005042 resp=0 t=807165 ns
MON M01.AR  addr=0x04            t=807615 ns
MON M01.R   data=0x00005042 resp=0 t=807635 ns
MON M01.AR  addr=0x04            t=808085 ns
MON M01.R   data=0x00005042 resp=0 t=808105 ns
MON M01.AR  addr=0x04            t=808555 ns
MON M01.R   data=0x00005042 resp=0 t=808575 ns
MON M01.AR  addr=0x04            t=809025 ns
MON M01.R   data=0x00005042 resp=0 t=809045 ns
MON M01.AR  addr=0x04            t=809495 ns
MON M01.R   data=0x00005042 resp=0 t=809515 ns
MON M01.AR  addr=0x04            t=809965 ns
MON M01.R   data=0x00005042 resp=0 t=809985 ns
MON M01.AR  addr=0x04            t=810435 ns
MON M01.R   data=0x00005042 resp=0 t=810455 ns
MON M01.AR  addr=0x04            t=810905 ns
MON M01.R   data=0x00005042 resp=0 t=810925 ns
MON M01.AR  addr=0x04            t=811375 ns
MON M01.R   data=0x00005042 resp=0 t=811395 ns
MON M01.AR  addr=0x04            t=811845 ns
MON M01.R   data=0x00005042 resp=0 t=811865 ns
MON M01.AR  addr=0x04            t=812315 ns
MON M01.R   data=0x00005042 resp=0 t=812335 ns
MON M01.AR  addr=0x04            t=812785 ns
MON M01.R   data=0x00005042 resp=0 t=812805 ns
MON M01.AR  addr=0x04            t=813255 ns
MON M01.R   data=0x00005042 resp=0 t=813275 ns
MON M01.AR  addr=0x04            t=813725 ns
MON M01.R   data=0x00005042 resp=0 t=813745 ns
MON M01.AR  addr=0x04            t=814195 ns
MON M01.R   data=0x00005042 resp=0 t=814215 ns
MON M01.AR  addr=0x04            t=814665 ns
MON M01.R   data=0x00005042 resp=0 t=814685 ns
MON M01.AR  addr=0x04            t=815135 ns
MON M01.R   data=0x00005042 resp=0 t=815155 ns
MON M01.AR  addr=0x04            t=815605 ns
MON M01.R   data=0x00005042 resp=0 t=815625 ns
MON M01.AR  addr=0x04            t=816075 ns
MON M01.R   data=0x00005042 resp=0 t=816095 ns
MON M01.AR  addr=0x04            t=816545 ns
MON M01.R   data=0x00005042 resp=0 t=816565 ns
MON M01.AR  addr=0x04            t=817015 ns
MON M01.R   data=0x00005042 resp=0 t=817035 ns
MON M01.AR  addr=0x04            t=817485 ns
MON M01.R   data=0x00005042 resp=0 t=817505 ns
MON M01.AR  addr=0x04            t=817955 ns
MON M01.R   data=0x00005042 resp=0 t=817975 ns
MON M01.AR  addr=0x04            t=818425 ns
MON M01.R   data=0x00005042 resp=0 t=818445 ns
MON M01.AR  addr=0x04            t=818895 ns
MON M01.R   data=0x00005042 resp=0 t=818915 ns
MON M01.AR  addr=0x04            t=819365 ns
MON M01.R   data=0x00005042 resp=0 t=819385 ns
MON M01.AR  addr=0x04            t=819835 ns
MON M01.R   data=0x00005042 resp=0 t=819855 ns
MON M01.AR  addr=0x04            t=820305 ns
MON M01.R   data=0x00005042 resp=0 t=820325 ns
MON M01.AR  addr=0x04            t=820775 ns
MON M01.R   data=0x00005042 resp=0 t=820795 ns
MON M01.AR  addr=0x04            t=821245 ns
MON M01.R   data=0x00005042 resp=0 t=821265 ns
MON M01.AR  addr=0x04            t=821715 ns
MON M01.R   data=0x00005042 resp=0 t=821735 ns
MON M01.AR  addr=0x04            t=822185 ns
MON M01.R   data=0x00005042 resp=0 t=822205 ns
MON M01.AR  addr=0x04            t=822655 ns
MON M01.R   data=0x00005042 resp=0 t=822675 ns
MON M01.AR  addr=0x04            t=823125 ns
MON M01.R   data=0x00005042 resp=0 t=823145 ns
MON M01.AR  addr=0x04            t=823595 ns
MON M01.R   data=0x00005042 resp=0 t=823615 ns
MON M01.AR  addr=0x04            t=824065 ns
MON M01.R   data=0x00005042 resp=0 t=824085 ns
MON M01.AR  addr=0x04            t=824535 ns
MON M01.R   data=0x00005042 resp=0 t=824555 ns
MON M01.AR  addr=0x04            t=825005 ns
MON M01.R   data=0x00005042 resp=0 t=825025 ns
MON M01.AR  addr=0x04            t=825475 ns
MON M01.R   data=0x00005042 resp=0 t=825495 ns
MON M01.AR  addr=0x04            t=825945 ns
MON M01.R   data=0x00005042 resp=0 t=825965 ns
MON M01.AR  addr=0x04            t=826415 ns
MON M01.R   data=0x00005042 resp=0 t=826435 ns
MON M01.AR  addr=0x04            t=826885 ns
MON M01.R   data=0x00005042 resp=0 t=826905 ns
MON M01.AR  addr=0x04            t=827355 ns
MON M01.R   data=0x00005042 resp=0 t=827375 ns
MON M01.AR  addr=0x04            t=827825 ns
MON M01.R   data=0x00005042 resp=0 t=827845 ns
MON M01.AR  addr=0x04            t=828295 ns
MON M01.R   data=0x00005042 resp=0 t=828315 ns
MON M01.AR  addr=0x04            t=828765 ns
MON M01.R   data=0x00005042 resp=0 t=828785 ns
MON M01.AR  addr=0x04            t=829235 ns
MON M01.R   data=0x00005042 resp=0 t=829255 ns
MON M01.AR  addr=0x04            t=829705 ns
MON M01.R   data=0x00005042 resp=0 t=829725 ns
MON M01.AR  addr=0x04            t=830175 ns
MON M01.R   data=0x00005042 resp=0 t=830195 ns
MON M01.AR  addr=0x04            t=830645 ns
MON M01.R   data=0x00005042 resp=0 t=830665 ns
MON M01.AR  addr=0x04            t=831115 ns
MON M01.R   data=0x00005042 resp=0 t=831135 ns
MON M01.AR  addr=0x04            t=831585 ns
MON M01.R   data=0x00005042 resp=0 t=831605 ns
MON M01.AR  addr=0x04            t=832055 ns
MON M01.R   data=0x00005042 resp=0 t=832075 ns
MON M01.AR  addr=0x04            t=832525 ns
MON M01.R   data=0x00005042 resp=0 t=832545 ns
MON M01.AR  addr=0x04            t=832995 ns
MON M01.R   data=0x00005042 resp=0 t=833015 ns
MON M01.AR  addr=0x04            t=833465 ns
MON M01.R   data=0x00005042 resp=0 t=833485 ns
MON M01.AR  addr=0x04            t=833935 ns
MON M01.R   data=0x00005042 resp=0 t=833955 ns
MON M01.AR  addr=0x04            t=834405 ns
MON M01.R   data=0x00005042 resp=0 t=834425 ns
MON M01.AR  addr=0x04            t=834875 ns
MON M01.R   data=0x00005042 resp=0 t=834895 ns
MON M01.AR  addr=0x04            t=835345 ns
MON M01.R   data=0x00005042 resp=0 t=835365 ns
MON M01.AR  addr=0x04            t=835815 ns
MON M01.R   data=0x00005042 resp=0 t=835835 ns
MON M01.AR  addr=0x04            t=836285 ns
MON M01.R   data=0x00005042 resp=0 t=836305 ns
MON M01.AR  addr=0x04            t=836755 ns
MON M01.R   data=0x00005042 resp=0 t=836775 ns
MON M01.AR  addr=0x04            t=837225 ns
MON M01.R   data=0x00005042 resp=0 t=837245 ns
MON M01.AR  addr=0x04            t=837695 ns
MON M01.R   data=0x00005042 resp=0 t=837715 ns
MON M01.AR  addr=0x04            t=838165 ns
MON M01.R   data=0x00005042 resp=0 t=838185 ns
MON M01.AR  addr=0x04            t=838635 ns
MON M01.R   data=0x00005042 resp=0 t=838655 ns
MON M01.AR  addr=0x04            t=839105 ns
MON M01.R   data=0x00005042 resp=0 t=839125 ns
MON M01.AR  addr=0x04            t=839575 ns
MON M01.R   data=0x00005042 resp=0 t=839595 ns
MON M01.AR  addr=0x04            t=840045 ns
MON M01.R   data=0x00005042 resp=0 t=840065 ns
MON M01.AR  addr=0x04            t=840515 ns
MON M01.R   data=0x00005042 resp=0 t=840535 ns
MON M01.AR  addr=0x04            t=840985 ns
MON M01.R   data=0x00005042 resp=0 t=841005 ns
MON M01.AR  addr=0x04            t=841455 ns
MON M01.R   data=0x00005042 resp=0 t=841475 ns
MON M01.AR  addr=0x04            t=841925 ns
MON M01.R   data=0x00005042 resp=0 t=841945 ns
MON M01.AR  addr=0x04            t=842395 ns
MON M01.R   data=0x00005042 resp=0 t=842415 ns
MON M01.AR  addr=0x04            t=842865 ns
MON M01.R   data=0x00005042 resp=0 t=842885 ns
MON M01.AR  addr=0x04            t=843335 ns
MON M01.R   data=0x00005042 resp=0 t=843355 ns
MON M01.AR  addr=0x04            t=843805 ns
MON M01.R   data=0x00005042 resp=0 t=843825 ns
MON M01.AR  addr=0x04            t=844275 ns
MON M01.R   data=0x00005042 resp=0 t=844295 ns
MON M01.AR  addr=0x04            t=844745 ns
MON M01.R   data=0x00005042 resp=0 t=844765 ns
MON M01.AR  addr=0x04            t=845215 ns
MON M01.R   data=0x00005042 resp=0 t=845235 ns
MON M01.AR  addr=0x04            t=845685 ns
MON M01.R   data=0x00005042 resp=0 t=845705 ns
MON M01.AR  addr=0x04            t=846155 ns
MON M01.R   data=0x00005042 resp=0 t=846175 ns
MON M01.AR  addr=0x04            t=846625 ns
MON M01.R   data=0x00005042 resp=0 t=846645 ns
MON M01.AR  addr=0x04            t=847095 ns
MON M01.R   data=0x00005042 resp=0 t=847115 ns
MON M01.AR  addr=0x04            t=847565 ns
MON M01.R   data=0x00005042 resp=0 t=847585 ns
MON M01.AR  addr=0x04            t=848035 ns
MON M01.R   data=0x00005042 resp=0 t=848055 ns
MON M01.AR  addr=0x04            t=848505 ns
MON M01.R   data=0x00005042 resp=0 t=848525 ns
MON M01.AR  addr=0x04            t=848975 ns
MON M01.R   data=0x00005042 resp=0 t=848995 ns
MON M01.AR  addr=0x04            t=849445 ns
MON M01.R   data=0x00005042 resp=0 t=849465 ns
MON M01.AR  addr=0x04            t=849915 ns
MON M01.R   data=0x00005042 resp=0 t=849935 ns
MON M01.AR  addr=0x04            t=850385 ns
MON M01.R   data=0x00005042 resp=0 t=850405 ns
MON M01.AR  addr=0x04            t=850855 ns
MON M01.R   data=0x00005042 resp=0 t=850875 ns
MON M01.AR  addr=0x04            t=851325 ns
MON M01.R   data=0x00005042 resp=0 t=851345 ns
MON M01.AR  addr=0x04            t=851795 ns
MON M01.R   data=0x00005042 resp=0 t=851815 ns
MON M01.AR  addr=0x04            t=852265 ns
MON M01.R   data=0x00005042 resp=0 t=852285 ns
MON M01.AR  addr=0x04            t=852735 ns
MON M01.R   data=0x00005042 resp=0 t=852755 ns
MON M01.AR  addr=0x04            t=853205 ns
MON M01.R   data=0x00005042 resp=0 t=853225 ns
MON M01.AR  addr=0x04            t=853675 ns
MON M01.R   data=0x00005042 resp=0 t=853695 ns
MON M01.AR  addr=0x04            t=854145 ns
MON M01.R   data=0x00005042 resp=0 t=854165 ns
MON M01.AR  addr=0x04            t=854615 ns
MON M01.R   data=0x00005042 resp=0 t=854635 ns
MON M01.AR  addr=0x04            t=855085 ns
MON M01.R   data=0x00005042 resp=0 t=855105 ns
MON M01.AR  addr=0x04            t=855555 ns
MON M01.R   data=0x00005042 resp=0 t=855575 ns
MON M01.AR  addr=0x04            t=856025 ns
MON M01.R   data=0x00005042 resp=0 t=856045 ns
MON M01.AR  addr=0x04            t=856495 ns
MON M01.R   data=0x00005042 resp=0 t=856515 ns
MON M01.AR  addr=0x04            t=856965 ns
MON M01.R   data=0x00005042 resp=0 t=856985 ns
MON M01.AR  addr=0x04            t=857435 ns
MON M01.R   data=0x00005042 resp=0 t=857455 ns
MON M01.AR  addr=0x04            t=857905 ns
MON M01.R   data=0x00005042 resp=0 t=857925 ns
MON M01.AR  addr=0x04            t=858375 ns
MON M01.R   data=0x00005042 resp=0 t=858395 ns
MON M01.AR  addr=0x04            t=858845 ns
MON M01.R   data=0x00005042 resp=0 t=858865 ns
MON M01.AR  addr=0x04            t=859315 ns
MON M01.R   data=0x00005042 resp=0 t=859335 ns
MON M01.AR  addr=0x04            t=859785 ns
MON M01.R   data=0x00005042 resp=0 t=859805 ns
MON M01.AR  addr=0x04            t=860255 ns
MON M01.R   data=0x00005042 resp=0 t=860275 ns
MON M01.AR  addr=0x04            t=860725 ns
MON M01.R   data=0x00005042 resp=0 t=860745 ns
MON M01.AR  addr=0x04            t=861195 ns
MON M01.R   data=0x00005042 resp=0 t=861215 ns
MON M01.AR  addr=0x04            t=861665 ns
MON M01.R   data=0x00005042 resp=0 t=861685 ns
MON M01.AR  addr=0x04            t=862135 ns
MON M01.R   data=0x00005042 resp=0 t=862155 ns
MON M01.AR  addr=0x04            t=862605 ns
MON M01.R   data=0x00005042 resp=0 t=862625 ns
MON M01.AR  addr=0x04            t=863075 ns
MON M01.R   data=0x00005042 resp=0 t=863095 ns
MON M01.AR  addr=0x04            t=863545 ns
MON M01.R   data=0x00005042 resp=0 t=863565 ns
MON M01.AR  addr=0x04            t=864015 ns
MON M01.R   data=0x00005042 resp=0 t=864035 ns
MON M01.AR  addr=0x04            t=864485 ns
MON M01.R   data=0x00005042 resp=0 t=864505 ns
MON M01.AR  addr=0x04            t=864955 ns
MON M01.R   data=0x00005042 resp=0 t=864975 ns
MON M01.AR  addr=0x04            t=865425 ns
MON M01.R   data=0x00005042 resp=0 t=865445 ns
MON M01.AR  addr=0x04            t=865895 ns
MON M01.R   data=0x00005042 resp=0 t=865915 ns
MON M01.AR  addr=0x04            t=866365 ns
MON M01.R   data=0x00005042 resp=0 t=866385 ns
MON M01.AR  addr=0x04            t=866835 ns
MON M01.R   data=0x00005042 resp=0 t=866855 ns
MON M01.AR  addr=0x04            t=867305 ns
MON M01.R   data=0x00005042 resp=0 t=867325 ns
MON M01.AR  addr=0x04            t=867775 ns
MON M01.R   data=0x00005042 resp=0 t=867795 ns
MON M01.AR  addr=0x04            t=868245 ns
MON M01.R   data=0x00005042 resp=0 t=868265 ns
MON M01.AR  addr=0x04            t=868715 ns
MON M01.R   data=0x00005042 resp=0 t=868735 ns
MON M01.AR  addr=0x04            t=869185 ns
MON M01.R   data=0x00005042 resp=0 t=869205 ns
MON M01.AR  addr=0x04            t=869655 ns
MON M01.R   data=0x00005042 resp=0 t=869675 ns
MON M01.AR  addr=0x04            t=870125 ns
MON M01.R   data=0x00005042 resp=0 t=870145 ns
MON M01.AR  addr=0x04            t=870595 ns
MON M01.R   data=0x00005042 resp=0 t=870615 ns
MON M01.AR  addr=0x04            t=871065 ns
MON M01.R   data=0x00005042 resp=0 t=871085 ns
MON M01.AR  addr=0x04            t=871535 ns
MON M01.R   data=0x00005042 resp=0 t=871555 ns
MON M01.AR  addr=0x04            t=872005 ns
MON M01.R   data=0x00005042 resp=0 t=872025 ns
MON M01.AR  addr=0x04            t=872475 ns
MON M01.R   data=0x00005042 resp=0 t=872495 ns
MON M01.AR  addr=0x04            t=872945 ns
MON M01.R   data=0x00005042 resp=0 t=872965 ns
MON M01.AR  addr=0x04            t=873415 ns
MON M01.R   data=0x00005042 resp=0 t=873435 ns
MON M01.AR  addr=0x04            t=873885 ns
MON M01.R   data=0x00005042 resp=0 t=873905 ns
MON M01.AR  addr=0x04            t=874355 ns
MON M01.R   data=0x00005042 resp=0 t=874375 ns
MON M01.AR  addr=0x04            t=874825 ns
MON M01.R   data=0x00005042 resp=0 t=874845 ns
MON M01.AR  addr=0x04            t=875295 ns
MON M01.R   data=0x00005042 resp=0 t=875315 ns
MON M01.AR  addr=0x04            t=875765 ns
MON M01.R   data=0x00005042 resp=0 t=875785 ns
MON M01.AR  addr=0x04            t=876235 ns
MON M01.R   data=0x00005042 resp=0 t=876255 ns
MON M01.AR  addr=0x04            t=876705 ns
MON M01.R   data=0x00005042 resp=0 t=876725 ns
MON M01.AR  addr=0x04            t=877175 ns
MON M01.R   data=0x00005042 resp=0 t=877195 ns
MON M01.AR  addr=0x04            t=877645 ns
MON M01.R   data=0x00005042 resp=0 t=877665 ns
MON M01.AR  addr=0x04            t=878115 ns
MON M01.R   data=0x00005042 resp=0 t=878135 ns
MON M01.AR  addr=0x04            t=878585 ns
MON M01.R   data=0x00005042 resp=0 t=878605 ns
MON M01.AR  addr=0x04            t=879055 ns
MON M01.R   data=0x00005042 resp=0 t=879075 ns
MON M01.AR  addr=0x04            t=879525 ns
MON M01.R   data=0x00005042 resp=0 t=879545 ns
MON M01.AR  addr=0x04            t=879995 ns
MON M01.R   data=0x00005042 resp=0 t=880015 ns
MON M01.AR  addr=0x04            t=880465 ns
MON M01.R   data=0x00005042 resp=0 t=880485 ns
MON M01.AR  addr=0x04            t=880935 ns
MON M01.R   data=0x00005042 resp=0 t=880955 ns
MON M01.AR  addr=0x04            t=881405 ns
MON M01.R   data=0x00005042 resp=0 t=881425 ns
MON M01.AR  addr=0x04            t=881875 ns
MON M01.R   data=0x00005042 resp=0 t=881895 ns
MON M01.AR  addr=0x04            t=882345 ns
MON M01.R   data=0x00005042 resp=0 t=882365 ns
MON M01.AR  addr=0x04            t=882815 ns
MON M01.R   data=0x00005042 resp=0 t=882835 ns
MON M01.AR  addr=0x04            t=883285 ns
MON M01.R   data=0x00005042 resp=0 t=883305 ns
MON M01.AR  addr=0x04            t=883755 ns
MON M01.R   data=0x00005042 resp=0 t=883775 ns
MON M01.AR  addr=0x04            t=884225 ns
MON M01.R   data=0x00005042 resp=0 t=884245 ns
MON M01.AR  addr=0x04            t=884695 ns
MON M01.R   data=0x00005042 resp=0 t=884715 ns
MON M01.AR  addr=0x04            t=885165 ns
MON M01.R   data=0x00005042 resp=0 t=885185 ns
MON M01.AR  addr=0x04            t=885635 ns
MON M01.R   data=0x00005042 resp=0 t=885655 ns
MON M01.AR  addr=0x04            t=886105 ns
MON M01.R   data=0x00005042 resp=0 t=886125 ns
MON M01.AR  addr=0x04            t=886575 ns
MON M01.R   data=0x00005042 resp=0 t=886595 ns
MON M01.AR  addr=0x04            t=887045 ns
MON M01.R   data=0x00005042 resp=0 t=887065 ns
MON M01.AR  addr=0x04            t=887515 ns
MON M01.R   data=0x00005042 resp=0 t=887535 ns
MON M01.AR  addr=0x04            t=887985 ns
MON M01.R   data=0x00005042 resp=0 t=888005 ns
MON M01.AR  addr=0x04            t=888455 ns
MON M01.R   data=0x00005042 resp=0 t=888475 ns
MON M01.AR  addr=0x04            t=888925 ns
MON M01.R   data=0x00005042 resp=0 t=888945 ns
MON M01.AR  addr=0x04            t=889395 ns
MON M01.R   data=0x00005042 resp=0 t=889415 ns
MON M01.AR  addr=0x04            t=889865 ns
MON M01.R   data=0x00005042 resp=0 t=889885 ns
MON M01.AR  addr=0x04            t=890335 ns
MON M01.R   data=0x00005042 resp=0 t=890355 ns
MON M01.AR  addr=0x04            t=890805 ns
MON M01.R   data=0x00005042 resp=0 t=890825 ns
MON M01.AR  addr=0x04            t=891275 ns
MON M01.R   data=0x00005042 resp=0 t=891295 ns
MON M01.AR  addr=0x04            t=891745 ns
MON M01.R   data=0x00005042 resp=0 t=891765 ns
MON M01.AR  addr=0x04            t=892215 ns
MON M01.R   data=0x00005042 resp=0 t=892235 ns
MON M01.AR  addr=0x04            t=892685 ns
MON M01.R   data=0x00005042 resp=0 t=892705 ns
MON M01.AR  addr=0x04            t=893155 ns
MON M01.R   data=0x00005042 resp=0 t=893175 ns
MON M01.AR  addr=0x04            t=893625 ns
MON M01.R   data=0x00005042 resp=0 t=893645 ns
MON M01.AR  addr=0x04            t=894095 ns
MON M01.R   data=0x00005042 resp=0 t=894115 ns
MON M01.AR  addr=0x04            t=894565 ns
MON M01.R   data=0x00005042 resp=0 t=894585 ns
MON M01.AR  addr=0x04            t=895035 ns
MON M01.R   data=0x00005042 resp=0 t=895055 ns
MON M01.AR  addr=0x04            t=895505 ns
MON M01.R   data=0x00005042 resp=0 t=895525 ns
MON M01.AR  addr=0x04            t=895975 ns
MON M01.R   data=0x00005042 resp=0 t=895995 ns
MON M01.AR  addr=0x04            t=896445 ns
MON M01.R   data=0x00005042 resp=0 t=896465 ns
MON M01.AR  addr=0x04            t=896915 ns
MON M01.R   data=0x00005042 resp=0 t=896935 ns
MON M01.AR  addr=0x04            t=897385 ns
MON M01.R   data=0x00005042 resp=0 t=897405 ns
MON M01.AR  addr=0x04            t=897855 ns
MON M01.R   data=0x00005042 resp=0 t=897875 ns
MON M01.AR  addr=0x04            t=898325 ns
MON M01.R   data=0x00005042 resp=0 t=898345 ns
MON M01.AR  addr=0x04            t=898795 ns
MON M01.R   data=0x00005042 resp=0 t=898815 ns
MON M01.AR  addr=0x04            t=899265 ns
MON M01.R   data=0x00005042 resp=0 t=899285 ns
MON M01.AR  addr=0x04            t=899735 ns
MON M01.R   data=0x00005042 resp=0 t=899755 ns
MON M01.AR  addr=0x04            t=900205 ns
MON M01.R   data=0x00005042 resp=0 t=900225 ns
MON M01.AR  addr=0x04            t=900675 ns
MON M01.R   data=0x00005042 resp=0 t=900695 ns
MON M01.AR  addr=0x04            t=901145 ns
MON M01.R   data=0x00005042 resp=0 t=901165 ns
MON M01.AR  addr=0x04            t=901615 ns
MON M01.R   data=0x00005042 resp=0 t=901635 ns
MON M01.AR  addr=0x04            t=902085 ns
MON M01.R   data=0x00005042 resp=0 t=902105 ns
MON M01.AR  addr=0x04            t=902555 ns
MON M01.R   data=0x00005042 resp=0 t=902575 ns
MON M01.AR  addr=0x04            t=903025 ns
MON M01.R   data=0x00005042 resp=0 t=903045 ns
MON M01.AR  addr=0x04            t=903495 ns
MON M01.R   data=0x00005042 resp=0 t=903515 ns
MON M01.AR  addr=0x04            t=903965 ns
MON M01.R   data=0x00005042 resp=0 t=903985 ns
MON M01.AR  addr=0x04            t=904435 ns
MON M01.R   data=0x00005042 resp=0 t=904455 ns
MON M01.AR  addr=0x04            t=904905 ns
MON M01.R   data=0x00005042 resp=0 t=904925 ns
MON M01.AR  addr=0x04            t=905375 ns
MON M01.R   data=0x00005042 resp=0 t=905395 ns
MON M01.AR  addr=0x04            t=905845 ns
MON M01.R   data=0x00005042 resp=0 t=905865 ns
MON M01.AR  addr=0x04            t=906315 ns
MON M01.R   data=0x00005042 resp=0 t=906335 ns
MON M01.AR  addr=0x04            t=906785 ns
MON M01.R   data=0x00005042 resp=0 t=906805 ns
MON M01.AR  addr=0x04            t=907255 ns
MON M01.R   data=0x00005042 resp=0 t=907275 ns
MON M01.AR  addr=0x04            t=907725 ns
MON M01.R   data=0x00005042 resp=0 t=907745 ns
MON M01.AR  addr=0x04            t=908195 ns
MON M01.R   data=0x00005042 resp=0 t=908215 ns
MON M01.AR  addr=0x04            t=908665 ns
MON M01.R   data=0x00005042 resp=0 t=908685 ns
MON M01.AR  addr=0x04            t=909135 ns
MON M01.R   data=0x00005042 resp=0 t=909155 ns
MON M01.AR  addr=0x04            t=909605 ns
MON M01.R   data=0x00005042 resp=0 t=909625 ns
MON M01.AR  addr=0x04            t=910075 ns
MON M01.R   data=0x00005042 resp=0 t=910095 ns
MON M01.AR  addr=0x04            t=910545 ns
MON M01.R   data=0x00005042 resp=0 t=910565 ns
MON M01.AR  addr=0x04            t=911015 ns
MON M01.R   data=0x00005042 resp=0 t=911035 ns
MON M01.AR  addr=0x04            t=911485 ns
MON M01.R   data=0x00005042 resp=0 t=911505 ns
MON M01.AR  addr=0x04            t=911955 ns
MON M01.R   data=0x00005042 resp=0 t=911975 ns
MON M01.AR  addr=0x04            t=912425 ns
MON M01.R   data=0x00005042 resp=0 t=912445 ns
MON M01.AR  addr=0x04            t=912895 ns
MON M01.R   data=0x00005042 resp=0 t=912915 ns
MON M01.AR  addr=0x04            t=913365 ns
MON M01.R   data=0x00005042 resp=0 t=913385 ns
MON M01.AR  addr=0x04            t=913835 ns
MON M01.R   data=0x00005042 resp=0 t=913855 ns
MON M01.AR  addr=0x04            t=914305 ns
MON M01.R   data=0x00005042 resp=0 t=914325 ns
MON M01.AR  addr=0x04            t=914775 ns
MON M01.R   data=0x00005042 resp=0 t=914795 ns
MON M01.AR  addr=0x04            t=915245 ns
MON M01.R   data=0x00005042 resp=0 t=915265 ns
MON M01.AR  addr=0x04            t=915715 ns
MON M01.R   data=0x00005042 resp=0 t=915735 ns
MON M01.AR  addr=0x04            t=916185 ns
MON M01.R   data=0x00005042 resp=0 t=916205 ns
MON M01.AR  addr=0x04            t=916655 ns
MON M01.R   data=0x00005042 resp=0 t=916675 ns
MON M01.AR  addr=0x04            t=917125 ns
MON M01.R   data=0x00005042 resp=0 t=917145 ns
MON M01.AR  addr=0x04            t=917595 ns
MON M01.R   data=0x00005042 resp=0 t=917615 ns
MON M01.AR  addr=0x04            t=918065 ns
MON M01.R   data=0x00005042 resp=0 t=918085 ns
MON M01.AR  addr=0x04            t=918535 ns
MON M01.R   data=0x00005042 resp=0 t=918555 ns
MON M01.AR  addr=0x04            t=919005 ns
MON M01.R   data=0x00005042 resp=0 t=919025 ns
MON M01.AR  addr=0x04            t=919475 ns
MON M01.R   data=0x00005042 resp=0 t=919495 ns
MON M01.AR  addr=0x04            t=919945 ns
MON M01.R   data=0x00005042 resp=0 t=919965 ns
MON M01.AR  addr=0x04            t=920415 ns
MON M01.R   data=0x00005042 resp=0 t=920435 ns
MON M01.AR  addr=0x04            t=920885 ns
MON M01.R   data=0x00005042 resp=0 t=920905 ns
MON M01.AR  addr=0x04            t=921355 ns
MON M01.R   data=0x00005042 resp=0 t=921375 ns
MON M01.AR  addr=0x04            t=921825 ns
MON M01.R   data=0x00005042 resp=0 t=921845 ns
MON M01.AR  addr=0x04            t=922295 ns
MON M01.R   data=0x00005042 resp=0 t=922315 ns
MON M01.AR  addr=0x04            t=922765 ns
MON M01.R   data=0x00005042 resp=0 t=922785 ns
MON M01.AR  addr=0x04            t=923235 ns
MON M01.R   data=0x00005042 resp=0 t=923255 ns
MON M01.AR  addr=0x04            t=923705 ns
MON M01.R   data=0x00005042 resp=0 t=923725 ns
MON M01.AR  addr=0x04            t=924175 ns
MON M01.R   data=0x00005042 resp=0 t=924195 ns
MON M01.AR  addr=0x04            t=924645 ns
MON M01.R   data=0x00005042 resp=0 t=924665 ns
MON M01.AR  addr=0x04            t=925115 ns
MON M01.R   data=0x00005042 resp=0 t=925135 ns
MON M01.AR  addr=0x04            t=925585 ns
MON M01.R   data=0x00005042 resp=0 t=925605 ns
MON M01.AR  addr=0x04            t=926055 ns
MON M01.R   data=0x00005042 resp=0 t=926075 ns
MON M01.AR  addr=0x04            t=926525 ns
MON M01.R   data=0x00005042 resp=0 t=926545 ns
MON M01.AR  addr=0x04            t=926995 ns
MON M01.R   data=0x00005042 resp=0 t=927015 ns
MON M01.AR  addr=0x04            t=927465 ns
MON M01.R   data=0x00005042 resp=0 t=927485 ns
MON M01.AR  addr=0x04            t=927935 ns
MON M01.R   data=0x00005042 resp=0 t=927955 ns
MON M01.AR  addr=0x04            t=928405 ns
MON M01.R   data=0x00005042 resp=0 t=928425 ns
MON M01.AR  addr=0x04            t=928875 ns
MON M01.R   data=0x00005042 resp=0 t=928895 ns
MON M01.AR  addr=0x04            t=929345 ns
MON M01.R   data=0x00005042 resp=0 t=929365 ns
MON M01.AR  addr=0x04            t=929815 ns
MON M01.R   data=0x00005042 resp=0 t=929835 ns
MON M01.AR  addr=0x04            t=930285 ns
MON M01.R   data=0x00005042 resp=0 t=930305 ns
MON M01.AR  addr=0x04            t=930755 ns
MON M01.R   data=0x00005042 resp=0 t=930775 ns
MON M01.AR  addr=0x04            t=931225 ns
MON M01.R   data=0x00005042 resp=0 t=931245 ns
MON M01.AR  addr=0x04            t=931695 ns
MON M01.R   data=0x00005042 resp=0 t=931715 ns
MON M01.AR  addr=0x04            t=932165 ns
MON M01.R   data=0x00005042 resp=0 t=932185 ns
MON M01.AR  addr=0x04            t=932635 ns
MON M01.R   data=0x00005042 resp=0 t=932655 ns
MON M01.AR  addr=0x04            t=933105 ns
MON M01.R   data=0x00005042 resp=0 t=933125 ns
MON M01.AR  addr=0x04            t=933575 ns
MON M01.R   data=0x00005042 resp=0 t=933595 ns
MON M01.AR  addr=0x04            t=934045 ns
MON M01.R   data=0x00005042 resp=0 t=934065 ns
MON M01.AR  addr=0x04            t=934515 ns
MON M01.R   data=0x00005042 resp=0 t=934535 ns
MON M01.AR  addr=0x04            t=934985 ns
MON M01.R   data=0x00005042 resp=0 t=935005 ns
MON M01.AR  addr=0x04            t=935455 ns
MON M01.R   data=0x00005042 resp=0 t=935475 ns
MON M01.AR  addr=0x04            t=935925 ns
MON M01.R   data=0x00005042 resp=0 t=935945 ns
MON M01.AR  addr=0x04            t=936395 ns
MON M01.R   data=0x00005042 resp=0 t=936415 ns
MON M01.AR  addr=0x04            t=936865 ns
MON M01.R   data=0x00005042 resp=0 t=936885 ns
MON M01.AR  addr=0x04            t=937335 ns
MON M01.R   data=0x00005042 resp=0 t=937355 ns
MON M01.AR  addr=0x04            t=937805 ns
MON M01.R   data=0x00005042 resp=0 t=937825 ns
MON M01.AR  addr=0x04            t=938275 ns
MON M01.R   data=0x00005042 resp=0 t=938295 ns
MON M01.AR  addr=0x04            t=938745 ns
MON M01.R   data=0x00005042 resp=0 t=938765 ns
MON M01.AR  addr=0x04            t=939215 ns
MON M01.R   data=0x00005042 resp=0 t=939235 ns
MON M01.AR  addr=0x04            t=939685 ns
MON M01.R   data=0x00005042 resp=0 t=939705 ns
MON M01.AR  addr=0x04            t=940155 ns
MON M01.R   data=0x00005042 resp=0 t=940175 ns
MON M01.AR  addr=0x04            t=940625 ns
MON M01.R   data=0x00005042 resp=0 t=940645 ns
MON M01.AR  addr=0x04            t=941095 ns
MON M01.R   data=0x00005042 resp=0 t=941115 ns
MON M01.AR  addr=0x04            t=941565 ns
MON M01.R   data=0x00005042 resp=0 t=941585 ns
MON M01.AR  addr=0x04            t=942035 ns
MON M01.R   data=0x00005042 resp=0 t=942055 ns
MON M01.AR  addr=0x04            t=942505 ns
MON M01.R   data=0x00005042 resp=0 t=942525 ns
MON M01.AR  addr=0x04            t=942975 ns
MON M01.R   data=0x00005042 resp=0 t=942995 ns
MON M01.AR  addr=0x04            t=943445 ns
MON M01.R   data=0x00005042 resp=0 t=943465 ns
MON M01.AR  addr=0x04            t=943915 ns
MON M01.R   data=0x00005042 resp=0 t=943935 ns
MON M01.AR  addr=0x04            t=944385 ns
MON M01.R   data=0x00005042 resp=0 t=944405 ns
MON M01.AR  addr=0x04            t=944855 ns
MON M01.R   data=0x00005042 resp=0 t=944875 ns
MON M01.AR  addr=0x04            t=945325 ns
MON M01.R   data=0x00005042 resp=0 t=945345 ns
PHASE_A: done=0 CDMASR=0x00000000 OCY=0 SPISR=0x00000025 TxEmpty=1
KEYHOLE_SIM: FAIL — see PHASE_A line above
MON M00.AW  addr=0x40            t=946715 ns
MON M00.W   data=0x0000000a          t=946715 ns
MON M00.B   resp=0               t=946725 ns
MON M01.AW  addr=0x00            t=947045 ns
MON M01.W   data=0x00000004          t=947045 ns
MON M01.AR  addr=0x00            t=948315 ns
MON M01.R   data=0x00000000 resp=0 t=948335 ns
PHASE_B: post-reset CDMACR = 0x00000000 (rst bit2=0)
MON M01.AW  addr=0x00            t=948645 ns
MON M01.W   data=0x00000000          t=948645 ns
MON M01.AR  addr=0x00            t=948925 ns
MON M01.R   data=0x00000000 resp=0 t=948945 ns
PHASE_B: CDMACR readback = 0x00000000 (keyhole bit5=0)
MON M01.AW  addr=0x18            t=949255 ns
MON M01.W   data=0x5a5a1234          t=949255 ns
MON M01.AR  addr=0x18            t=949535 ns
MON M01.R   data=0x5a5a1234 resp=0 t=949555 ns
PHASE_B: SA probe wrote 5A5A1234 read 0x00000000
MON M01.AW  addr=0x18            t=949865 ns
MON M01.W   data=0x00000000          t=949865 ns
MON M01.AW  addr=0x20            t=950195 ns
MON M01.W   data=0xa0000068          t=950195 ns
MON M01.AW  addr=0x28            t=950525 ns
MON M01.W   data=0x00000040          t=950525 ns
MON CDMA.AW addr=0xa0000068 len=5 burst=1 t=950625 ns
MON CDMA.AR addr=0x00000000 len=15 burst=1 t=950625 ns
MON CDMA.AW addr=0xa0000080 len=9 burst=1 t=950675 ns
MON M01.AR  addr=0x04            t=950805 ns
MON M01.R   data=0x00000000 resp=0 t=950825 ns
PHASE_B: CDMASR just after kick = 0x00000000
MON M00.AW  addr=0x68            t=951035 ns
MON M00.W   data=0xa5b00000          t=951035 ns
MON M00.B   resp=0               t=951045 ns
MON M01.AR  addr=0x04            t=951085 ns
MON M00.AW  addr=0x6c            t=951095 ns
MON M00.W   data=0xa5b00001          t=951095 ns
MON M01.R   data=0x00000000 resp=0 t=951105 ns
MON M00.B   resp=0               t=951105 ns
MON M00.AW  addr=0x70            t=951155 ns
MON M00.W   data=0xa5b00002          t=951155 ns
MON M00.B   resp=0               t=951165 ns
MON M00.AW  addr=0x74            t=951215 ns
MON M00.W   data=0xa5b00003          t=951215 ns
MON M00.B   resp=0               t=951225 ns
MON M00.AW  addr=0x78            t=951275 ns
MON M00.W   data=0xa5b00004          t=951275 ns
MON M00.B   resp=0               t=951285 ns
MON M00.AW  addr=0x7c            t=951335 ns
MON M00.W   data=0xa5b00005          t=951335 ns
MON M00.B   resp=0               t=951345 ns
MON M00.AW  addr=0x00            t=951455 ns
MON M00.W   data=0xa5b00006          t=951455 ns
MON M00.B   resp=0               t=951465 ns
MON M00.AW  addr=0x04            t=951515 ns
MON M00.W   data=0xa5b00007          t=951515 ns
MON M00.B   resp=0               t=951525 ns
MON M01.AR  addr=0x04            t=951555 ns
MON M01.R   data=0x00000000 resp=0 t=951575 ns
MON M00.AW  addr=0x08            t=951575 ns
MON M00.W   data=0xa5b00008          t=951575 ns
MON M00.B   resp=0               t=951585 ns
MON M00.AW  addr=0x0c            t=951635 ns
MON M00.W   data=0xa5b00009          t=951635 ns
MON M00.B   resp=0               t=951645 ns
MON M00.AW  addr=0x10            t=951695 ns
MON M00.W   data=0xa5b0000a          t=951695 ns
MON M00.B   resp=0               t=951705 ns
MON M00.AW  addr=0x14            t=951755 ns
MON M00.W   data=0xa5b0000b          t=951755 ns
MON M00.B   resp=0               t=951765 ns
MON M00.AW  addr=0x18            t=951815 ns
MON M00.W   data=0xa5b0000c          t=951815 ns
MON M00.B   resp=0               t=951825 ns
MON M00.AW  addr=0x1c            t=951875 ns
MON M00.W   data=0xa5b0000d          t=951875 ns
MON M00.B   resp=0               t=951885 ns
MON M00.AW  addr=0x20            t=951935 ns
MON M00.W   data=0xa5b0000e          t=951935 ns
MON M00.B   resp=0               t=951945 ns
MON M00.AW  addr=0x24            t=951995 ns
MON M00.W   data=0xa5b0000f          t=951995 ns
MON M00.B   resp=0               t=952005 ns
MON M01.AR  addr=0x04            t=952025 ns
MON M01.R   data=0x00000000 resp=0 t=952045 ns
MON M01.AR  addr=0x04            t=952495 ns
MON M01.R   data=0x00001002 resp=0 t=952515 ns
MON M01.AR  addr=0x04            t=952965 ns
MON M01.R   data=0x00001002 resp=0 t=952985 ns
MON M01.AR  addr=0x04            t=953435 ns
MON M01.R   data=0x00001002 resp=0 t=953455 ns
MON M01.AR  addr=0x04            t=953905 ns
MON M01.R   data=0x00001002 resp=0 t=953925 ns
MON M01.AR  addr=0x04            t=954375 ns
MON M01.R   data=0x00001002 resp=0 t=954395 ns
MON M01.AR  addr=0x04            t=954845 ns
MON M01.R   data=0x00001002 resp=0 t=954865 ns
MON M01.AR  addr=0x04            t=955315 ns
MON M01.R   data=0x00001002 resp=0 t=955335 ns
MON M01.AR  addr=0x04            t=955785 ns
MON M01.R   data=0x00001002 resp=0 t=955805 ns
MON M01.AR  addr=0x04            t=956255 ns
MON M01.R   data=0x00001002 resp=0 t=956275 ns
MON M01.AR  addr=0x04            t=956725 ns
MON M01.R   data=0x00001002 resp=0 t=956745 ns
MON M01.AR  addr=0x04            t=957195 ns
MON M01.R   data=0x00001002 resp=0 t=957215 ns
MON M01.AR  addr=0x04            t=957665 ns
MON M01.R   data=0x00001002 resp=0 t=957685 ns
MON M01.AR  addr=0x04            t=958135 ns
MON M01.R   data=0x00001002 resp=0 t=958155 ns
MON M01.AR  addr=0x04            t=958605 ns
MON M01.R   data=0x00001002 resp=0 t=958625 ns
MON M01.AR  addr=0x04            t=959075 ns
MON M01.R   data=0x00001002 resp=0 t=959095 ns
MON M01.AR  addr=0x04            t=959545 ns
MON M01.R   data=0x00001002 resp=0 t=959565 ns
MON M01.AR  addr=0x04            t=960015 ns
MON M01.R   data=0x00001002 resp=0 t=960035 ns
MON M01.AR  addr=0x04            t=960485 ns
MON M01.R   data=0x00001002 resp=0 t=960505 ns
MON M01.AR  addr=0x04            t=960955 ns
MON M01.R   data=0x00001002 resp=0 t=960975 ns
MON M01.AR  addr=0x04            t=961425 ns
MON M01.R   data=0x00001002 resp=0 t=961445 ns
MON M01.AR  addr=0x04            t=961895 ns
MON M01.R   data=0x00001002 resp=0 t=961915 ns
MON M01.AR  addr=0x04            t=962365 ns
MON M01.R   data=0x00001002 resp=0 t=962385 ns
MON M01.AR  addr=0x04            t=962835 ns
MON M01.R   data=0x00001002 resp=0 t=962855 ns
MON M01.AR  addr=0x04            t=963305 ns
MON M01.R   data=0x00001002 resp=0 t=963325 ns
MON M01.AR  addr=0x04            t=963775 ns
MON M01.R   data=0x00001002 resp=0 t=963795 ns
MON M01.AR  addr=0x04            t=964245 ns
MON M01.R   data=0x00001002 resp=0 t=964265 ns
MON M01.AR  addr=0x04            t=964715 ns
MON M01.R   data=0x00001002 resp=0 t=964735 ns
MON M01.AR  addr=0x04            t=965185 ns
MON M01.R   data=0x00001002 resp=0 t=965205 ns
MON M01.AR  addr=0x04            t=965655 ns
MON M01.R   data=0x00001002 resp=0 t=965675 ns
MON M01.AR  addr=0x04            t=966125 ns
MON M01.R   data=0x00001002 resp=0 t=966145 ns
MON M01.AR  addr=0x04            t=966595 ns
MON M01.R   data=0x00001002 resp=0 t=966615 ns
MON M01.AR  addr=0x04            t=967065 ns
MON M01.R   data=0x00001002 resp=0 t=967085 ns
MON M01.AR  addr=0x04            t=967535 ns
MON M01.R   data=0x00001002 resp=0 t=967555 ns
MON M01.AR  addr=0x04            t=968005 ns
MON M01.R   data=0x00001002 resp=0 t=968025 ns
MON M01.AR  addr=0x04            t=968475 ns
MON M01.R   data=0x00001002 resp=0 t=968495 ns
MON M01.AR  addr=0x04            t=968945 ns
MON M01.R   data=0x00001002 resp=0 t=968965 ns
MON M01.AR  addr=0x04            t=969415 ns
MON M01.R   data=0x00001002 resp=0 t=969435 ns
MON M01.AR  addr=0x04            t=969885 ns
MON M01.R   data=0x00001002 resp=0 t=969905 ns
MON M01.AR  addr=0x04            t=970355 ns
MON M01.R   data=0x00001002 resp=0 t=970375 ns
MON M01.AR  addr=0x04            t=970825 ns
MON M01.R   data=0x00001002 resp=0 t=970845 ns
MON M01.AR  addr=0x04            t=971295 ns
MON M01.R   data=0x00001002 resp=0 t=971315 ns
MON M01.AR  addr=0x04            t=971765 ns
MON M01.R   data=0x00001002 resp=0 t=971785 ns
MON M01.AR  addr=0x04            t=972235 ns
MON M01.R   data=0x00001002 resp=0 t=972255 ns
MON M01.AR  addr=0x04            t=972705 ns
MON M01.R   data=0x00001002 resp=0 t=972725 ns
MON M01.AR  addr=0x04            t=973175 ns
MON M01.R   data=0x00001002 resp=0 t=973195 ns
MON M01.AR  addr=0x04            t=973645 ns
MON M01.R   data=0x00001002 resp=0 t=973665 ns
MON M01.AR  addr=0x04            t=974115 ns
MON M01.R   data=0x00001002 resp=0 t=974135 ns
MON M01.AR  addr=0x04            t=974585 ns
MON M01.R   data=0x00001002 resp=0 t=974605 ns
MON M01.AR  addr=0x04            t=975055 ns
MON M01.R   data=0x00001002 resp=0 t=975075 ns
MON M01.AR  addr=0x04            t=975525 ns
MON M01.R   data=0x00001002 resp=0 t=975545 ns
MON M01.AR  addr=0x04            t=975995 ns
MON M01.R   data=0x00001002 resp=0 t=976015 ns
MON M01.AR  addr=0x04            t=976465 ns
MON M01.R   data=0x00001002 resp=0 t=976485 ns
MON M01.AR  addr=0x04            t=976935 ns
MON M01.R   data=0x00001002 resp=0 t=976955 ns
MON M01.AR  addr=0x04            t=977405 ns
MON M01.R   data=0x00001002 resp=0 t=977425 ns
MON M01.AR  addr=0x04            t=977875 ns
MON M01.R   data=0x00001002 resp=0 t=977895 ns
MON M01.AR  addr=0x04            t=978345 ns
MON M01.R   data=0x00001002 resp=0 t=978365 ns
MON M01.AR  addr=0x04            t=978815 ns
MON M01.R   data=0x00001002 resp=0 t=978835 ns
MON M01.AR  addr=0x04            t=979285 ns
MON M01.R   data=0x00001002 resp=0 t=979305 ns
MON M01.AR  addr=0x04            t=979755 ns
MON M01.R   data=0x00001002 resp=0 t=979775 ns
MON M01.AR  addr=0x04            t=980225 ns
MON M01.R   data=0x00001002 resp=0 t=980245 ns
MON M01.AR  addr=0x04            t=980695 ns
MON M01.R   data=0x00001002 resp=0 t=980715 ns
MON M01.AR  addr=0x04            t=981165 ns
MON M01.R   data=0x00001002 resp=0 t=981185 ns
MON M01.AR  addr=0x04            t=981635 ns
MON M01.R   data=0x00001002 resp=0 t=981655 ns
MON M01.AR  addr=0x04            t=982105 ns
MON M01.R   data=0x00001002 resp=0 t=982125 ns
MON M01.AR  addr=0x04            t=982575 ns
MON M01.R   data=0x00001002 resp=0 t=982595 ns
MON M01.AR  addr=0x04            t=983045 ns
MON M01.R   data=0x00001002 resp=0 t=983065 ns
MON M01.AR  addr=0x04            t=983515 ns
MON M01.R   data=0x00001002 resp=0 t=983535 ns
MON M01.AR  addr=0x04            t=983985 ns
MON M01.R   data=0x00001002 resp=0 t=984005 ns
MON M01.AR  addr=0x04            t=984455 ns
MON M01.R   data=0x00001002 resp=0 t=984475 ns
MON M01.AR  addr=0x04            t=984925 ns
MON M01.R   data=0x00001002 resp=0 t=984945 ns
MON M01.AR  addr=0x04            t=985395 ns
MON M01.R   data=0x00001002 resp=0 t=985415 ns
MON M01.AR  addr=0x04            t=985865 ns
MON M01.R   data=0x00001002 resp=0 t=985885 ns
MON M01.AR  addr=0x04            t=986335 ns
MON M01.R   data=0x00001002 resp=0 t=986355 ns
MON M01.AR  addr=0x04            t=986805 ns
MON M01.R   data=0x00001002 resp=0 t=986825 ns
MON M01.AR  addr=0x04            t=987275 ns
MON M01.R   data=0x00001002 resp=0 t=987295 ns
MON M01.AR  addr=0x04            t=987745 ns
MON M01.R   data=0x00001002 resp=0 t=987765 ns
MON M01.AR  addr=0x04            t=988215 ns
MON M01.R   data=0x00001002 resp=0 t=988235 ns
MON M01.AR  addr=0x04            t=988685 ns
MON M01.R   data=0x00001002 resp=0 t=988705 ns
MON M01.AR  addr=0x04            t=989155 ns
MON M01.R   data=0x00001002 resp=0 t=989175 ns
MON M01.AR  addr=0x04            t=989625 ns
MON M01.R   data=0x00001002 resp=0 t=989645 ns
MON M01.AR  addr=0x04            t=990095 ns
MON M01.R   data=0x00001002 resp=0 t=990115 ns
MON M01.AR  addr=0x04            t=990565 ns
MON M01.R   data=0x00001002 resp=0 t=990585 ns
MON M01.AR  addr=0x04            t=991035 ns
MON M01.R   data=0x00001002 resp=0 t=991055 ns
MON M01.AR  addr=0x04            t=991505 ns
MON M01.R   data=0x00001002 resp=0 t=991525 ns
MON M01.AR  addr=0x04            t=991975 ns
MON M01.R   data=0x00001002 resp=0 t=991995 ns
MON M01.AR  addr=0x04            t=992445 ns
MON M01.R   data=0x00001002 resp=0 t=992465 ns
MON M01.AR  addr=0x04            t=992915 ns
MON M01.R   data=0x00001002 resp=0 t=992935 ns
MON M01.AR  addr=0x04            t=993385 ns
MON M01.R   data=0x00001002 resp=0 t=993405 ns
MON M01.AR  addr=0x04            t=993855 ns
MON M01.R   data=0x00001002 resp=0 t=993875 ns
MON M01.AR  addr=0x04            t=994325 ns
MON M01.R   data=0x00001002 resp=0 t=994345 ns
MON M01.AR  addr=0x04            t=994795 ns
MON M01.R   data=0x00001002 resp=0 t=994815 ns
MON M01.AR  addr=0x04            t=995265 ns
MON M01.R   data=0x00001002 resp=0 t=995285 ns
MON M01.AR  addr=0x04            t=995735 ns
MON M01.R   data=0x00001002 resp=0 t=995755 ns
MON M01.AR  addr=0x04            t=996205 ns
MON M01.R   data=0x00001002 resp=0 t=996225 ns
MON M01.AR  addr=0x04            t=996675 ns
MON M01.R   data=0x00001002 resp=0 t=996695 ns
MON M01.AR  addr=0x04            t=997145 ns
MON M01.R   data=0x00001002 resp=0 t=997165 ns
MON M01.AR  addr=0x04            t=997615 ns
MON M01.R   data=0x00001002 resp=0 t=997635 ns
MON M01.AR  addr=0x04            t=998085 ns
MON M01.R   data=0x00001002 resp=0 t=998105 ns
MON M01.AR  addr=0x04            t=998555 ns
MON M01.R   data=0x00001002 resp=0 t=998575 ns
MON M01.AR  addr=0x04            t=999025 ns
MON M01.R   data=0x00001002 resp=0 t=999045 ns
MON M01.AR  addr=0x04            t=999495 ns
MON M01.R   data=0x00001002 resp=0 t=999515 ns
MON M01.AR  addr=0x04            t=999965 ns
MON M01.R   data=0x00001002 resp=0 t=999985 ns
MON M01.AR  addr=0x04            t=1000435 ns
MON M01.R   data=0x00001002 resp=0 t=1000455 ns
MON M01.AR  addr=0x04            t=1000905 ns
MON M01.R   data=0x00001002 resp=0 t=1000925 ns
MON M01.AR  addr=0x04            t=1001375 ns
MON M01.R   data=0x00001002 resp=0 t=1001395 ns
MON M01.AR  addr=0x04            t=1001845 ns
MON M01.R   data=0x00001002 resp=0 t=1001865 ns
MON M01.AR  addr=0x04            t=1002315 ns
MON M01.R   data=0x00001002 resp=0 t=1002335 ns
MON M01.AR  addr=0x04            t=1002785 ns
MON M01.R   data=0x00001002 resp=0 t=1002805 ns
MON M01.AR  addr=0x04            t=1003255 ns
MON M01.R   data=0x00001002 resp=0 t=1003275 ns
MON M01.AR  addr=0x04            t=1003725 ns
MON M01.R   data=0x00001002 resp=0 t=1003745 ns
MON M01.AR  addr=0x04            t=1004195 ns
MON M01.R   data=0x00001002 resp=0 t=1004215 ns
MON M01.AR  addr=0x04            t=1004665 ns
MON M01.R   data=0x00001002 resp=0 t=1004685 ns
MON M01.AR  addr=0x04            t=1005135 ns
MON M01.R   data=0x00001002 resp=0 t=1005155 ns
MON M01.AR  addr=0x04            t=1005605 ns
MON M01.R   data=0x00001002 resp=0 t=1005625 ns
MON M01.AR  addr=0x04            t=1006075 ns
MON M01.R   data=0x00001002 resp=0 t=1006095 ns
MON M01.AR  addr=0x04            t=1006545 ns
MON M01.R   data=0x00001002 resp=0 t=1006565 ns
MON M01.AR  addr=0x04            t=1007015 ns
MON M01.R   data=0x00001002 resp=0 t=1007035 ns
MON M01.AR  addr=0x04            t=1007485 ns
MON M01.R   data=0x00001002 resp=0 t=1007505 ns
MON M01.AR  addr=0x04            t=1007955 ns
MON M01.R   data=0x00001002 resp=0 t=1007975 ns
MON M01.AR  addr=0x04            t=1008425 ns
MON M01.R   data=0x00001002 resp=0 t=1008445 ns
MON M01.AR  addr=0x04            t=1008895 ns
MON M01.R   data=0x00001002 resp=0 t=1008915 ns
MON M01.AR  addr=0x04            t=1009365 ns
MON M01.R   data=0x00001002 resp=0 t=1009385 ns
MON M01.AR  addr=0x04            t=1009835 ns
MON M01.R   data=0x00001002 resp=0 t=1009855 ns
MON M01.AR  addr=0x04            t=1010305 ns
MON M01.R   data=0x00001002 resp=0 t=1010325 ns
MON M01.AR  addr=0x04            t=1010775 ns
MON M01.R   data=0x00001002 resp=0 t=1010795 ns
MON M01.AR  addr=0x04            t=1011245 ns
MON M01.R   data=0x00001002 resp=0 t=1011265 ns
MON M01.AR  addr=0x04            t=1011715 ns
MON M01.R   data=0x00001002 resp=0 t=1011735 ns
MON M01.AR  addr=0x04            t=1012185 ns
MON M01.R   data=0x00001002 resp=0 t=1012205 ns
MON M01.AR  addr=0x04            t=1012655 ns
MON M01.R   data=0x00001002 resp=0 t=1012675 ns
MON M01.AR  addr=0x04            t=1013125 ns
MON M01.R   data=0x00001002 resp=0 t=1013145 ns
MON M01.AR  addr=0x04            t=1013595 ns
MON M01.R   data=0x00001002 resp=0 t=1013615 ns
MON M01.AR  addr=0x04            t=1014065 ns
MON M01.R   data=0x00001002 resp=0 t=1014085 ns
MON M01.AR  addr=0x04            t=1014535 ns
MON M01.R   data=0x00001002 resp=0 t=1014555 ns
MON M01.AR  addr=0x04            t=1015005 ns
MON M01.R   data=0x00001002 resp=0 t=1015025 ns
MON M01.AR  addr=0x04            t=1015475 ns
MON M01.R   data=0x00001002 resp=0 t=1015495 ns
MON M01.AR  addr=0x04            t=1015945 ns
MON M01.R   data=0x00001002 resp=0 t=1015965 ns
MON M01.AR  addr=0x04            t=1016415 ns
MON M01.R   data=0x00001002 resp=0 t=1016435 ns
MON M01.AR  addr=0x04            t=1016885 ns
MON M01.R   data=0x00001002 resp=0 t=1016905 ns
MON M01.AR  addr=0x04            t=1017355 ns
MON M01.R   data=0x00001002 resp=0 t=1017375 ns
MON M01.AR  addr=0x04            t=1017825 ns
MON M01.R   data=0x00001002 resp=0 t=1017845 ns
MON M01.AR  addr=0x04            t=1018295 ns
MON M01.R   data=0x00001002 resp=0 t=1018315 ns
MON M01.AR  addr=0x04            t=1018765 ns
MON M01.R   data=0x00001002 resp=0 t=1018785 ns
MON M01.AR  addr=0x04            t=1019235 ns
MON M01.R   data=0x00001002 resp=0 t=1019255 ns
MON M01.AR  addr=0x04            t=1019705 ns
MON M01.R   data=0x00001002 resp=0 t=1019725 ns
MON M01.AR  addr=0x04            t=1020175 ns
MON M01.R   data=0x00001002 resp=0 t=1020195 ns
MON M01.AR  addr=0x04            t=1020645 ns
MON M01.R   data=0x00001002 resp=0 t=1020665 ns
MON M01.AR  addr=0x04            t=1021115 ns
MON M01.R   data=0x00001002 resp=0 t=1021135 ns
MON M01.AR  addr=0x04            t=1021585 ns
MON M01.R   data=0x00001002 resp=0 t=1021605 ns
MON M01.AR  addr=0x04            t=1022055 ns
MON M01.R   data=0x00001002 resp=0 t=1022075 ns
MON M01.AR  addr=0x04            t=1022525 ns
MON M01.R   data=0x00001002 resp=0 t=1022545 ns
MON M01.AR  addr=0x04            t=1022995 ns
MON M01.R   data=0x00001002 resp=0 t=1023015 ns
MON M01.AR  addr=0x04            t=1023465 ns
MON M01.R   data=0x00001002 resp=0 t=1023485 ns
MON M01.AR  addr=0x04            t=1023935 ns
MON M01.R   data=0x00001002 resp=0 t=1023955 ns
MON M01.AR  addr=0x04            t=1024405 ns
MON M01.R   data=0x00001002 resp=0 t=1024425 ns
MON M01.AR  addr=0x04            t=1024875 ns
MON M01.R   data=0x00001002 resp=0 t=1024895 ns
MON M01.AR  addr=0x04            t=1025345 ns
MON M01.R   data=0x00001002 resp=0 t=1025365 ns
MON M01.AR  addr=0x04            t=1025815 ns
MON M01.R   data=0x00001002 resp=0 t=1025835 ns
MON M01.AR  addr=0x04            t=1026285 ns
MON M01.R   data=0x00001002 resp=0 t=1026305 ns
MON M01.AR  addr=0x04            t=1026755 ns
MON M01.R   data=0x00001002 resp=0 t=1026775 ns
MON M01.AR  addr=0x04            t=1027225 ns
MON M01.R   data=0x00001002 resp=0 t=1027245 ns
MON M01.AR  addr=0x04            t=1027695 ns
MON M01.R   data=0x00001002 resp=0 t=1027715 ns
MON M01.AR  addr=0x04            t=1028165 ns
MON M01.R   data=0x00001002 resp=0 t=1028185 ns
MON M01.AR  addr=0x04            t=1028635 ns
MON M01.R   data=0x00001002 resp=0 t=1028655 ns
MON M01.AR  addr=0x04            t=1029105 ns
MON M01.R   data=0x00001002 resp=0 t=1029125 ns
MON M01.AR  addr=0x04            t=1029575 ns
MON M01.R   data=0x00001002 resp=0 t=1029595 ns
MON M01.AR  addr=0x04            t=1030045 ns
MON M01.R   data=0x00001002 resp=0 t=1030065 ns
MON M01.AR  addr=0x04            t=1030515 ns
MON M01.R   data=0x00001002 resp=0 t=1030535 ns
MON M01.AR  addr=0x04            t=1030985 ns
MON M01.R   data=0x00001002 resp=0 t=1031005 ns
MON M01.AR  addr=0x04            t=1031455 ns
MON M01.R   data=0x00001002 resp=0 t=1031475 ns
MON M01.AR  addr=0x04            t=1031925 ns
MON M01.R   data=0x00001002 resp=0 t=1031945 ns
MON M01.AR  addr=0x04            t=1032395 ns
MON M01.R   data=0x00001002 resp=0 t=1032415 ns
MON M01.AR  addr=0x04            t=1032865 ns
MON M01.R   data=0x00001002 resp=0 t=1032885 ns
MON M01.AR  addr=0x04            t=1033335 ns
MON M01.R   data=0x00001002 resp=0 t=1033355 ns
MON M01.AR  addr=0x04            t=1033805 ns
MON M01.R   data=0x00001002 resp=0 t=1033825 ns
MON M01.AR  addr=0x04            t=1034275 ns
MON M01.R   data=0x00001002 resp=0 t=1034295 ns
MON M01.AR  addr=0x04            t=1034745 ns
MON M01.R   data=0x00001002 resp=0 t=1034765 ns
MON M01.AR  addr=0x04            t=1035215 ns
MON M01.R   data=0x00001002 resp=0 t=1035235 ns
MON M01.AR  addr=0x04            t=1035685 ns
MON M01.R   data=0x00001002 resp=0 t=1035705 ns
MON M01.AR  addr=0x04            t=1036155 ns
MON M01.R   data=0x00001002 resp=0 t=1036175 ns
MON M01.AR  addr=0x04            t=1036625 ns
MON M01.R   data=0x00001002 resp=0 t=1036645 ns
MON M01.AR  addr=0x04            t=1037095 ns
MON M01.R   data=0x00001002 resp=0 t=1037115 ns
MON M01.AR  addr=0x04            t=1037565 ns
MON M01.R   data=0x00001002 resp=0 t=1037585 ns
MON M01.AR  addr=0x04            t=1038035 ns
MON M01.R   data=0x00001002 resp=0 t=1038055 ns
MON M01.AR  addr=0x04            t=1038505 ns
MON M01.R   data=0x00001002 resp=0 t=1038525 ns
MON M01.AR  addr=0x04            t=1038975 ns
MON M01.R   data=0x00001002 resp=0 t=1038995 ns
MON M01.AR  addr=0x04            t=1039445 ns
MON M01.R   data=0x00001002 resp=0 t=1039465 ns
MON M01.AR  addr=0x04            t=1039915 ns
MON M01.R   data=0x00001002 resp=0 t=1039935 ns
MON M01.AR  addr=0x04            t=1040385 ns
MON M01.R   data=0x00001002 resp=0 t=1040405 ns
MON M01.AR  addr=0x04            t=1040855 ns
MON M01.R   data=0x00001002 resp=0 t=1040875 ns
MON M01.AR  addr=0x04            t=1041325 ns
MON M01.R   data=0x00001002 resp=0 t=1041345 ns
MON M01.AR  addr=0x04            t=1041795 ns
MON M01.R   data=0x00001002 resp=0 t=1041815 ns
MON M01.AR  addr=0x04            t=1042265 ns
MON M01.R   data=0x00001002 resp=0 t=1042285 ns
MON M01.AR  addr=0x04            t=1042735 ns
MON M01.R   data=0x00001002 resp=0 t=1042755 ns
MON M01.AR  addr=0x04            t=1043205 ns
MON M01.R   data=0x00001002 resp=0 t=1043225 ns
MON M01.AR  addr=0x04            t=1043675 ns
MON M01.R   data=0x00001002 resp=0 t=1043695 ns
MON M01.AR  addr=0x04            t=1044145 ns
MON M01.R   data=0x00001002 resp=0 t=1044165 ns
MON M01.AR  addr=0x04            t=1044615 ns
MON M01.R   data=0x00001002 resp=0 t=1044635 ns
MON M01.AR  addr=0x04            t=1045085 ns
MON M01.R   data=0x00001002 resp=0 t=1045105 ns
MON M01.AR  addr=0x04            t=1045555 ns
MON M01.R   data=0x00001002 resp=0 t=1045575 ns
MON M01.AR  addr=0x04            t=1046025 ns
MON M01.R   data=0x00001002 resp=0 t=1046045 ns
MON M01.AR  addr=0x04            t=1046495 ns
MON M01.R   data=0x00001002 resp=0 t=1046515 ns
MON M01.AR  addr=0x04            t=1046965 ns
MON M01.R   data=0x00001002 resp=0 t=1046985 ns
MON M01.AR  addr=0x04            t=1047435 ns
MON M01.R   data=0x00001002 resp=0 t=1047455 ns
MON M01.AR  addr=0x04            t=1047905 ns
MON M01.R   data=0x00001002 resp=0 t=1047925 ns
MON M01.AR  addr=0x04            t=1048375 ns
MON M01.R   data=0x00001002 resp=0 t=1048395 ns
MON M01.AR  addr=0x04            t=1048845 ns
MON M01.R   data=0x00001002 resp=0 t=1048865 ns
MON M01.AR  addr=0x04            t=1049315 ns
MON M01.R   data=0x00001002 resp=0 t=1049335 ns
MON M01.AR  addr=0x04            t=1049785 ns
MON M01.R   data=0x00001002 resp=0 t=1049805 ns
MON M01.AR  addr=0x04            t=1050255 ns
MON M01.R   data=0x00001002 resp=0 t=1050275 ns
MON M01.AR  addr=0x04            t=1050725 ns
MON M01.R   data=0x00001002 resp=0 t=1050745 ns
MON M01.AR  addr=0x04            t=1051195 ns
MON M01.R   data=0x00001002 resp=0 t=1051215 ns
MON M01.AR  addr=0x04            t=1051665 ns
MON M01.R   data=0x00001002 resp=0 t=1051685 ns
MON M01.AR  addr=0x04            t=1052135 ns
MON M01.R   data=0x00001002 resp=0 t=1052155 ns
MON M01.AR  addr=0x04            t=1052605 ns
MON M01.R   data=0x00001002 resp=0 t=1052625 ns
MON M01.AR  addr=0x04            t=1053075 ns
MON M01.R   data=0x00001002 resp=0 t=1053095 ns
MON M01.AR  addr=0x04            t=1053545 ns
MON M01.R   data=0x00001002 resp=0 t=1053565 ns
MON M01.AR  addr=0x04            t=1054015 ns
MON M01.R   data=0x00001002 resp=0 t=1054035 ns
MON M01.AR  addr=0x04            t=1054485 ns
MON M01.R   data=0x00001002 resp=0 t=1054505 ns
MON M01.AR  addr=0x04            t=1054955 ns
MON M01.R   data=0x00001002 resp=0 t=1054975 ns
MON M01.AR  addr=0x04            t=1055425 ns
MON M01.R   data=0x00001002 resp=0 t=1055445 ns
MON M01.AR  addr=0x04            t=1055895 ns
MON M01.R   data=0x00001002 resp=0 t=1055915 ns
MON M01.AR  addr=0x04            t=1056365 ns
MON M01.R   data=0x00001002 resp=0 t=1056385 ns
MON M01.AR  addr=0x04            t=1056835 ns
MON M01.R   data=0x00001002 resp=0 t=1056855 ns
MON M01.AR  addr=0x04            t=1057305 ns
MON M01.R   data=0x00001002 resp=0 t=1057325 ns
MON M01.AR  addr=0x04            t=1057775 ns
MON M01.R   data=0x00001002 resp=0 t=1057795 ns
MON M01.AR  addr=0x04            t=1058245 ns
MON M01.R   data=0x00001002 resp=0 t=1058265 ns
MON M01.AR  addr=0x04            t=1058715 ns
MON M01.R   data=0x00001002 resp=0 t=1058735 ns
MON M01.AR  addr=0x04            t=1059185 ns
MON M01.R   data=0x00001002 resp=0 t=1059205 ns
MON M01.AR  addr=0x04            t=1059655 ns
MON M01.R   data=0x00001002 resp=0 t=1059675 ns
MON M01.AR  addr=0x04            t=1060125 ns
MON M01.R   data=0x00001002 resp=0 t=1060145 ns
MON M01.AR  addr=0x04            t=1060595 ns
MON M01.R   data=0x00001002 resp=0 t=1060615 ns
MON M01.AR  addr=0x04            t=1061065 ns
MON M01.R   data=0x00001002 resp=0 t=1061085 ns
MON M01.AR  addr=0x04            t=1061535 ns
MON M01.R   data=0x00001002 resp=0 t=1061555 ns
MON M01.AR  addr=0x04            t=1062005 ns
MON M01.R   data=0x00001002 resp=0 t=1062025 ns
MON M01.AR  addr=0x04            t=1062475 ns
MON M01.R   data=0x00001002 resp=0 t=1062495 ns
MON M01.AR  addr=0x04            t=1062945 ns
MON M01.R   data=0x00001002 resp=0 t=1062965 ns
MON M01.AR  addr=0x04            t=1063415 ns
MON M01.R   data=0x00001002 resp=0 t=1063435 ns
MON M01.AR  addr=0x04            t=1063885 ns
MON M01.R   data=0x00001002 resp=0 t=1063905 ns
MON M01.AR  addr=0x04            t=1064355 ns
MON M01.R   data=0x00001002 resp=0 t=1064375 ns
MON M01.AR  addr=0x04            t=1064825 ns
MON M01.R   data=0x00001002 resp=0 t=1064845 ns
MON M01.AR  addr=0x04            t=1065295 ns
MON M01.R   data=0x00001002 resp=0 t=1065315 ns
MON M01.AR  addr=0x04            t=1065765 ns
MON M01.R   data=0x00001002 resp=0 t=1065785 ns
MON M01.AR  addr=0x04            t=1066235 ns
MON M01.R   data=0x00001002 resp=0 t=1066255 ns
MON M01.AR  addr=0x04            t=1066705 ns
MON M01.R   data=0x00001002 resp=0 t=1066725 ns
MON M01.AR  addr=0x04            t=1067175 ns
MON M01.R   data=0x00001002 resp=0 t=1067195 ns
MON M01.AR  addr=0x04            t=1067645 ns
MON M01.R   data=0x00001002 resp=0 t=1067665 ns
MON M01.AR  addr=0x04            t=1068115 ns
MON M01.R   data=0x00001002 resp=0 t=1068135 ns
MON M01.AR  addr=0x04            t=1068585 ns
MON M01.R   data=0x00001002 resp=0 t=1068605 ns
MON M01.AR  addr=0x04            t=1069055 ns
MON M01.R   data=0x00001002 resp=0 t=1069075 ns
MON M01.AR  addr=0x04            t=1069525 ns
MON M01.R   data=0x00001002 resp=0 t=1069545 ns
MON M01.AR  addr=0x04            t=1069995 ns
MON M01.R   data=0x00001002 resp=0 t=1070015 ns
MON M01.AR  addr=0x04            t=1070465 ns
MON M01.R   data=0x00001002 resp=0 t=1070485 ns
MON M01.AR  addr=0x04            t=1070935 ns
MON M01.R   data=0x00001002 resp=0 t=1070955 ns
MON M01.AR  addr=0x04            t=1071405 ns
MON M01.R   data=0x00001002 resp=0 t=1071425 ns
MON M01.AR  addr=0x04            t=1071875 ns
MON M01.R   data=0x00001002 resp=0 t=1071895 ns
MON M01.AR  addr=0x04            t=1072345 ns
MON M01.R   data=0x00001002 resp=0 t=1072365 ns
MON M01.AR  addr=0x04            t=1072815 ns
MON M01.R   data=0x00001002 resp=0 t=1072835 ns
MON M01.AR  addr=0x04            t=1073285 ns
MON M01.R   data=0x00001002 resp=0 t=1073305 ns
MON M01.AR  addr=0x04            t=1073755 ns
MON M01.R   data=0x00001002 resp=0 t=1073775 ns
MON M01.AR  addr=0x04            t=1074225 ns
MON M01.R   data=0x00001002 resp=0 t=1074245 ns
MON M01.AR  addr=0x04            t=1074695 ns
MON M01.R   data=0x00001002 resp=0 t=1074715 ns
MON M01.AR  addr=0x04            t=1075165 ns
MON M01.R   data=0x00001002 resp=0 t=1075185 ns
MON M01.AR  addr=0x04            t=1075635 ns
MON M01.R   data=0x00001002 resp=0 t=1075655 ns
MON M01.AR  addr=0x04            t=1076105 ns
MON M01.R   data=0x00001002 resp=0 t=1076125 ns
MON M01.AR  addr=0x04            t=1076575 ns
MON M01.R   data=0x00001002 resp=0 t=1076595 ns
MON M01.AR  addr=0x04            t=1077045 ns
MON M01.R   data=0x00001002 resp=0 t=1077065 ns
MON M01.AR  addr=0x04            t=1077515 ns
MON M01.R   data=0x00001002 resp=0 t=1077535 ns
MON M01.AR  addr=0x04            t=1077985 ns
MON M01.R   data=0x00001002 resp=0 t=1078005 ns
MON M01.AR  addr=0x04            t=1078455 ns
MON M01.R   data=0x00001002 resp=0 t=1078475 ns
MON M01.AR  addr=0x04            t=1078925 ns
MON M01.R   data=0x00001002 resp=0 t=1078945 ns
MON M01.AR  addr=0x04            t=1079395 ns
MON M01.R   data=0x00001002 resp=0 t=1079415 ns
MON M01.AR  addr=0x04            t=1079865 ns
MON M01.R   data=0x00001002 resp=0 t=1079885 ns
MON M01.AR  addr=0x04            t=1080335 ns
MON M01.R   data=0x00001002 resp=0 t=1080355 ns
MON M01.AR  addr=0x04            t=1080805 ns
MON M01.R   data=0x00001002 resp=0 t=1080825 ns
MON M01.AR  addr=0x04            t=1081275 ns
MON M01.R   data=0x00001002 resp=0 t=1081295 ns
MON M01.AR  addr=0x04            t=1081745 ns
MON M01.R   data=0x00001002 resp=0 t=1081765 ns
MON M01.AR  addr=0x04            t=1082215 ns
MON M01.R   data=0x00001002 resp=0 t=1082235 ns
MON M01.AR  addr=0x04            t=1082685 ns
MON M01.R   data=0x00001002 resp=0 t=1082705 ns
MON M01.AR  addr=0x04            t=1083155 ns
MON M01.R   data=0x00001002 resp=0 t=1083175 ns
MON M01.AR  addr=0x04            t=1083625 ns
MON M01.R   data=0x00001002 resp=0 t=1083645 ns
MON M01.AR  addr=0x04            t=1084095 ns
MON M01.R   data=0x00001002 resp=0 t=1084115 ns
MON M01.AR  addr=0x04            t=1084565 ns
MON M01.R   data=0x00001002 resp=0 t=1084585 ns
MON M01.AR  addr=0x04            t=1085035 ns
MON M01.R   data=0x00001002 resp=0 t=1085055 ns
MON M01.AR  addr=0x04            t=1085505 ns
MON M01.R   data=0x00001002 resp=0 t=1085525 ns
MON M01.AR  addr=0x04            t=1085975 ns
MON M01.R   data=0x00001002 resp=0 t=1085995 ns
MON M01.AR  addr=0x04            t=1086445 ns
MON M01.R   data=0x00001002 resp=0 t=1086465 ns
MON M01.AR  addr=0x04            t=1086915 ns
MON M01.R   data=0x00001002 resp=0 t=1086935 ns
MON M01.AR  addr=0x04            t=1087385 ns
MON M01.R   data=0x00001002 resp=0 t=1087405 ns
MON M01.AR  addr=0x04            t=1087855 ns
MON M01.R   data=0x00001002 resp=0 t=1087875 ns
MON M01.AR  addr=0x04            t=1088325 ns
MON M01.R   data=0x00001002 resp=0 t=1088345 ns
MON M01.AR  addr=0x04            t=1088795 ns
MON M01.R   data=0x00001002 resp=0 t=1088815 ns
MON M01.AR  addr=0x04            t=1089265 ns
MON M01.R   data=0x00001002 resp=0 t=1089285 ns
MON M01.AR  addr=0x04            t=1089735 ns
MON M01.R   data=0x00001002 resp=0 t=1089755 ns
MON M01.AR  addr=0x04            t=1090205 ns
MON M01.R   data=0x00001002 resp=0 t=1090225 ns
MON M01.AR  addr=0x04            t=1090675 ns
MON M01.R   data=0x00001002 resp=0 t=1090695 ns
MON M01.AR  addr=0x04            t=1091145 ns
MON M01.R   data=0x00001002 resp=0 t=1091165 ns
MON M01.AR  addr=0x04            t=1091615 ns
MON M01.R   data=0x00001002 resp=0 t=1091635 ns
MON M01.AR  addr=0x04            t=1092085 ns
MON M01.R   data=0x00001002 resp=0 t=1092105 ns
MON M01.AR  addr=0x04            t=1092555 ns
MON M01.R   data=0x00001002 resp=0 t=1092575 ns
MON M01.AR  addr=0x04            t=1093025 ns
MON M01.R   data=0x00001002 resp=0 t=1093045 ns
MON M01.AR  addr=0x04            t=1093495 ns
MON M01.R   data=0x00001002 resp=0 t=1093515 ns
MON M01.AR  addr=0x04            t=1093965 ns
MON M01.R   data=0x00001002 resp=0 t=1093985 ns
MON M01.AR  addr=0x04            t=1094435 ns
MON M01.R   data=0x00001002 resp=0 t=1094455 ns
MON M01.AR  addr=0x04            t=1094905 ns
MON M01.R   data=0x00001002 resp=0 t=1094925 ns
MON M01.AR  addr=0x04            t=1095375 ns
MON M01.R   data=0x00001002 resp=0 t=1095395 ns
MON M01.AR  addr=0x04            t=1095845 ns
MON M01.R   data=0x00001002 resp=0 t=1095865 ns
MON M01.AR  addr=0x04            t=1096315 ns
MON M01.R   data=0x00001002 resp=0 t=1096335 ns
MON M01.AR  addr=0x04            t=1096785 ns
MON M01.R   data=0x00001002 resp=0 t=1096805 ns
MON M01.AR  addr=0x04            t=1097255 ns
MON M01.R   data=0x00001002 resp=0 t=1097275 ns
MON M01.AR  addr=0x04            t=1097725 ns
MON M01.R   data=0x00001002 resp=0 t=1097745 ns
MON M01.AR  addr=0x04            t=1098195 ns
MON M01.R   data=0x00001002 resp=0 t=1098215 ns
MON M01.AR  addr=0x04            t=1098665 ns
MON M01.R   data=0x00001002 resp=0 t=1098685 ns
MON M01.AR  addr=0x04            t=1099135 ns
MON M01.R   data=0x00001002 resp=0 t=1099155 ns
MON M01.AR  addr=0x04            t=1099605 ns
MON M01.R   data=0x00001002 resp=0 t=1099625 ns
MON M01.AR  addr=0x04            t=1100075 ns
MON M01.R   data=0x00001002 resp=0 t=1100095 ns
MON M01.AR  addr=0x04            t=1100545 ns
MON M01.R   data=0x00001002 resp=0 t=1100565 ns
MON M01.AR  addr=0x04            t=1101015 ns
MON M01.R   data=0x00001002 resp=0 t=1101035 ns
MON M01.AR  addr=0x04            t=1101485 ns
MON M01.R   data=0x00001002 resp=0 t=1101505 ns
MON M01.AR  addr=0x04            t=1101955 ns
MON M01.R   data=0x00001002 resp=0 t=1101975 ns
MON M01.AR  addr=0x04            t=1102425 ns
MON M01.R   data=0x00001002 resp=0 t=1102445 ns
MON M01.AR  addr=0x04            t=1102895 ns
MON M01.R   data=0x00001002 resp=0 t=1102915 ns
MON M01.AR  addr=0x04            t=1103365 ns
MON M01.R   data=0x00001002 resp=0 t=1103385 ns
MON M01.AR  addr=0x04            t=1103835 ns
MON M01.R   data=0x00001002 resp=0 t=1103855 ns
MON M01.AR  addr=0x04            t=1104305 ns
MON M01.R   data=0x00001002 resp=0 t=1104325 ns
MON M01.AR  addr=0x04            t=1104775 ns
MON M01.R   data=0x00001002 resp=0 t=1104795 ns
MON M01.AR  addr=0x04            t=1105245 ns
MON M01.R   data=0x00001002 resp=0 t=1105265 ns
MON M01.AR  addr=0x04            t=1105715 ns
MON M01.R   data=0x00001002 resp=0 t=1105735 ns
MON M01.AR  addr=0x04            t=1106185 ns
MON M01.R   data=0x00001002 resp=0 t=1106205 ns
MON M01.AR  addr=0x04            t=1106655 ns
MON M01.R   data=0x00001002 resp=0 t=1106675 ns
MON M01.AR  addr=0x04            t=1107125 ns
MON M01.R   data=0x00001002 resp=0 t=1107145 ns
MON M01.AR  addr=0x04            t=1107595 ns
MON M01.R   data=0x00001002 resp=0 t=1107615 ns
MON M01.AR  addr=0x04            t=1108065 ns
MON M01.R   data=0x00001002 resp=0 t=1108085 ns
MON M01.AR  addr=0x04            t=1108535 ns
MON M01.R   data=0x00001002 resp=0 t=1108555 ns
MON M01.AR  addr=0x04            t=1109005 ns
MON M01.R   data=0x00001002 resp=0 t=1109025 ns
MON M01.AR  addr=0x04            t=1109475 ns
MON M01.R   data=0x00001002 resp=0 t=1109495 ns
MON M01.AR  addr=0x04            t=1109945 ns
MON M01.R   data=0x00001002 resp=0 t=1109965 ns
MON M01.AR  addr=0x04            t=1110415 ns
MON M01.R   data=0x00001002 resp=0 t=1110435 ns
MON M01.AR  addr=0x04            t=1110885 ns
MON M01.R   data=0x00001002 resp=0 t=1110905 ns
MON M01.AR  addr=0x04            t=1111355 ns
MON M01.R   data=0x00001002 resp=0 t=1111375 ns
MON M01.AR  addr=0x04            t=1111825 ns
MON M01.R   data=0x00001002 resp=0 t=1111845 ns
MON M01.AR  addr=0x04            t=1112295 ns
MON M01.R   data=0x00001002 resp=0 t=1112315 ns
MON M01.AR  addr=0x04            t=1112765 ns
MON M01.R   data=0x00001002 resp=0 t=1112785 ns
MON M01.AR  addr=0x04            t=1113235 ns
MON M01.R   data=0x00001002 resp=0 t=1113255 ns
MON M01.AR  addr=0x04            t=1113705 ns
MON M01.R   data=0x00001002 resp=0 t=1113725 ns
MON M01.AR  addr=0x04            t=1114175 ns
MON M01.R   data=0x00001002 resp=0 t=1114195 ns
MON M01.AR  addr=0x04            t=1114645 ns
MON M01.R   data=0x00001002 resp=0 t=1114665 ns
MON M01.AR  addr=0x04            t=1115115 ns
MON M01.R   data=0x00001002 resp=0 t=1115135 ns
MON M01.AR  addr=0x04            t=1115585 ns
MON M01.R   data=0x00001002 resp=0 t=1115605 ns
MON M01.AR  addr=0x04            t=1116055 ns
MON M01.R   data=0x00001002 resp=0 t=1116075 ns
MON M01.AR  addr=0x04            t=1116525 ns
MON M01.R   data=0x00001002 resp=0 t=1116545 ns
MON M01.AR  addr=0x04            t=1116995 ns
MON M01.R   data=0x00001002 resp=0 t=1117015 ns
MON M01.AR  addr=0x04            t=1117465 ns
MON M01.R   data=0x00001002 resp=0 t=1117485 ns
MON M01.AR  addr=0x04            t=1117935 ns
MON M01.R   data=0x00001002 resp=0 t=1117955 ns
MON M01.AR  addr=0x04            t=1118405 ns
MON M01.R   data=0x00001002 resp=0 t=1118425 ns
MON M01.AR  addr=0x04            t=1118875 ns
MON M01.R   data=0x00001002 resp=0 t=1118895 ns
MON M01.AR  addr=0x04            t=1119345 ns
MON M01.R   data=0x00001002 resp=0 t=1119365 ns
MON M01.AR  addr=0x04            t=1119815 ns
MON M01.R   data=0x00001002 resp=0 t=1119835 ns
MON M01.AR  addr=0x04            t=1120285 ns
MON M01.R   data=0x00001002 resp=0 t=1120305 ns
MON M01.AR  addr=0x04            t=1120755 ns
MON M01.R   data=0x00001002 resp=0 t=1120775 ns
MON M01.AR  addr=0x04            t=1121225 ns
MON M01.R   data=0x00001002 resp=0 t=1121245 ns
MON M01.AR  addr=0x04            t=1121695 ns
MON M01.R   data=0x00001002 resp=0 t=1121715 ns
MON M01.AR  addr=0x04            t=1122165 ns
MON M01.R   data=0x00001002 resp=0 t=1122185 ns
MON M01.AR  addr=0x04            t=1122635 ns
MON M01.R   data=0x00001002 resp=0 t=1122655 ns
MON M01.AR  addr=0x04            t=1123105 ns
MON M01.R   data=0x00001002 resp=0 t=1123125 ns
MON M01.AR  addr=0x04            t=1123575 ns
MON M01.R   data=0x00001002 resp=0 t=1123595 ns
MON M01.AR  addr=0x04            t=1124045 ns
MON M01.R   data=0x00001002 resp=0 t=1124065 ns
MON M01.AR  addr=0x04            t=1124515 ns
MON M01.R   data=0x00001002 resp=0 t=1124535 ns
MON M01.AR  addr=0x04            t=1124985 ns
MON M01.R   data=0x00001002 resp=0 t=1125005 ns
MON M01.AR  addr=0x04            t=1125455 ns
MON M01.R   data=0x00001002 resp=0 t=1125475 ns
MON M01.AR  addr=0x04            t=1125925 ns
MON M01.R   data=0x00001002 resp=0 t=1125945 ns
MON M01.AR  addr=0x04            t=1126395 ns
MON M01.R   data=0x00001002 resp=0 t=1126415 ns
MON M01.AR  addr=0x04            t=1126865 ns
MON M01.R   data=0x00001002 resp=0 t=1126885 ns
MON M01.AR  addr=0x04            t=1127335 ns
MON M01.R   data=0x00001002 resp=0 t=1127355 ns
MON M01.AR  addr=0x04            t=1127805 ns
MON M01.R   data=0x00001002 resp=0 t=1127825 ns
MON M01.AR  addr=0x04            t=1128275 ns
MON M01.R   data=0x00001002 resp=0 t=1128295 ns
MON M01.AR  addr=0x04            t=1128745 ns
MON M01.R   data=0x00001002 resp=0 t=1128765 ns
MON M01.AR  addr=0x04            t=1129215 ns
MON M01.R   data=0x00001002 resp=0 t=1129235 ns
MON M01.AR  addr=0x04            t=1129685 ns
MON M01.R   data=0x00001002 resp=0 t=1129705 ns
MON M01.AR  addr=0x04            t=1130155 ns
MON M01.R   data=0x00001002 resp=0 t=1130175 ns
MON M01.AR  addr=0x04            t=1130625 ns
MON M01.R   data=0x00001002 resp=0 t=1130645 ns
MON M01.AR  addr=0x04            t=1131095 ns
MON M01.R   data=0x00001002 resp=0 t=1131115 ns
MON M01.AR  addr=0x04            t=1131565 ns
MON M01.R   data=0x00001002 resp=0 t=1131585 ns
MON M01.AR  addr=0x04            t=1132035 ns
MON M01.R   data=0x00001002 resp=0 t=1132055 ns
MON M01.AR  addr=0x04            t=1132505 ns
MON M01.R   data=0x00001002 resp=0 t=1132525 ns
MON M01.AR  addr=0x04            t=1132975 ns
MON M01.R   data=0x00001002 resp=0 t=1132995 ns
MON M01.AR  addr=0x04            t=1133445 ns
MON M01.R   data=0x00001002 resp=0 t=1133465 ns
MON M01.AR  addr=0x04            t=1133915 ns
MON M01.R   data=0x00001002 resp=0 t=1133935 ns
MON M01.AR  addr=0x04            t=1134385 ns
MON M01.R   data=0x00001002 resp=0 t=1134405 ns
MON M01.AR  addr=0x04            t=1134855 ns
MON M01.R   data=0x00001002 resp=0 t=1134875 ns
MON M01.AR  addr=0x04            t=1135325 ns
MON M01.R   data=0x00001002 resp=0 t=1135345 ns
MON M01.AR  addr=0x04            t=1135795 ns
MON M01.R   data=0x00001002 resp=0 t=1135815 ns
MON M01.AR  addr=0x04            t=1136265 ns
MON M01.R   data=0x00001002 resp=0 t=1136285 ns
MON M01.AR  addr=0x04            t=1136735 ns
MON M01.R   data=0x00001002 resp=0 t=1136755 ns
MON M01.AR  addr=0x04            t=1137205 ns
MON M01.R   data=0x00001002 resp=0 t=1137225 ns
MON M01.AR  addr=0x04            t=1137675 ns
MON M01.R   data=0x00001002 resp=0 t=1137695 ns
MON M01.AR  addr=0x04            t=1138145 ns
MON M01.R   data=0x00001002 resp=0 t=1138165 ns
MON M01.AR  addr=0x04            t=1138615 ns
MON M01.R   data=0x00001002 resp=0 t=1138635 ns
MON M01.AR  addr=0x04            t=1139085 ns
MON M01.R   data=0x00001002 resp=0 t=1139105 ns
MON M01.AR  addr=0x04            t=1139555 ns
MON M01.R   data=0x00001002 resp=0 t=1139575 ns
MON M01.AR  addr=0x04            t=1140025 ns
MON M01.R   data=0x00001002 resp=0 t=1140045 ns
MON M01.AR  addr=0x04            t=1140495 ns
MON M01.R   data=0x00001002 resp=0 t=1140515 ns
MON M01.AR  addr=0x04            t=1140965 ns
MON M01.R   data=0x00001002 resp=0 t=1140985 ns
MON M01.AR  addr=0x04            t=1141435 ns
MON M01.R   data=0x00001002 resp=0 t=1141455 ns
MON M01.AR  addr=0x04            t=1141905 ns
MON M01.R   data=0x00001002 resp=0 t=1141925 ns
MON M01.AR  addr=0x04            t=1142375 ns
MON M01.R   data=0x00001002 resp=0 t=1142395 ns
MON M01.AR  addr=0x04            t=1142845 ns
MON M01.R   data=0x00001002 resp=0 t=1142865 ns
MON M01.AR  addr=0x04            t=1143315 ns
MON M01.R   data=0x00001002 resp=0 t=1143335 ns
MON M01.AR  addr=0x04            t=1143785 ns
MON M01.R   data=0x00001002 resp=0 t=1143805 ns
MON M01.AR  addr=0x04            t=1144255 ns
MON M01.R   data=0x00001002 resp=0 t=1144275 ns
MON M01.AR  addr=0x04            t=1144725 ns
MON M01.R   data=0x00001002 resp=0 t=1144745 ns
MON M01.AR  addr=0x04            t=1145195 ns
MON M01.R   data=0x00001002 resp=0 t=1145215 ns
MON M01.AR  addr=0x04            t=1145665 ns
MON M01.R   data=0x00001002 resp=0 t=1145685 ns
MON M01.AR  addr=0x04            t=1146135 ns
MON M01.R   data=0x00001002 resp=0 t=1146155 ns
MON M01.AR  addr=0x04            t=1146605 ns
MON M01.R   data=0x00001002 resp=0 t=1146625 ns
MON M01.AR  addr=0x04            t=1147075 ns
MON M01.R   data=0x00001002 resp=0 t=1147095 ns
MON M01.AR  addr=0x04            t=1147545 ns
MON M01.R   data=0x00001002 resp=0 t=1147565 ns
MON M01.AR  addr=0x04            t=1148015 ns
MON M01.R   data=0x00001002 resp=0 t=1148035 ns
MON M01.AR  addr=0x04            t=1148485 ns
MON M01.R   data=0x00001002 resp=0 t=1148505 ns
MON M01.AR  addr=0x04            t=1148955 ns
MON M01.R   data=0x00001002 resp=0 t=1148975 ns
MON M01.AR  addr=0x04            t=1149425 ns
MON M01.R   data=0x00001002 resp=0 t=1149445 ns
MON M01.AR  addr=0x04            t=1149895 ns
MON M01.R   data=0x00001002 resp=0 t=1149915 ns
MON M01.AR  addr=0x04            t=1150365 ns
MON M01.R   data=0x00001002 resp=0 t=1150385 ns
MON M01.AR  addr=0x04            t=1150835 ns
MON M01.R   data=0x00001002 resp=0 t=1150855 ns
MON M01.AR  addr=0x04            t=1151305 ns
MON M01.R   data=0x00001002 resp=0 t=1151325 ns
MON M01.AR  addr=0x04            t=1151775 ns
MON M01.R   data=0x00001002 resp=0 t=1151795 ns
MON M01.AR  addr=0x04            t=1152245 ns
MON M01.R   data=0x00001002 resp=0 t=1152265 ns
MON M01.AR  addr=0x04            t=1152715 ns
MON M01.R   data=0x00001002 resp=0 t=1152735 ns
MON M01.AR  addr=0x04            t=1153185 ns
MON M01.R   data=0x00001002 resp=0 t=1153205 ns
MON M01.AR  addr=0x04            t=1153655 ns
MON M01.R   data=0x00001002 resp=0 t=1153675 ns
MON M01.AR  addr=0x04            t=1154125 ns
MON M01.R   data=0x00001002 resp=0 t=1154145 ns
MON M01.AR  addr=0x04            t=1154595 ns
MON M01.R   data=0x00001002 resp=0 t=1154615 ns
MON M01.AR  addr=0x04            t=1155065 ns
MON M01.R   data=0x00001002 resp=0 t=1155085 ns
MON M01.AR  addr=0x04            t=1155535 ns
MON M01.R   data=0x00001002 resp=0 t=1155555 ns
MON M01.AR  addr=0x04            t=1156005 ns
MON M01.R   data=0x00001002 resp=0 t=1156025 ns
MON M01.AR  addr=0x04            t=1156475 ns
MON M01.R   data=0x00001002 resp=0 t=1156495 ns
MON M01.AR  addr=0x04            t=1156945 ns
MON M01.R   data=0x00001002 resp=0 t=1156965 ns
MON M01.AR  addr=0x04            t=1157415 ns
MON M01.R   data=0x00001002 resp=0 t=1157435 ns
MON M01.AR  addr=0x04            t=1157885 ns
MON M01.R   data=0x00001002 resp=0 t=1157905 ns
MON M01.AR  addr=0x04            t=1158355 ns
MON M01.R   data=0x00001002 resp=0 t=1158375 ns
MON M01.AR  addr=0x04            t=1158825 ns
MON M01.R   data=0x00001002 resp=0 t=1158845 ns
MON M01.AR  addr=0x04            t=1159295 ns
MON M01.R   data=0x00001002 resp=0 t=1159315 ns
MON M01.AR  addr=0x04            t=1159765 ns
MON M01.R   data=0x00001002 resp=0 t=1159785 ns
MON M01.AR  addr=0x04            t=1160235 ns
MON M01.R   data=0x00001002 resp=0 t=1160255 ns
MON M01.AR  addr=0x04            t=1160705 ns
MON M01.R   data=0x00001002 resp=0 t=1160725 ns
MON M01.AR  addr=0x04            t=1161175 ns
MON M01.R   data=0x00001002 resp=0 t=1161195 ns
MON M01.AR  addr=0x04            t=1161645 ns
MON M01.R   data=0x00001002 resp=0 t=1161665 ns
MON M01.AR  addr=0x04            t=1162115 ns
MON M01.R   data=0x00001002 resp=0 t=1162135 ns
MON M01.AR  addr=0x04            t=1162585 ns
MON M01.R   data=0x00001002 resp=0 t=1162605 ns
MON M01.AR  addr=0x04            t=1163055 ns
MON M01.R   data=0x00001002 resp=0 t=1163075 ns
MON M01.AR  addr=0x04            t=1163525 ns
MON M01.R   data=0x00001002 resp=0 t=1163545 ns
MON M01.AR  addr=0x04            t=1163995 ns
MON M01.R   data=0x00001002 resp=0 t=1164015 ns
MON M01.AR  addr=0x04            t=1164465 ns
MON M01.R   data=0x00001002 resp=0 t=1164485 ns
MON M01.AR  addr=0x04            t=1164935 ns
MON M01.R   data=0x00001002 resp=0 t=1164955 ns
MON M01.AR  addr=0x04            t=1165405 ns
MON M01.R   data=0x00001002 resp=0 t=1165425 ns
MON M01.AR  addr=0x04            t=1165875 ns
MON M01.R   data=0x00001002 resp=0 t=1165895 ns
MON M01.AR  addr=0x04            t=1166345 ns
MON M01.R   data=0x00001002 resp=0 t=1166365 ns
MON M01.AR  addr=0x04            t=1166815 ns
MON M01.R   data=0x00001002 resp=0 t=1166835 ns
MON M01.AR  addr=0x04            t=1167285 ns
MON M01.R   data=0x00001002 resp=0 t=1167305 ns
MON M01.AR  addr=0x04            t=1167755 ns
MON M01.R   data=0x00001002 resp=0 t=1167775 ns
MON M01.AR  addr=0x04            t=1168225 ns
MON M01.R   data=0x00001002 resp=0 t=1168245 ns
MON M01.AR  addr=0x04            t=1168695 ns
MON M01.R   data=0x00001002 resp=0 t=1168715 ns
MON M01.AR  addr=0x04            t=1169165 ns
MON M01.R   data=0x00001002 resp=0 t=1169185 ns
MON M01.AR  addr=0x04            t=1169635 ns
MON M01.R   data=0x00001002 resp=0 t=1169655 ns
MON M01.AR  addr=0x04            t=1170105 ns
MON M01.R   data=0x00001002 resp=0 t=1170125 ns
MON M01.AR  addr=0x04            t=1170575 ns
MON M01.R   data=0x00001002 resp=0 t=1170595 ns
MON M01.AR  addr=0x04            t=1171045 ns
MON M01.R   data=0x00001002 resp=0 t=1171065 ns
MON M01.AR  addr=0x04            t=1171515 ns
MON M01.R   data=0x00001002 resp=0 t=1171535 ns
MON M01.AR  addr=0x04            t=1171985 ns
MON M01.R   data=0x00001002 resp=0 t=1172005 ns
MON M01.AR  addr=0x04            t=1172455 ns
MON M01.R   data=0x00001002 resp=0 t=1172475 ns
MON M01.AR  addr=0x04            t=1172925 ns
MON M01.R   data=0x00001002 resp=0 t=1172945 ns
MON M01.AR  addr=0x04            t=1173395 ns
MON M01.R   data=0x00001002 resp=0 t=1173415 ns
MON M01.AR  addr=0x04            t=1173865 ns
MON M01.R   data=0x00001002 resp=0 t=1173885 ns
MON M01.AR  addr=0x04            t=1174335 ns
MON M01.R   data=0x00001002 resp=0 t=1174355 ns
MON M01.AR  addr=0x04            t=1174805 ns
MON M01.R   data=0x00001002 resp=0 t=1174825 ns
MON M01.AR  addr=0x04            t=1175275 ns
MON M01.R   data=0x00001002 resp=0 t=1175295 ns
MON M01.AR  addr=0x04            t=1175745 ns
MON M01.R   data=0x00001002 resp=0 t=1175765 ns
MON M01.AR  addr=0x04            t=1176215 ns
MON M01.R   data=0x00001002 resp=0 t=1176235 ns
MON M01.AR  addr=0x04            t=1176685 ns
MON M01.R   data=0x00001002 resp=0 t=1176705 ns
MON M01.AR  addr=0x04            t=1177155 ns
MON M01.R   data=0x00001002 resp=0 t=1177175 ns
MON M01.AR  addr=0x04            t=1177625 ns
MON M01.R   data=0x00001002 resp=0 t=1177645 ns
MON M01.AR  addr=0x04            t=1178095 ns
MON M01.R   data=0x00001002 resp=0 t=1178115 ns
MON M01.AR  addr=0x04            t=1178565 ns
MON M01.R   data=0x00001002 resp=0 t=1178585 ns
MON M01.AR  addr=0x04            t=1179035 ns
MON M01.R   data=0x00001002 resp=0 t=1179055 ns
MON M01.AR  addr=0x04            t=1179505 ns
MON M01.R   data=0x00001002 resp=0 t=1179525 ns
MON M01.AR  addr=0x04            t=1179975 ns
MON M01.R   data=0x00001002 resp=0 t=1179995 ns
MON M01.AR  addr=0x04            t=1180445 ns
MON M01.R   data=0x00001002 resp=0 t=1180465 ns
MON M01.AR  addr=0x04            t=1180915 ns
MON M01.R   data=0x00001002 resp=0 t=1180935 ns
MON M01.AR  addr=0x04            t=1181385 ns
MON M01.R   data=0x00001002 resp=0 t=1181405 ns
MON M01.AR  addr=0x04            t=1181855 ns
MON M01.R   data=0x00001002 resp=0 t=1181875 ns
MON M01.AR  addr=0x04            t=1182325 ns
MON M01.R   data=0x00001002 resp=0 t=1182345 ns
MON M01.AR  addr=0x04            t=1182795 ns
MON M01.R   data=0x00001002 resp=0 t=1182815 ns
MON M01.AR  addr=0x04            t=1183265 ns
MON M01.R   data=0x00001002 resp=0 t=1183285 ns
MON M01.AR  addr=0x04            t=1183735 ns
MON M01.R   data=0x00001002 resp=0 t=1183755 ns
MON M01.AR  addr=0x04            t=1184205 ns
MON M01.R   data=0x00001002 resp=0 t=1184225 ns
MON M01.AR  addr=0x04            t=1184675 ns
MON M01.R   data=0x00001002 resp=0 t=1184695 ns
MON M01.AR  addr=0x04            t=1185145 ns
MON M01.R   data=0x00001002 resp=0 t=1185165 ns
MON M01.AR  addr=0x04            t=1185615 ns
MON M01.R   data=0x00001002 resp=0 t=1185635 ns
MON M01.AR  addr=0x04            t=1186085 ns
MON M01.R   data=0x00001002 resp=0 t=1186105 ns
MON M01.AR  addr=0x04            t=1186555 ns
MON M01.R   data=0x00001002 resp=0 t=1186575 ns
MON M01.AR  addr=0x04            t=1187025 ns
MON M01.R   data=0x00001002 resp=0 t=1187045 ns
MON M01.AR  addr=0x04            t=1187495 ns
MON M01.R   data=0x00001002 resp=0 t=1187515 ns
MON M01.AR  addr=0x04            t=1187965 ns
MON M01.R   data=0x00001002 resp=0 t=1187985 ns
MON M01.AR  addr=0x04            t=1188435 ns
MON M01.R   data=0x00001002 resp=0 t=1188455 ns
MON M01.AR  addr=0x04            t=1188905 ns
MON M01.R   data=0x00001002 resp=0 t=1188925 ns
MON M01.AR  addr=0x04            t=1189375 ns
MON M01.R   data=0x00001002 resp=0 t=1189395 ns
MON M01.AR  addr=0x04            t=1189845 ns
MON M01.R   data=0x00001002 resp=0 t=1189865 ns
MON M01.AR  addr=0x04            t=1190315 ns
MON M01.R   data=0x00001002 resp=0 t=1190335 ns
MON M01.AR  addr=0x04            t=1190785 ns
MON M01.R   data=0x00001002 resp=0 t=1190805 ns
MON M01.AR  addr=0x04            t=1191255 ns
MON M01.R   data=0x00001002 resp=0 t=1191275 ns
MON M01.AR  addr=0x04            t=1191725 ns
MON M01.R   data=0x00001002 resp=0 t=1191745 ns
MON M01.AR  addr=0x04            t=1192195 ns
MON M01.R   data=0x00001002 resp=0 t=1192215 ns
MON M01.AR  addr=0x04            t=1192665 ns
MON M01.R   data=0x00001002 resp=0 t=1192685 ns
MON M01.AR  addr=0x04            t=1193135 ns
MON M01.R   data=0x00001002 resp=0 t=1193155 ns
MON M01.AR  addr=0x04            t=1193605 ns
MON M01.R   data=0x00001002 resp=0 t=1193625 ns
MON M01.AR  addr=0x04            t=1194075 ns
MON M01.R   data=0x00001002 resp=0 t=1194095 ns
MON M01.AR  addr=0x04            t=1194545 ns
MON M01.R   data=0x00001002 resp=0 t=1194565 ns
MON M01.AR  addr=0x04            t=1195015 ns
MON M01.R   data=0x00001002 resp=0 t=1195035 ns
MON M01.AR  addr=0x04            t=1195485 ns
MON M01.R   data=0x00001002 resp=0 t=1195505 ns
MON M01.AR  addr=0x04            t=1195955 ns
MON M01.R   data=0x00001002 resp=0 t=1195975 ns
MON M01.AR  addr=0x04            t=1196425 ns
MON M01.R   data=0x00001002 resp=0 t=1196445 ns
MON M01.AR  addr=0x04            t=1196895 ns
MON M01.R   data=0x00001002 resp=0 t=1196915 ns
MON M01.AR  addr=0x04            t=1197365 ns
MON M01.R   data=0x00001002 resp=0 t=1197385 ns
MON M01.AR  addr=0x04            t=1197835 ns
MON M01.R   data=0x00001002 resp=0 t=1197855 ns
MON M01.AR  addr=0x04            t=1198305 ns
MON M01.R   data=0x00001002 resp=0 t=1198325 ns
MON M01.AR  addr=0x04            t=1198775 ns
MON M01.R   data=0x00001002 resp=0 t=1198795 ns
MON M01.AR  addr=0x04            t=1199245 ns
MON M01.R   data=0x00001002 resp=0 t=1199265 ns
MON M01.AR  addr=0x04            t=1199715 ns
MON M01.R   data=0x00001002 resp=0 t=1199735 ns
MON M01.AR  addr=0x04            t=1200185 ns
MON M01.R   data=0x00001002 resp=0 t=1200205 ns
MON M01.AR  addr=0x04            t=1200655 ns
MON M01.R   data=0x00001002 resp=0 t=1200675 ns
MON M01.AR  addr=0x04            t=1201125 ns
MON M01.R   data=0x00001002 resp=0 t=1201145 ns
MON M01.AR  addr=0x04            t=1201595 ns
MON M01.R   data=0x00001002 resp=0 t=1201615 ns
MON M01.AR  addr=0x04            t=1202065 ns
MON M01.R   data=0x00001002 resp=0 t=1202085 ns
MON M01.AR  addr=0x04            t=1202535 ns
MON M01.R   data=0x00001002 resp=0 t=1202555 ns
MON M01.AR  addr=0x04            t=1203005 ns
MON M01.R   data=0x00001002 resp=0 t=1203025 ns
MON M01.AR  addr=0x04            t=1203475 ns
MON M01.R   data=0x00001002 resp=0 t=1203495 ns
MON M01.AR  addr=0x04            t=1203945 ns
MON M01.R   data=0x00001002 resp=0 t=1203965 ns
MON M01.AR  addr=0x04            t=1204415 ns
MON M01.R   data=0x00001002 resp=0 t=1204435 ns
MON M01.AR  addr=0x04            t=1204885 ns
MON M01.R   data=0x00001002 resp=0 t=1204905 ns
MON M01.AR  addr=0x04            t=1205355 ns
MON M01.R   data=0x00001002 resp=0 t=1205375 ns
MON M01.AR  addr=0x04            t=1205825 ns
MON M01.R   data=0x00001002 resp=0 t=1205845 ns
MON M01.AR  addr=0x04            t=1206295 ns
MON M01.R   data=0x00001002 resp=0 t=1206315 ns
MON M01.AR  addr=0x04            t=1206765 ns
MON M01.R   data=0x00001002 resp=0 t=1206785 ns
MON M01.AR  addr=0x04            t=1207235 ns
MON M01.R   data=0x00001002 resp=0 t=1207255 ns
MON M01.AR  addr=0x04            t=1207705 ns
MON M01.R   data=0x00001002 resp=0 t=1207725 ns
MON M01.AR  addr=0x04            t=1208175 ns
MON M01.R   data=0x00001002 resp=0 t=1208195 ns
MON M01.AR  addr=0x04            t=1208645 ns
MON M01.R   data=0x00001002 resp=0 t=1208665 ns
MON M01.AR  addr=0x04            t=1209115 ns
MON M01.R   data=0x00001002 resp=0 t=1209135 ns
MON M01.AR  addr=0x04            t=1209585 ns
MON M01.R   data=0x00001002 resp=0 t=1209605 ns
MON M01.AR  addr=0x04            t=1210055 ns
MON M01.R   data=0x00001002 resp=0 t=1210075 ns
MON M01.AR  addr=0x04            t=1210525 ns
MON M01.R   data=0x00001002 resp=0 t=1210545 ns
MON M01.AR  addr=0x04            t=1210995 ns
MON M01.R   data=0x00001002 resp=0 t=1211015 ns
MON M01.AR  addr=0x04            t=1211465 ns
MON M01.R   data=0x00001002 resp=0 t=1211485 ns
MON M01.AR  addr=0x04            t=1211935 ns
MON M01.R   data=0x00001002 resp=0 t=1211955 ns
MON M01.AR  addr=0x04            t=1212405 ns
MON M01.R   data=0x00001002 resp=0 t=1212425 ns
MON M01.AR  addr=0x04            t=1212875 ns
MON M01.R   data=0x00001002 resp=0 t=1212895 ns
MON M01.AR  addr=0x04            t=1213345 ns
MON M01.R   data=0x00001002 resp=0 t=1213365 ns
MON M01.AR  addr=0x04            t=1213815 ns
MON M01.R   data=0x00001002 resp=0 t=1213835 ns
MON M01.AR  addr=0x04            t=1214285 ns
MON M01.R   data=0x00001002 resp=0 t=1214305 ns
MON M01.AR  addr=0x04            t=1214755 ns
MON M01.R   data=0x00001002 resp=0 t=1214775 ns
MON M01.AR  addr=0x04            t=1215225 ns
MON M01.R   data=0x00001002 resp=0 t=1215245 ns
MON M01.AR  addr=0x04            t=1215695 ns
MON M01.R   data=0x00001002 resp=0 t=1215715 ns
MON M01.AR  addr=0x04            t=1216165 ns
MON M01.R   data=0x00001002 resp=0 t=1216185 ns
MON M01.AR  addr=0x04            t=1216635 ns
MON M01.R   data=0x00001002 resp=0 t=1216655 ns
MON M01.AR  addr=0x04            t=1217105 ns
MON M01.R   data=0x00001002 resp=0 t=1217125 ns
MON M01.AR  addr=0x04            t=1217575 ns
MON M01.R   data=0x00001002 resp=0 t=1217595 ns
MON M01.AR  addr=0x04            t=1218045 ns
MON M01.R   data=0x00001002 resp=0 t=1218065 ns
MON M01.AR  addr=0x04            t=1218515 ns
MON M01.R   data=0x00001002 resp=0 t=1218535 ns
MON M01.AR  addr=0x04            t=1218985 ns
MON M01.R   data=0x00001002 resp=0 t=1219005 ns
MON M01.AR  addr=0x04            t=1219455 ns
MON M01.R   data=0x00001002 resp=0 t=1219475 ns
MON M01.AR  addr=0x04            t=1219925 ns
MON M01.R   data=0x00001002 resp=0 t=1219945 ns
MON M01.AR  addr=0x04            t=1220395 ns
MON M01.R   data=0x00001002 resp=0 t=1220415 ns
MON M01.AR  addr=0x04            t=1220865 ns
MON M01.R   data=0x00001002 resp=0 t=1220885 ns
MON M01.AR  addr=0x04            t=1221335 ns
MON M01.R   data=0x00001002 resp=0 t=1221355 ns
MON M01.AR  addr=0x04            t=1221805 ns
MON M01.R   data=0x00001002 resp=0 t=1221825 ns
MON M01.AR  addr=0x04            t=1222275 ns
MON M01.R   data=0x00001002 resp=0 t=1222295 ns
MON M01.AR  addr=0x04            t=1222745 ns
MON M01.R   data=0x00001002 resp=0 t=1222765 ns
MON M01.AR  addr=0x04            t=1223215 ns
MON M01.R   data=0x00001002 resp=0 t=1223235 ns
MON M01.AR  addr=0x04            t=1223685 ns
MON M01.R   data=0x00001002 resp=0 t=1223705 ns
MON M01.AR  addr=0x04            t=1224155 ns
MON M01.R   data=0x00001002 resp=0 t=1224175 ns
MON M01.AR  addr=0x04            t=1224625 ns
MON M01.R   data=0x00001002 resp=0 t=1224645 ns
MON M01.AR  addr=0x04            t=1225095 ns
MON M01.R   data=0x00001002 resp=0 t=1225115 ns
MON M01.AR  addr=0x04            t=1225565 ns
MON M01.R   data=0x00001002 resp=0 t=1225585 ns
MON M01.AR  addr=0x04            t=1226035 ns
MON M01.R   data=0x00001002 resp=0 t=1226055 ns
MON M01.AR  addr=0x04            t=1226505 ns
MON M01.R   data=0x00001002 resp=0 t=1226525 ns
MON M01.AR  addr=0x04            t=1226975 ns
MON M01.R   data=0x00001002 resp=0 t=1226995 ns
MON M01.AR  addr=0x04            t=1227445 ns
MON M01.R   data=0x00001002 resp=0 t=1227465 ns
MON M01.AR  addr=0x04            t=1227915 ns
MON M01.R   data=0x00001002 resp=0 t=1227935 ns
MON M01.AR  addr=0x04            t=1228385 ns
MON M01.R   data=0x00001002 resp=0 t=1228405 ns
MON M01.AR  addr=0x04            t=1228855 ns
MON M01.R   data=0x00001002 resp=0 t=1228875 ns
MON M01.AR  addr=0x04            t=1229325 ns
MON M01.R   data=0x00001002 resp=0 t=1229345 ns
MON M01.AR  addr=0x04            t=1229795 ns
MON M01.R   data=0x00001002 resp=0 t=1229815 ns
MON M01.AR  addr=0x04            t=1230265 ns
MON M01.R   data=0x00001002 resp=0 t=1230285 ns
MON M01.AR  addr=0x04            t=1230735 ns
MON M01.R   data=0x00001002 resp=0 t=1230755 ns
MON M01.AR  addr=0x04            t=1231205 ns
MON M01.R   data=0x00001002 resp=0 t=1231225 ns
MON M01.AR  addr=0x04            t=1231675 ns
MON M01.R   data=0x00001002 resp=0 t=1231695 ns
MON M01.AR  addr=0x04            t=1232145 ns
MON M01.R   data=0x00001002 resp=0 t=1232165 ns
MON M01.AR  addr=0x04            t=1232615 ns
MON M01.R   data=0x00001002 resp=0 t=1232635 ns
MON M01.AR  addr=0x04            t=1233085 ns
MON M01.R   data=0x00001002 resp=0 t=1233105 ns
MON M01.AR  addr=0x04            t=1233555 ns
MON M01.R   data=0x00001002 resp=0 t=1233575 ns
MON M01.AR  addr=0x04            t=1234025 ns
MON M01.R   data=0x00001002 resp=0 t=1234045 ns
MON M01.AR  addr=0x04            t=1234495 ns
MON M01.R   data=0x00001002 resp=0 t=1234515 ns
MON M01.AR  addr=0x04            t=1234965 ns
MON M01.R   data=0x00001002 resp=0 t=1234985 ns
MON M01.AR  addr=0x04            t=1235435 ns
MON M01.R   data=0x00001002 resp=0 t=1235455 ns
MON M01.AR  addr=0x04            t=1235905 ns
MON M01.R   data=0x00001002 resp=0 t=1235925 ns
MON M01.AR  addr=0x04            t=1236375 ns
MON M01.R   data=0x00001002 resp=0 t=1236395 ns
MON M01.AR  addr=0x04            t=1236845 ns
MON M01.R   data=0x00001002 resp=0 t=1236865 ns
MON M01.AR  addr=0x04            t=1237315 ns
MON M01.R   data=0x00001002 resp=0 t=1237335 ns
MON M01.AR  addr=0x04            t=1237785 ns
MON M01.R   data=0x00001002 resp=0 t=1237805 ns
MON M01.AR  addr=0x04            t=1238255 ns
MON M01.R   data=0x00001002 resp=0 t=1238275 ns
MON M01.AR  addr=0x04            t=1238725 ns
MON M01.R   data=0x00001002 resp=0 t=1238745 ns
MON M01.AR  addr=0x04            t=1239195 ns
MON M01.R   data=0x00001002 resp=0 t=1239215 ns
MON M01.AR  addr=0x04            t=1239665 ns
MON M01.R   data=0x00001002 resp=0 t=1239685 ns
MON M01.AR  addr=0x04            t=1240135 ns
MON M01.R   data=0x00001002 resp=0 t=1240155 ns
MON M01.AR  addr=0x04            t=1240605 ns
MON M01.R   data=0x00001002 resp=0 t=1240625 ns
MON M01.AR  addr=0x04            t=1241075 ns
MON M01.R   data=0x00001002 resp=0 t=1241095 ns
MON M01.AR  addr=0x04            t=1241545 ns
MON M01.R   data=0x00001002 resp=0 t=1241565 ns
MON M01.AR  addr=0x04            t=1242015 ns
MON M01.R   data=0x00001002 resp=0 t=1242035 ns
MON M01.AR  addr=0x04            t=1242485 ns
MON M01.R   data=0x00001002 resp=0 t=1242505 ns
MON M01.AR  addr=0x04            t=1242955 ns
MON M01.R   data=0x00001002 resp=0 t=1242975 ns
MON M01.AR  addr=0x04            t=1243425 ns
MON M01.R   data=0x00001002 resp=0 t=1243445 ns
MON M01.AR  addr=0x04            t=1243895 ns
MON M01.R   data=0x00001002 resp=0 t=1243915 ns
MON M01.AR  addr=0x04            t=1244365 ns
MON M01.R   data=0x00001002 resp=0 t=1244385 ns
MON M01.AR  addr=0x04            t=1244835 ns
MON M01.R   data=0x00001002 resp=0 t=1244855 ns
MON M01.AR  addr=0x04            t=1245305 ns
MON M01.R   data=0x00001002 resp=0 t=1245325 ns
MON M01.AR  addr=0x04            t=1245775 ns
MON M01.R   data=0x00001002 resp=0 t=1245795 ns
MON M01.AR  addr=0x04            t=1246245 ns
MON M01.R   data=0x00001002 resp=0 t=1246265 ns
MON M01.AR  addr=0x04            t=1246715 ns
MON M01.R   data=0x00001002 resp=0 t=1246735 ns
MON M01.AR  addr=0x04            t=1247185 ns
MON M01.R   data=0x00001002 resp=0 t=1247205 ns
MON M01.AR  addr=0x04            t=1247655 ns
MON M01.R   data=0x00001002 resp=0 t=1247675 ns
MON M01.AR  addr=0x04            t=1248125 ns
MON M01.R   data=0x00001002 resp=0 t=1248145 ns
MON M01.AR  addr=0x04            t=1248595 ns
MON M01.R   data=0x00001002 resp=0 t=1248615 ns
MON M01.AR  addr=0x04            t=1249065 ns
MON M01.R   data=0x00001002 resp=0 t=1249085 ns
MON M01.AR  addr=0x04            t=1249535 ns
MON M01.R   data=0x00001002 resp=0 t=1249555 ns
MON M01.AR  addr=0x04            t=1250005 ns
MON M01.R   data=0x00001002 resp=0 t=1250025 ns
MON M01.AR  addr=0x04            t=1250475 ns
MON M01.R   data=0x00001002 resp=0 t=1250495 ns
MON M01.AR  addr=0x04            t=1250945 ns
MON M01.R   data=0x00001002 resp=0 t=1250965 ns
MON M01.AR  addr=0x04            t=1251415 ns
MON M01.R   data=0x00001002 resp=0 t=1251435 ns
MON M01.AR  addr=0x04            t=1251885 ns
MON M01.R   data=0x00001002 resp=0 t=1251905 ns
MON M01.AR  addr=0x04            t=1252355 ns
MON M01.R   data=0x00001002 resp=0 t=1252375 ns
MON M01.AR  addr=0x04            t=1252825 ns
MON M01.R   data=0x00001002 resp=0 t=1252845 ns
MON M01.AR  addr=0x04            t=1253295 ns
MON M01.R   data=0x00001002 resp=0 t=1253315 ns
MON M01.AR  addr=0x04            t=1253765 ns
MON M01.R   data=0x00001002 resp=0 t=1253785 ns
MON M01.AR  addr=0x04            t=1254235 ns
MON M01.R   data=0x00001002 resp=0 t=1254255 ns
MON M01.AR  addr=0x04            t=1254705 ns
MON M01.R   data=0x00001002 resp=0 t=1254725 ns
MON M01.AR  addr=0x04            t=1255175 ns
MON M01.R   data=0x00001002 resp=0 t=1255195 ns
MON M01.AR  addr=0x04            t=1255645 ns
MON M01.R   data=0x00001002 resp=0 t=1255665 ns
MON M01.AR  addr=0x04            t=1256115 ns
MON M01.R   data=0x00001002 resp=0 t=1256135 ns
MON M01.AR  addr=0x04            t=1256585 ns
MON M01.R   data=0x00001002 resp=0 t=1256605 ns
MON M01.AR  addr=0x04            t=1257055 ns
MON M01.R   data=0x00001002 resp=0 t=1257075 ns
MON M01.AR  addr=0x04            t=1257525 ns
MON M01.R   data=0x00001002 resp=0 t=1257545 ns
MON M01.AR  addr=0x04            t=1257995 ns
MON M01.R   data=0x00001002 resp=0 t=1258015 ns
MON M01.AR  addr=0x04            t=1258465 ns
MON M01.R   data=0x00001002 resp=0 t=1258485 ns
MON M01.AR  addr=0x04            t=1258935 ns
MON M01.R   data=0x00001002 resp=0 t=1258955 ns
MON M01.AR  addr=0x04            t=1259405 ns
MON M01.R   data=0x00001002 resp=0 t=1259425 ns
MON M01.AR  addr=0x04            t=1259875 ns
MON M01.R   data=0x00001002 resp=0 t=1259895 ns
MON M01.AR  addr=0x04            t=1260345 ns
MON M01.R   data=0x00001002 resp=0 t=1260365 ns
MON M01.AR  addr=0x04            t=1260815 ns
MON M01.R   data=0x00001002 resp=0 t=1260835 ns
MON M01.AR  addr=0x04            t=1261285 ns
MON M01.R   data=0x00001002 resp=0 t=1261305 ns
MON M01.AR  addr=0x04            t=1261755 ns
MON M01.R   data=0x00001002 resp=0 t=1261775 ns
MON M01.AR  addr=0x04            t=1262225 ns
MON M01.R   data=0x00001002 resp=0 t=1262245 ns
MON M01.AR  addr=0x04            t=1262695 ns
MON M01.R   data=0x00001002 resp=0 t=1262715 ns
MON M01.AR  addr=0x04            t=1263165 ns
MON M01.R   data=0x00001002 resp=0 t=1263185 ns
MON M01.AR  addr=0x04            t=1263635 ns
MON M01.R   data=0x00001002 resp=0 t=1263655 ns
MON M01.AR  addr=0x04            t=1264105 ns
MON M01.R   data=0x00001002 resp=0 t=1264125 ns
MON M01.AR  addr=0x04            t=1264575 ns
MON M01.R   data=0x00001002 resp=0 t=1264595 ns
MON M01.AR  addr=0x04            t=1265045 ns
MON M01.R   data=0x00001002 resp=0 t=1265065 ns
MON M01.AR  addr=0x04            t=1265515 ns
MON M01.R   data=0x00001002 resp=0 t=1265535 ns
MON M01.AR  addr=0x04            t=1265985 ns
MON M01.R   data=0x00001002 resp=0 t=1266005 ns
MON M01.AR  addr=0x04            t=1266455 ns
MON M01.R   data=0x00001002 resp=0 t=1266475 ns
MON M01.AR  addr=0x04            t=1266925 ns
MON M01.R   data=0x00001002 resp=0 t=1266945 ns
MON M01.AR  addr=0x04            t=1267395 ns
MON M01.R   data=0x00001002 resp=0 t=1267415 ns
MON M01.AR  addr=0x04            t=1267865 ns
MON M01.R   data=0x00001002 resp=0 t=1267885 ns
MON M01.AR  addr=0x04            t=1268335 ns
MON M01.R   data=0x00001002 resp=0 t=1268355 ns
MON M01.AR  addr=0x04            t=1268805 ns
MON M01.R   data=0x00001002 resp=0 t=1268825 ns
MON M01.AR  addr=0x04            t=1269275 ns
MON M01.R   data=0x00001002 resp=0 t=1269295 ns
MON M01.AR  addr=0x04            t=1269745 ns
MON M01.R   data=0x00001002 resp=0 t=1269765 ns
MON M01.AR  addr=0x04            t=1270215 ns
MON M01.R   data=0x00001002 resp=0 t=1270235 ns
MON M01.AR  addr=0x04            t=1270685 ns
MON M01.R   data=0x00001002 resp=0 t=1270705 ns
MON M01.AR  addr=0x04            t=1271155 ns
MON M01.R   data=0x00001002 resp=0 t=1271175 ns
MON M01.AR  addr=0x04            t=1271625 ns
MON M01.R   data=0x00001002 resp=0 t=1271645 ns
MON M01.AR  addr=0x04            t=1272095 ns
MON M01.R   data=0x00001002 resp=0 t=1272115 ns
MON M01.AR  addr=0x04            t=1272565 ns
MON M01.R   data=0x00001002 resp=0 t=1272585 ns
MON M01.AR  addr=0x04            t=1273035 ns
MON M01.R   data=0x00001002 resp=0 t=1273055 ns
MON M01.AR  addr=0x04            t=1273505 ns
MON M01.R   data=0x00001002 resp=0 t=1273525 ns
MON M01.AR  addr=0x04            t=1273975 ns
MON M01.R   data=0x00001002 resp=0 t=1273995 ns
MON M01.AR  addr=0x04            t=1274445 ns
MON M01.R   data=0x00001002 resp=0 t=1274465 ns
MON M01.AR  addr=0x04            t=1274915 ns
MON M01.R   data=0x00001002 resp=0 t=1274935 ns
MON M01.AR  addr=0x04            t=1275385 ns
MON M01.R   data=0x00001002 resp=0 t=1275405 ns
MON M01.AR  addr=0x04            t=1275855 ns
MON M01.R   data=0x00001002 resp=0 t=1275875 ns
MON M01.AR  addr=0x04            t=1276325 ns
MON M01.R   data=0x00001002 resp=0 t=1276345 ns
MON M01.AR  addr=0x04            t=1276795 ns
MON M01.R   data=0x00001002 resp=0 t=1276815 ns
MON M01.AR  addr=0x04            t=1277265 ns
MON M01.R   data=0x00001002 resp=0 t=1277285 ns
MON M01.AR  addr=0x04            t=1277735 ns
MON M01.R   data=0x00001002 resp=0 t=1277755 ns
MON M01.AR  addr=0x04            t=1278205 ns
MON M01.R   data=0x00001002 resp=0 t=1278225 ns
MON M01.AR  addr=0x04            t=1278675 ns
MON M01.R   data=0x00001002 resp=0 t=1278695 ns
MON M01.AR  addr=0x04            t=1279145 ns
MON M01.R   data=0x00001002 resp=0 t=1279165 ns
MON M01.AR  addr=0x04            t=1279615 ns
MON M01.R   data=0x00001002 resp=0 t=1279635 ns
MON M01.AR  addr=0x04            t=1280085 ns
MON M01.R   data=0x00001002 resp=0 t=1280105 ns
MON M01.AR  addr=0x04            t=1280555 ns
MON M01.R   data=0x00001002 resp=0 t=1280575 ns
MON M01.AR  addr=0x04            t=1281025 ns
MON M01.R   data=0x00001002 resp=0 t=1281045 ns
MON M01.AR  addr=0x04            t=1281495 ns
MON M01.R   data=0x00001002 resp=0 t=1281515 ns
MON M01.AR  addr=0x04            t=1281965 ns
MON M01.R   data=0x00001002 resp=0 t=1281985 ns
MON M01.AR  addr=0x04            t=1282435 ns
MON M01.R   data=0x00001002 resp=0 t=1282455 ns
MON M01.AR  addr=0x04            t=1282905 ns
MON M01.R   data=0x00001002 resp=0 t=1282925 ns
MON M01.AR  addr=0x04            t=1283375 ns
MON M01.R   data=0x00001002 resp=0 t=1283395 ns
MON M01.AR  addr=0x04            t=1283845 ns
MON M01.R   data=0x00001002 resp=0 t=1283865 ns
MON M01.AR  addr=0x04            t=1284315 ns
MON M01.R   data=0x00001002 resp=0 t=1284335 ns
MON M01.AR  addr=0x04            t=1284785 ns
MON M01.R   data=0x00001002 resp=0 t=1284805 ns
MON M01.AR  addr=0x04            t=1285255 ns
MON M01.R   data=0x00001002 resp=0 t=1285275 ns
MON M01.AR  addr=0x04            t=1285725 ns
MON M01.R   data=0x00001002 resp=0 t=1285745 ns
MON M01.AR  addr=0x04            t=1286195 ns
MON M01.R   data=0x00001002 resp=0 t=1286215 ns
MON M01.AR  addr=0x04            t=1286665 ns
MON M01.R   data=0x00001002 resp=0 t=1286685 ns
MON M01.AR  addr=0x04            t=1287135 ns
MON M01.R   data=0x00001002 resp=0 t=1287155 ns
MON M01.AR  addr=0x04            t=1287605 ns
MON M01.R   data=0x00001002 resp=0 t=1287625 ns
MON M01.AR  addr=0x04            t=1288075 ns
MON M01.R   data=0x00001002 resp=0 t=1288095 ns
MON M01.AR  addr=0x04            t=1288545 ns
MON M01.R   data=0x00001002 resp=0 t=1288565 ns
MON M01.AR  addr=0x04            t=1289015 ns
MON M01.R   data=0x00001002 resp=0 t=1289035 ns
MON M01.AR  addr=0x04            t=1289485 ns
MON M01.R   data=0x00001002 resp=0 t=1289505 ns
MON M01.AR  addr=0x04            t=1289955 ns
MON M01.R   data=0x00001002 resp=0 t=1289975 ns
MON M01.AR  addr=0x04            t=1290425 ns
MON M01.R   data=0x00001002 resp=0 t=1290445 ns
MON M01.AR  addr=0x04            t=1290895 ns
MON M01.R   data=0x00001002 resp=0 t=1290915 ns
MON M01.AR  addr=0x04            t=1291365 ns
MON M01.R   data=0x00001002 resp=0 t=1291385 ns
MON M01.AR  addr=0x04            t=1291835 ns
MON M01.R   data=0x00001002 resp=0 t=1291855 ns
MON M01.AR  addr=0x04            t=1292305 ns
MON M01.R   data=0x00001002 resp=0 t=1292325 ns
MON M01.AR  addr=0x04            t=1292775 ns
MON M01.R   data=0x00001002 resp=0 t=1292795 ns
MON M01.AR  addr=0x04            t=1293245 ns
MON M01.R   data=0x00001002 resp=0 t=1293265 ns
MON M01.AR  addr=0x04            t=1293715 ns
MON M01.R   data=0x00001002 resp=0 t=1293735 ns
MON M01.AR  addr=0x04            t=1294185 ns
MON M01.R   data=0x00001002 resp=0 t=1294205 ns
MON M01.AR  addr=0x04            t=1294655 ns
MON M01.R   data=0x00001002 resp=0 t=1294675 ns
MON M01.AR  addr=0x04            t=1295125 ns
MON M01.R   data=0x00001002 resp=0 t=1295145 ns
MON M01.AR  addr=0x04            t=1295595 ns
MON M01.R   data=0x00001002 resp=0 t=1295615 ns
MON M01.AR  addr=0x04            t=1296065 ns
MON M01.R   data=0x00001002 resp=0 t=1296085 ns
MON M01.AR  addr=0x04            t=1296535 ns
MON M01.R   data=0x00001002 resp=0 t=1296555 ns
MON M01.AR  addr=0x04            t=1297005 ns
MON M01.R   data=0x00001002 resp=0 t=1297025 ns
MON M01.AR  addr=0x04            t=1297475 ns
MON M01.R   data=0x00001002 resp=0 t=1297495 ns
MON M01.AR  addr=0x04            t=1297945 ns
MON M01.R   data=0x00001002 resp=0 t=1297965 ns
MON M01.AR  addr=0x04            t=1298415 ns
MON M01.R   data=0x00001002 resp=0 t=1298435 ns
MON M01.AR  addr=0x04            t=1298885 ns
MON M01.R   data=0x00001002 resp=0 t=1298905 ns
MON M01.AR  addr=0x04            t=1299355 ns
MON M01.R   data=0x00001002 resp=0 t=1299375 ns
MON M01.AR  addr=0x04            t=1299825 ns
MON M01.R   data=0x00001002 resp=0 t=1299845 ns
MON M01.AR  addr=0x04            t=1300295 ns
MON M01.R   data=0x00001002 resp=0 t=1300315 ns
MON M01.AR  addr=0x04            t=1300765 ns
MON M01.R   data=0x00001002 resp=0 t=1300785 ns
MON M01.AR  addr=0x04            t=1301235 ns
MON M01.R   data=0x00001002 resp=0 t=1301255 ns
MON M01.AR  addr=0x04            t=1301705 ns
MON M01.R   data=0x00001002 resp=0 t=1301725 ns
MON M01.AR  addr=0x04            t=1302175 ns
MON M01.R   data=0x00001002 resp=0 t=1302195 ns
MON M01.AR  addr=0x04            t=1302645 ns
MON M01.R   data=0x00001002 resp=0 t=1302665 ns
MON M01.AR  addr=0x04            t=1303115 ns
MON M01.R   data=0x00001002 resp=0 t=1303135 ns
MON M01.AR  addr=0x04            t=1303585 ns
MON M01.R   data=0x00001002 resp=0 t=1303605 ns
MON M01.AR  addr=0x04            t=1304055 ns
MON M01.R   data=0x00001002 resp=0 t=1304075 ns
MON M01.AR  addr=0x04            t=1304525 ns
MON M01.R   data=0x00001002 resp=0 t=1304545 ns
MON M01.AR  addr=0x04            t=1304995 ns
MON M01.R   data=0x00001002 resp=0 t=1305015 ns
MON M01.AR  addr=0x04            t=1305465 ns
MON M01.R   data=0x00001002 resp=0 t=1305485 ns
MON M01.AR  addr=0x04            t=1305935 ns
MON M01.R   data=0x00001002 resp=0 t=1305955 ns
MON M01.AR  addr=0x04            t=1306405 ns
MON M01.R   data=0x00001002 resp=0 t=1306425 ns
MON M01.AR  addr=0x04            t=1306875 ns
MON M01.R   data=0x00001002 resp=0 t=1306895 ns
MON M01.AR  addr=0x04            t=1307345 ns
MON M01.R   data=0x00001002 resp=0 t=1307365 ns
MON M01.AR  addr=0x04            t=1307815 ns
MON M01.R   data=0x00001002 resp=0 t=1307835 ns
MON M01.AR  addr=0x04            t=1308285 ns
MON M01.R   data=0x00001002 resp=0 t=1308305 ns
MON M01.AR  addr=0x04            t=1308755 ns
MON M01.R   data=0x00001002 resp=0 t=1308775 ns
MON M01.AR  addr=0x04            t=1309225 ns
MON M01.R   data=0x00001002 resp=0 t=1309245 ns
MON M01.AR  addr=0x04            t=1309695 ns
MON M01.R   data=0x00001002 resp=0 t=1309715 ns
MON M01.AR  addr=0x04            t=1310165 ns
MON M01.R   data=0x00001002 resp=0 t=1310185 ns
MON M01.AR  addr=0x04            t=1310635 ns
MON M01.R   data=0x00001002 resp=0 t=1310655 ns
MON M01.AR  addr=0x04            t=1311105 ns
MON M01.R   data=0x00001002 resp=0 t=1311125 ns
MON M01.AR  addr=0x04            t=1311575 ns
MON M01.R   data=0x00001002 resp=0 t=1311595 ns
MON M01.AR  addr=0x04            t=1312045 ns
MON M01.R   data=0x00001002 resp=0 t=1312065 ns
MON M01.AR  addr=0x04            t=1312515 ns
MON M01.R   data=0x00001002 resp=0 t=1312535 ns
MON M01.AR  addr=0x04            t=1312985 ns
MON M01.R   data=0x00001002 resp=0 t=1313005 ns
MON M01.AR  addr=0x04            t=1313455 ns
MON M01.R   data=0x00001002 resp=0 t=1313475 ns
MON M01.AR  addr=0x04            t=1313925 ns
MON M01.R   data=0x00001002 resp=0 t=1313945 ns
MON M01.AR  addr=0x04            t=1314395 ns
MON M01.R   data=0x00001002 resp=0 t=1314415 ns
MON M01.AR  addr=0x04            t=1314865 ns
MON M01.R   data=0x00001002 resp=0 t=1314885 ns
MON M01.AR  addr=0x04            t=1315335 ns
MON M01.R   data=0x00001002 resp=0 t=1315355 ns
MON M01.AR  addr=0x04            t=1315805 ns
MON M01.R   data=0x00001002 resp=0 t=1315825 ns
MON M01.AR  addr=0x04            t=1316275 ns
MON M01.R   data=0x00001002 resp=0 t=1316295 ns
MON M01.AR  addr=0x04            t=1316745 ns
MON M01.R   data=0x00001002 resp=0 t=1316765 ns
MON M01.AR  addr=0x04            t=1317215 ns
MON M01.R   data=0x00001002 resp=0 t=1317235 ns
MON M01.AR  addr=0x04            t=1317685 ns
MON M01.R   data=0x00001002 resp=0 t=1317705 ns
MON M01.AR  addr=0x04            t=1318155 ns
MON M01.R   data=0x00001002 resp=0 t=1318175 ns
MON M01.AR  addr=0x04            t=1318625 ns
MON M01.R   data=0x00001002 resp=0 t=1318645 ns
MON M01.AR  addr=0x04            t=1319095 ns
MON M01.R   data=0x00001002 resp=0 t=1319115 ns
MON M01.AR  addr=0x04            t=1319565 ns
MON M01.R   data=0x00001002 resp=0 t=1319585 ns
MON M01.AR  addr=0x04            t=1320035 ns
MON M01.R   data=0x00001002 resp=0 t=1320055 ns
MON M01.AR  addr=0x04            t=1320505 ns
MON M01.R   data=0x00001002 resp=0 t=1320525 ns
MON M01.AR  addr=0x04            t=1320975 ns
MON M01.R   data=0x00001002 resp=0 t=1320995 ns
MON M01.AR  addr=0x04            t=1321445 ns
MON M01.R   data=0x00001002 resp=0 t=1321465 ns
MON M01.AR  addr=0x04            t=1321915 ns
MON M01.R   data=0x00001002 resp=0 t=1321935 ns
MON M01.AR  addr=0x04            t=1322385 ns
MON M01.R   data=0x00001002 resp=0 t=1322405 ns
MON M01.AR  addr=0x04            t=1322855 ns
MON M01.R   data=0x00001002 resp=0 t=1322875 ns
MON M01.AR  addr=0x04            t=1323325 ns
MON M01.R   data=0x00001002 resp=0 t=1323345 ns
MON M01.AR  addr=0x04            t=1323795 ns
MON M01.R   data=0x00001002 resp=0 t=1323815 ns
MON M01.AR  addr=0x04            t=1324265 ns
MON M01.R   data=0x00001002 resp=0 t=1324285 ns
MON M01.AR  addr=0x04            t=1324735 ns
MON M01.R   data=0x00001002 resp=0 t=1324755 ns
MON M01.AR  addr=0x04            t=1325205 ns
MON M01.R   data=0x00001002 resp=0 t=1325225 ns
MON M01.AR  addr=0x04            t=1325675 ns
MON M01.R   data=0x00001002 resp=0 t=1325695 ns
MON M01.AR  addr=0x04            t=1326145 ns
MON M01.R   data=0x00001002 resp=0 t=1326165 ns
MON M01.AR  addr=0x04            t=1326615 ns
MON M01.R   data=0x00001002 resp=0 t=1326635 ns
MON M01.AR  addr=0x04            t=1327085 ns
MON M01.R   data=0x00001002 resp=0 t=1327105 ns
MON M01.AR  addr=0x04            t=1327555 ns
MON M01.R   data=0x00001002 resp=0 t=1327575 ns
MON M01.AR  addr=0x04            t=1328025 ns
MON M01.R   data=0x00001002 resp=0 t=1328045 ns
MON M01.AR  addr=0x04            t=1328495 ns
MON M01.R   data=0x00001002 resp=0 t=1328515 ns
MON M01.AR  addr=0x04            t=1328965 ns
MON M01.R   data=0x00001002 resp=0 t=1328985 ns
MON M01.AR  addr=0x04            t=1329435 ns
MON M01.R   data=0x00001002 resp=0 t=1329455 ns
MON M01.AR  addr=0x04            t=1329905 ns
MON M01.R   data=0x00001002 resp=0 t=1329925 ns
MON M01.AR  addr=0x04            t=1330375 ns
MON M01.R   data=0x00001002 resp=0 t=1330395 ns
MON M01.AR  addr=0x04            t=1330845 ns
MON M01.R   data=0x00001002 resp=0 t=1330865 ns
MON M01.AR  addr=0x04            t=1331315 ns
MON M01.R   data=0x00001002 resp=0 t=1331335 ns
MON M01.AR  addr=0x04            t=1331785 ns
MON M01.R   data=0x00001002 resp=0 t=1331805 ns
MON M01.AR  addr=0x04            t=1332255 ns
MON M01.R   data=0x00001002 resp=0 t=1332275 ns
MON M01.AR  addr=0x04            t=1332725 ns
MON M01.R   data=0x00001002 resp=0 t=1332745 ns
MON M01.AR  addr=0x04            t=1333195 ns
MON M01.R   data=0x00001002 resp=0 t=1333215 ns
MON M01.AR  addr=0x04            t=1333665 ns
MON M01.R   data=0x00001002 resp=0 t=1333685 ns
MON M01.AR  addr=0x04            t=1334135 ns
MON M01.R   data=0x00001002 resp=0 t=1334155 ns
MON M01.AR  addr=0x04            t=1334605 ns
MON M01.R   data=0x00001002 resp=0 t=1334625 ns
MON M01.AR  addr=0x04            t=1335075 ns
MON M01.R   data=0x00001002 resp=0 t=1335095 ns
MON M01.AR  addr=0x04            t=1335545 ns
MON M01.R   data=0x00001002 resp=0 t=1335565 ns
MON M01.AR  addr=0x04            t=1336015 ns
MON M01.R   data=0x00001002 resp=0 t=1336035 ns
MON M01.AR  addr=0x04            t=1336485 ns
MON M01.R   data=0x00001002 resp=0 t=1336505 ns
MON M01.AR  addr=0x04            t=1336955 ns
MON M01.R   data=0x00001002 resp=0 t=1336975 ns
MON M01.AR  addr=0x04            t=1337425 ns
MON M01.R   data=0x00001002 resp=0 t=1337445 ns
MON M01.AR  addr=0x04            t=1337895 ns
MON M01.R   data=0x00001002 resp=0 t=1337915 ns
MON M01.AR  addr=0x04            t=1338365 ns
MON M01.R   data=0x00001002 resp=0 t=1338385 ns
MON M01.AR  addr=0x04            t=1338835 ns
MON M01.R   data=0x00001002 resp=0 t=1338855 ns
MON M01.AR  addr=0x04            t=1339305 ns
MON M01.R   data=0x00001002 resp=0 t=1339325 ns
MON M01.AR  addr=0x04            t=1339775 ns
MON M01.R   data=0x00001002 resp=0 t=1339795 ns
MON M01.AR  addr=0x04            t=1340245 ns
MON M01.R   data=0x00001002 resp=0 t=1340265 ns
MON M01.AR  addr=0x04            t=1340715 ns
MON M01.R   data=0x00001002 resp=0 t=1340735 ns
MON M01.AR  addr=0x04            t=1341185 ns
MON M01.R   data=0x00001002 resp=0 t=1341205 ns
MON M01.AR  addr=0x04            t=1341655 ns
MON M01.R   data=0x00001002 resp=0 t=1341675 ns
MON M01.AR  addr=0x04            t=1342125 ns
MON M01.R   data=0x00001002 resp=0 t=1342145 ns
MON M01.AR  addr=0x04            t=1342595 ns
MON M01.R   data=0x00001002 resp=0 t=1342615 ns
MON M01.AR  addr=0x04            t=1343065 ns
MON M01.R   data=0x00001002 resp=0 t=1343085 ns
MON M01.AR  addr=0x04            t=1343535 ns
MON M01.R   data=0x00001002 resp=0 t=1343555 ns
MON M01.AR  addr=0x04            t=1344005 ns
MON M01.R   data=0x00001002 resp=0 t=1344025 ns
MON M01.AR  addr=0x04            t=1344475 ns
MON M01.R   data=0x00001002 resp=0 t=1344495 ns
MON M01.AR  addr=0x04            t=1344945 ns
MON M01.R   data=0x00001002 resp=0 t=1344965 ns
MON M01.AR  addr=0x04            t=1345415 ns
MON M01.R   data=0x00001002 resp=0 t=1345435 ns
MON M01.AR  addr=0x04            t=1345885 ns
MON M01.R   data=0x00001002 resp=0 t=1345905 ns
MON M01.AR  addr=0x04            t=1346355 ns
MON M01.R   data=0x00001002 resp=0 t=1346375 ns
MON M01.AR  addr=0x04            t=1346825 ns
MON M01.R   data=0x00001002 resp=0 t=1346845 ns
MON M01.AR  addr=0x04            t=1347295 ns
MON M01.R   data=0x00001002 resp=0 t=1347315 ns
MON M01.AR  addr=0x04            t=1347765 ns
MON M01.R   data=0x00001002 resp=0 t=1347785 ns
MON M01.AR  addr=0x04            t=1348235 ns
MON M01.R   data=0x00001002 resp=0 t=1348255 ns
MON M01.AR  addr=0x04            t=1348705 ns
MON M01.R   data=0x00001002 resp=0 t=1348725 ns
MON M01.AR  addr=0x04            t=1349175 ns
MON M01.R   data=0x00001002 resp=0 t=1349195 ns
MON M01.AR  addr=0x04            t=1349645 ns
MON M01.R   data=0x00001002 resp=0 t=1349665 ns
MON M01.AR  addr=0x04            t=1350115 ns
MON M01.R   data=0x00001002 resp=0 t=1350135 ns
MON M01.AR  addr=0x04            t=1350585 ns
MON M01.R   data=0x00001002 resp=0 t=1350605 ns
MON M01.AR  addr=0x04            t=1351055 ns
MON M01.R   data=0x00001002 resp=0 t=1351075 ns
MON M01.AR  addr=0x04            t=1351525 ns
MON M01.R   data=0x00001002 resp=0 t=1351545 ns
MON M01.AR  addr=0x04            t=1351995 ns
MON M01.R   data=0x00001002 resp=0 t=1352015 ns
MON M01.AR  addr=0x04            t=1352465 ns
MON M01.R   data=0x00001002 resp=0 t=1352485 ns
MON M01.AR  addr=0x04            t=1352935 ns
MON M01.R   data=0x00001002 resp=0 t=1352955 ns
MON M01.AR  addr=0x04            t=1353405 ns
MON M01.R   data=0x00001002 resp=0 t=1353425 ns
MON M01.AR  addr=0x04            t=1353875 ns
MON M01.R   data=0x00001002 resp=0 t=1353895 ns
MON M01.AR  addr=0x04            t=1354345 ns
MON M01.R   data=0x00001002 resp=0 t=1354365 ns
MON M01.AR  addr=0x04            t=1354815 ns
MON M01.R   data=0x00001002 resp=0 t=1354835 ns
MON M01.AR  addr=0x04            t=1355285 ns
MON M01.R   data=0x00001002 resp=0 t=1355305 ns
MON M01.AR  addr=0x04            t=1355755 ns
MON M01.R   data=0x00001002 resp=0 t=1355775 ns
MON M01.AR  addr=0x04            t=1356225 ns
MON M01.R   data=0x00001002 resp=0 t=1356245 ns
MON M01.AR  addr=0x04            t=1356695 ns
MON M01.R   data=0x00001002 resp=0 t=1356715 ns
MON M01.AR  addr=0x04            t=1357165 ns
MON M01.R   data=0x00001002 resp=0 t=1357185 ns
MON M01.AR  addr=0x04            t=1357635 ns
MON M01.R   data=0x00001002 resp=0 t=1357655 ns
MON M01.AR  addr=0x04            t=1358105 ns
MON M01.R   data=0x00001002 resp=0 t=1358125 ns
MON M01.AR  addr=0x04            t=1358575 ns
MON M01.R   data=0x00001002 resp=0 t=1358595 ns
MON M01.AR  addr=0x04            t=1359045 ns
MON M01.R   data=0x00001002 resp=0 t=1359065 ns
MON M01.AR  addr=0x04            t=1359515 ns
MON M01.R   data=0x00001002 resp=0 t=1359535 ns
MON M01.AR  addr=0x04            t=1359985 ns
MON M01.R   data=0x00001002 resp=0 t=1360005 ns
MON M01.AR  addr=0x04            t=1360455 ns
MON M01.R   data=0x00001002 resp=0 t=1360475 ns
MON M01.AR  addr=0x04            t=1360925 ns
MON M01.R   data=0x00001002 resp=0 t=1360945 ns
MON M01.AR  addr=0x04            t=1361395 ns
MON M01.R   data=0x00001002 resp=0 t=1361415 ns
MON M01.AR  addr=0x04            t=1361865 ns
MON M01.R   data=0x00001002 resp=0 t=1361885 ns
MON M01.AR  addr=0x04            t=1362335 ns
MON M01.R   data=0x00001002 resp=0 t=1362355 ns
MON M01.AR  addr=0x04            t=1362805 ns
MON M01.R   data=0x00001002 resp=0 t=1362825 ns
MON M01.AR  addr=0x04            t=1363275 ns
MON M01.R   data=0x00001002 resp=0 t=1363295 ns
MON M01.AR  addr=0x04            t=1363745 ns
MON M01.R   data=0x00001002 resp=0 t=1363765 ns
MON M01.AR  addr=0x04            t=1364215 ns
MON M01.R   data=0x00001002 resp=0 t=1364235 ns
MON M01.AR  addr=0x04            t=1364685 ns
MON M01.R   data=0x00001002 resp=0 t=1364705 ns
MON M01.AR  addr=0x04            t=1365155 ns
MON M01.R   data=0x00001002 resp=0 t=1365175 ns
MON M01.AR  addr=0x04            t=1365625 ns
MON M01.R   data=0x00001002 resp=0 t=1365645 ns
MON M01.AR  addr=0x04            t=1366095 ns
MON M01.R   data=0x00001002 resp=0 t=1366115 ns
MON M01.AR  addr=0x04            t=1366565 ns
MON M01.R   data=0x00001002 resp=0 t=1366585 ns
MON M01.AR  addr=0x04            t=1367035 ns
MON M01.R   data=0x00001002 resp=0 t=1367055 ns
MON M01.AR  addr=0x04            t=1367505 ns
MON M01.R   data=0x00001002 resp=0 t=1367525 ns
MON M01.AR  addr=0x04            t=1367975 ns
MON M01.R   data=0x00001002 resp=0 t=1367995 ns
MON M01.AR  addr=0x04            t=1368445 ns
MON M01.R   data=0x00001002 resp=0 t=1368465 ns
MON M01.AR  addr=0x04            t=1368915 ns
MON M01.R   data=0x00001002 resp=0 t=1368935 ns
MON M01.AR  addr=0x04            t=1369385 ns
MON M01.R   data=0x00001002 resp=0 t=1369405 ns
MON M01.AR  addr=0x04            t=1369855 ns
MON M01.R   data=0x00001002 resp=0 t=1369875 ns
MON M01.AR  addr=0x04            t=1370325 ns
MON M01.R   data=0x00001002 resp=0 t=1370345 ns
MON M01.AR  addr=0x04            t=1370795 ns
MON M01.R   data=0x00001002 resp=0 t=1370815 ns
MON M01.AR  addr=0x04            t=1371265 ns
MON M01.R   data=0x00001002 resp=0 t=1371285 ns
MON M01.AR  addr=0x04            t=1371735 ns
MON M01.R   data=0x00001002 resp=0 t=1371755 ns
MON M01.AR  addr=0x04            t=1372205 ns
MON M01.R   data=0x00001002 resp=0 t=1372225 ns
MON M01.AR  addr=0x04            t=1372675 ns
MON M01.R   data=0x00001002 resp=0 t=1372695 ns
MON M01.AR  addr=0x04            t=1373145 ns
MON M01.R   data=0x00001002 resp=0 t=1373165 ns
MON M01.AR  addr=0x04            t=1373615 ns
MON M01.R   data=0x00001002 resp=0 t=1373635 ns
MON M01.AR  addr=0x04            t=1374085 ns
MON M01.R   data=0x00001002 resp=0 t=1374105 ns
MON M01.AR  addr=0x04            t=1374555 ns
MON M01.R   data=0x00001002 resp=0 t=1374575 ns
MON M01.AR  addr=0x04            t=1375025 ns
MON M01.R   data=0x00001002 resp=0 t=1375045 ns
MON M01.AR  addr=0x04            t=1375495 ns
MON M01.R   data=0x00001002 resp=0 t=1375515 ns
MON M01.AR  addr=0x04            t=1375965 ns
MON M01.R   data=0x00001002 resp=0 t=1375985 ns
MON M01.AR  addr=0x04            t=1376435 ns
MON M01.R   data=0x00001002 resp=0 t=1376455 ns
MON M01.AR  addr=0x04            t=1376905 ns
MON M01.R   data=0x00001002 resp=0 t=1376925 ns
MON M01.AR  addr=0x04            t=1377375 ns
MON M01.R   data=0x00001002 resp=0 t=1377395 ns
MON M01.AR  addr=0x04            t=1377845 ns
MON M01.R   data=0x00001002 resp=0 t=1377865 ns
MON M01.AR  addr=0x04            t=1378315 ns
MON M01.R   data=0x00001002 resp=0 t=1378335 ns
MON M01.AR  addr=0x04            t=1378785 ns
MON M01.R   data=0x00001002 resp=0 t=1378805 ns
MON M01.AR  addr=0x04            t=1379255 ns
MON M01.R   data=0x00001002 resp=0 t=1379275 ns
MON M01.AR  addr=0x04            t=1379725 ns
MON M01.R   data=0x00001002 resp=0 t=1379745 ns
MON M01.AR  addr=0x04            t=1380195 ns
MON M01.R   data=0x00001002 resp=0 t=1380215 ns
MON M01.AR  addr=0x04            t=1380665 ns
MON M01.R   data=0x00001002 resp=0 t=1380685 ns
MON M01.AR  addr=0x04            t=1381135 ns
MON M01.R   data=0x00001002 resp=0 t=1381155 ns
MON M01.AR  addr=0x04            t=1381605 ns
MON M01.R   data=0x00001002 resp=0 t=1381625 ns
MON M01.AR  addr=0x04            t=1382075 ns
MON M01.R   data=0x00001002 resp=0 t=1382095 ns
MON M01.AR  addr=0x04            t=1382545 ns
MON M01.R   data=0x00001002 resp=0 t=1382565 ns
MON M01.AR  addr=0x04            t=1383015 ns
MON M01.R   data=0x00001002 resp=0 t=1383035 ns
MON M01.AR  addr=0x04            t=1383485 ns
MON M01.R   data=0x00001002 resp=0 t=1383505 ns
MON M01.AR  addr=0x04            t=1383955 ns
MON M01.R   data=0x00001002 resp=0 t=1383975 ns
MON M01.AR  addr=0x04            t=1384425 ns
MON M01.R   data=0x00001002 resp=0 t=1384445 ns
MON M01.AR  addr=0x04            t=1384895 ns
MON M01.R   data=0x00001002 resp=0 t=1384915 ns
MON M01.AR  addr=0x04            t=1385365 ns
MON M01.R   data=0x00001002 resp=0 t=1385385 ns
MON M01.AR  addr=0x04            t=1385835 ns
MON M01.R   data=0x00001002 resp=0 t=1385855 ns
MON M01.AR  addr=0x04            t=1386305 ns
MON M01.R   data=0x00001002 resp=0 t=1386325 ns
MON M01.AR  addr=0x04            t=1386775 ns
MON M01.R   data=0x00001002 resp=0 t=1386795 ns
MON M01.AR  addr=0x04            t=1387245 ns
MON M01.R   data=0x00001002 resp=0 t=1387265 ns
MON M01.AR  addr=0x04            t=1387715 ns
MON M01.R   data=0x00001002 resp=0 t=1387735 ns
MON M01.AR  addr=0x04            t=1388185 ns
MON M01.R   data=0x00001002 resp=0 t=1388205 ns
MON M01.AR  addr=0x04            t=1388655 ns
MON M01.R   data=0x00001002 resp=0 t=1388675 ns
MON M01.AR  addr=0x04            t=1389125 ns
MON M01.R   data=0x00001002 resp=0 t=1389145 ns
MON M01.AR  addr=0x04            t=1389595 ns
MON M01.R   data=0x00001002 resp=0 t=1389615 ns
MON M01.AR  addr=0x04            t=1390065 ns
MON M01.R   data=0x00001002 resp=0 t=1390085 ns
MON M01.AR  addr=0x04            t=1390535 ns
MON M01.R   data=0x00001002 resp=0 t=1390555 ns
MON M01.AR  addr=0x04            t=1391005 ns
MON M01.R   data=0x00001002 resp=0 t=1391025 ns
MON M01.AR  addr=0x04            t=1391475 ns
MON M01.R   data=0x00001002 resp=0 t=1391495 ns
MON M01.AR  addr=0x04            t=1391945 ns
MON M01.R   data=0x00001002 resp=0 t=1391965 ns
MON M01.AR  addr=0x04            t=1392415 ns
MON M01.R   data=0x00001002 resp=0 t=1392435 ns
MON M01.AR  addr=0x04            t=1392885 ns
MON M01.R   data=0x00001002 resp=0 t=1392905 ns
MON M01.AR  addr=0x04            t=1393355 ns
MON M01.R   data=0x00001002 resp=0 t=1393375 ns
MON M01.AR  addr=0x04            t=1393825 ns
MON M01.R   data=0x00001002 resp=0 t=1393845 ns
MON M01.AR  addr=0x04            t=1394295 ns
MON M01.R   data=0x00001002 resp=0 t=1394315 ns
MON M01.AR  addr=0x04            t=1394765 ns
MON M01.R   data=0x00001002 resp=0 t=1394785 ns
MON M01.AR  addr=0x04            t=1395235 ns
MON M01.R   data=0x00001002 resp=0 t=1395255 ns
MON M01.AR  addr=0x04            t=1395705 ns
MON M01.R   data=0x00001002 resp=0 t=1395725 ns
MON M01.AR  addr=0x04            t=1396175 ns
MON M01.R   data=0x00001002 resp=0 t=1396195 ns
MON M01.AR  addr=0x04            t=1396645 ns
MON M01.R   data=0x00001002 resp=0 t=1396665 ns
MON M01.AR  addr=0x04            t=1397115 ns
MON M01.R   data=0x00001002 resp=0 t=1397135 ns
MON M01.AR  addr=0x04            t=1397585 ns
MON M01.R   data=0x00001002 resp=0 t=1397605 ns
MON M01.AR  addr=0x04            t=1398055 ns
MON M01.R   data=0x00001002 resp=0 t=1398075 ns
MON M01.AR  addr=0x04            t=1398525 ns
MON M01.R   data=0x00001002 resp=0 t=1398545 ns
MON M01.AR  addr=0x04            t=1398995 ns
MON M01.R   data=0x00001002 resp=0 t=1399015 ns
MON M01.AR  addr=0x04            t=1399465 ns
MON M01.R   data=0x00001002 resp=0 t=1399485 ns
MON M01.AR  addr=0x04            t=1399935 ns
MON M01.R   data=0x00001002 resp=0 t=1399955 ns
MON M01.AR  addr=0x04            t=1400405 ns
MON M01.R   data=0x00001002 resp=0 t=1400425 ns
MON M01.AR  addr=0x04            t=1400875 ns
MON M01.R   data=0x00001002 resp=0 t=1400895 ns
MON M01.AR  addr=0x04            t=1401345 ns
MON M01.R   data=0x00001002 resp=0 t=1401365 ns
MON M01.AR  addr=0x04            t=1401815 ns
MON M01.R   data=0x00001002 resp=0 t=1401835 ns
MON M01.AR  addr=0x04            t=1402285 ns
MON M01.R   data=0x00001002 resp=0 t=1402305 ns
MON M01.AR  addr=0x04            t=1402755 ns
MON M01.R   data=0x00001002 resp=0 t=1402775 ns
MON M01.AR  addr=0x04            t=1403225 ns
MON M01.R   data=0x00001002 resp=0 t=1403245 ns
MON M01.AR  addr=0x04            t=1403695 ns
MON M01.R   data=0x00001002 resp=0 t=1403715 ns
MON M01.AR  addr=0x04            t=1404165 ns
MON M01.R   data=0x00001002 resp=0 t=1404185 ns
MON M01.AR  addr=0x04            t=1404635 ns
MON M01.R   data=0x00001002 resp=0 t=1404655 ns
MON M01.AR  addr=0x04            t=1405105 ns
MON M01.R   data=0x00001002 resp=0 t=1405125 ns
MON M01.AR  addr=0x04            t=1405575 ns
MON M01.R   data=0x00001002 resp=0 t=1405595 ns
MON M01.AR  addr=0x04            t=1406045 ns
MON M01.R   data=0x00001002 resp=0 t=1406065 ns
MON M01.AR  addr=0x04            t=1406515 ns
MON M01.R   data=0x00001002 resp=0 t=1406535 ns
MON M01.AR  addr=0x04            t=1406985 ns
MON M01.R   data=0x00001002 resp=0 t=1407005 ns
MON M01.AR  addr=0x04            t=1407455 ns
MON M01.R   data=0x00001002 resp=0 t=1407475 ns
MON M01.AR  addr=0x04            t=1407925 ns
MON M01.R   data=0x00001002 resp=0 t=1407945 ns
MON M01.AR  addr=0x04            t=1408395 ns
MON M01.R   data=0x00001002 resp=0 t=1408415 ns
MON M01.AR  addr=0x04            t=1408865 ns
MON M01.R   data=0x00001002 resp=0 t=1408885 ns
MON M01.AR  addr=0x04            t=1409335 ns
MON M01.R   data=0x00001002 resp=0 t=1409355 ns
MON M01.AR  addr=0x04            t=1409805 ns
MON M01.R   data=0x00001002 resp=0 t=1409825 ns
MON M01.AR  addr=0x04            t=1410275 ns
MON M01.R   data=0x00001002 resp=0 t=1410295 ns
MON M01.AR  addr=0x04            t=1410745 ns
MON M01.R   data=0x00001002 resp=0 t=1410765 ns
MON M01.AR  addr=0x04            t=1411215 ns
MON M01.R   data=0x00001002 resp=0 t=1411235 ns
MON M01.AR  addr=0x04            t=1411685 ns
MON M01.R   data=0x00001002 resp=0 t=1411705 ns
MON M01.AR  addr=0x04            t=1412155 ns
MON M01.R   data=0x00001002 resp=0 t=1412175 ns
MON M01.AR  addr=0x04            t=1412625 ns
MON M01.R   data=0x00001002 resp=0 t=1412645 ns
MON M01.AR  addr=0x04            t=1413095 ns
MON M01.R   data=0x00001002 resp=0 t=1413115 ns
MON M01.AR  addr=0x04            t=1413565 ns
MON M01.R   data=0x00001002 resp=0 t=1413585 ns
MON M01.AR  addr=0x04            t=1414035 ns
MON M01.R   data=0x00001002 resp=0 t=1414055 ns
MON M01.AR  addr=0x04            t=1414505 ns
MON M01.R   data=0x00001002 resp=0 t=1414525 ns
MON M01.AR  addr=0x04            t=1414975 ns
MON M01.R   data=0x00001002 resp=0 t=1414995 ns
MON M01.AR  addr=0x04            t=1415445 ns
MON M01.R   data=0x00001002 resp=0 t=1415465 ns
MON M01.AR  addr=0x04            t=1415915 ns
MON M01.R   data=0x00001002 resp=0 t=1415935 ns
MON M01.AR  addr=0x04            t=1416385 ns
MON M01.R   data=0x00001002 resp=0 t=1416405 ns
MON M01.AR  addr=0x04            t=1416855 ns
MON M01.R   data=0x00001002 resp=0 t=1416875 ns
MON M01.AR  addr=0x04            t=1417325 ns
MON M01.R   data=0x00001002 resp=0 t=1417345 ns
MON M01.AR  addr=0x04            t=1417795 ns
MON M01.R   data=0x00001002 resp=0 t=1417815 ns
MON M01.AR  addr=0x04            t=1418265 ns
MON M01.R   data=0x00001002 resp=0 t=1418285 ns
MON M01.AR  addr=0x04            t=1418735 ns
MON M01.R   data=0x00001002 resp=0 t=1418755 ns
MON M01.AR  addr=0x04            t=1419205 ns
MON M01.R   data=0x00001002 resp=0 t=1419225 ns
MON M01.AR  addr=0x04            t=1419675 ns
MON M01.R   data=0x00001002 resp=0 t=1419695 ns
MON M01.AR  addr=0x04            t=1420145 ns
MON M01.R   data=0x00001002 resp=0 t=1420165 ns
MON M01.AR  addr=0x04            t=1420615 ns
MON M01.R   data=0x00001002 resp=0 t=1420635 ns
MON M01.AR  addr=0x04            t=1421085 ns
MON M01.R   data=0x00001002 resp=0 t=1421105 ns
MON M01.AR  addr=0x04            t=1421555 ns
MON M01.R   data=0x00001002 resp=0 t=1421575 ns
MON M01.AR  addr=0x04            t=1422025 ns
MON M01.R   data=0x00001002 resp=0 t=1422045 ns
MON M01.AR  addr=0x04            t=1422495 ns
MON M01.R   data=0x00001002 resp=0 t=1422515 ns
MON M01.AR  addr=0x04            t=1422965 ns
MON M01.R   data=0x00001002 resp=0 t=1422985 ns
MON M01.AR  addr=0x04            t=1423435 ns
MON M01.R   data=0x00001002 resp=0 t=1423455 ns
MON M01.AR  addr=0x04            t=1423905 ns
MON M01.R   data=0x00001002 resp=0 t=1423925 ns
MON M01.AR  addr=0x04            t=1424375 ns
MON M01.R   data=0x00001002 resp=0 t=1424395 ns
MON M01.AR  addr=0x04            t=1424845 ns
MON M01.R   data=0x00001002 resp=0 t=1424865 ns
MON M01.AR  addr=0x04            t=1425315 ns
MON M01.R   data=0x00001002 resp=0 t=1425335 ns
MON M01.AR  addr=0x04            t=1425785 ns
MON M01.R   data=0x00001002 resp=0 t=1425805 ns
MON M01.AR  addr=0x04            t=1426255 ns
MON M01.R   data=0x00001002 resp=0 t=1426275 ns
MON M01.AR  addr=0x04            t=1426725 ns
MON M01.R   data=0x00001002 resp=0 t=1426745 ns
MON M01.AR  addr=0x04            t=1427195 ns
MON M01.R   data=0x00001002 resp=0 t=1427215 ns
MON M01.AR  addr=0x04            t=1427665 ns
MON M01.R   data=0x00001002 resp=0 t=1427685 ns
MON M01.AR  addr=0x04            t=1428135 ns
MON M01.R   data=0x00001002 resp=0 t=1428155 ns
MON M01.AR  addr=0x04            t=1428605 ns
MON M01.R   data=0x00001002 resp=0 t=1428625 ns
MON M01.AR  addr=0x04            t=1429075 ns
MON M01.R   data=0x00001002 resp=0 t=1429095 ns
MON M01.AR  addr=0x04            t=1429545 ns
MON M01.R   data=0x00001002 resp=0 t=1429565 ns
MON M01.AR  addr=0x04            t=1430015 ns
MON M01.R   data=0x00001002 resp=0 t=1430035 ns
MON M01.AR  addr=0x04            t=1430485 ns
MON M01.R   data=0x00001002 resp=0 t=1430505 ns
MON M01.AR  addr=0x04            t=1430955 ns
MON M01.R   data=0x00001002 resp=0 t=1430975 ns
MON M01.AR  addr=0x04            t=1431425 ns
MON M01.R   data=0x00001002 resp=0 t=1431445 ns
MON M01.AR  addr=0x04            t=1431895 ns
MON M01.R   data=0x00001002 resp=0 t=1431915 ns
MON M01.AR  addr=0x04            t=1432365 ns
MON M01.R   data=0x00001002 resp=0 t=1432385 ns
MON M01.AR  addr=0x04            t=1432835 ns
MON M01.R   data=0x00001002 resp=0 t=1432855 ns
MON M01.AR  addr=0x04            t=1433305 ns
MON M01.R   data=0x00001002 resp=0 t=1433325 ns
MON M01.AR  addr=0x04            t=1433775 ns
MON M01.R   data=0x00001002 resp=0 t=1433795 ns
MON M01.AR  addr=0x04            t=1434245 ns
MON M01.R   data=0x00001002 resp=0 t=1434265 ns
MON M01.AR  addr=0x04            t=1434715 ns
MON M01.R   data=0x00001002 resp=0 t=1434735 ns
MON M01.AR  addr=0x04            t=1435185 ns
MON M01.R   data=0x00001002 resp=0 t=1435205 ns
MON M01.AR  addr=0x04            t=1435655 ns
MON M01.R   data=0x00001002 resp=0 t=1435675 ns
MON M01.AR  addr=0x04            t=1436125 ns
MON M01.R   data=0x00001002 resp=0 t=1436145 ns
MON M01.AR  addr=0x04            t=1436595 ns
MON M01.R   data=0x00001002 resp=0 t=1436615 ns
MON M01.AR  addr=0x04            t=1437065 ns
MON M01.R   data=0x00001002 resp=0 t=1437085 ns
MON M01.AR  addr=0x04            t=1437535 ns
MON M01.R   data=0x00001002 resp=0 t=1437555 ns
MON M01.AR  addr=0x04            t=1438005 ns
MON M01.R   data=0x00001002 resp=0 t=1438025 ns
MON M01.AR  addr=0x04            t=1438475 ns
MON M01.R   data=0x00001002 resp=0 t=1438495 ns
MON M01.AR  addr=0x04            t=1438945 ns
MON M01.R   data=0x00001002 resp=0 t=1438965 ns
MON M01.AR  addr=0x04            t=1439415 ns
MON M01.R   data=0x00001002 resp=0 t=1439435 ns
MON M01.AR  addr=0x04            t=1439885 ns
MON M01.R   data=0x00001002 resp=0 t=1439905 ns
MON M01.AR  addr=0x04            t=1440355 ns
MON M01.R   data=0x00001002 resp=0 t=1440375 ns
MON M01.AR  addr=0x04            t=1440825 ns
MON M01.R   data=0x00001002 resp=0 t=1440845 ns
MON M01.AR  addr=0x04            t=1441295 ns
MON M01.R   data=0x00001002 resp=0 t=1441315 ns
MON M01.AR  addr=0x04            t=1441765 ns
MON M01.R   data=0x00001002 resp=0 t=1441785 ns
MON M01.AR  addr=0x04            t=1442235 ns
MON M01.R   data=0x00001002 resp=0 t=1442255 ns
MON M01.AR  addr=0x04            t=1442705 ns
MON M01.R   data=0x00001002 resp=0 t=1442725 ns
MON M01.AR  addr=0x04            t=1443175 ns
MON M01.R   data=0x00001002 resp=0 t=1443195 ns
MON M01.AR  addr=0x04            t=1443645 ns
MON M01.R   data=0x00001002 resp=0 t=1443665 ns
MON M01.AR  addr=0x04            t=1444115 ns
MON M01.R   data=0x00001002 resp=0 t=1444135 ns
MON M01.AR  addr=0x04            t=1444585 ns
MON M01.R   data=0x00001002 resp=0 t=1444605 ns
MON M01.AR  addr=0x04            t=1445055 ns
MON M01.R   data=0x00001002 resp=0 t=1445075 ns
MON M01.AR  addr=0x04            t=1445525 ns
MON M01.R   data=0x00001002 resp=0 t=1445545 ns
MON M01.AR  addr=0x04            t=1445995 ns
MON M01.R   data=0x00001002 resp=0 t=1446015 ns
MON M01.AR  addr=0x04            t=1446465 ns
MON M01.R   data=0x00001002 resp=0 t=1446485 ns
MON M01.AR  addr=0x04            t=1446935 ns
MON M01.R   data=0x00001002 resp=0 t=1446955 ns
MON M01.AR  addr=0x04            t=1447405 ns
MON M01.R   data=0x00001002 resp=0 t=1447425 ns
MON M01.AR  addr=0x04            t=1447875 ns
MON M01.R   data=0x00001002 resp=0 t=1447895 ns
MON M01.AR  addr=0x04            t=1448345 ns
MON M01.R   data=0x00001002 resp=0 t=1448365 ns
MON M01.AR  addr=0x04            t=1448815 ns
MON M01.R   data=0x00001002 resp=0 t=1448835 ns
MON M01.AR  addr=0x04            t=1449285 ns
MON M01.R   data=0x00001002 resp=0 t=1449305 ns
MON M01.AR  addr=0x04            t=1449755 ns
MON M01.R   data=0x00001002 resp=0 t=1449775 ns
MON M01.AR  addr=0x04            t=1450225 ns
MON M01.R   data=0x00001002 resp=0 t=1450245 ns
MON M01.AR  addr=0x04            t=1450695 ns
MON M01.R   data=0x00001002 resp=0 t=1450715 ns
MON M01.AR  addr=0x04            t=1451165 ns
MON M01.R   data=0x00001002 resp=0 t=1451185 ns
MON M01.AR  addr=0x04            t=1451635 ns
MON M01.R   data=0x00001002 resp=0 t=1451655 ns
MON M01.AR  addr=0x04            t=1452105 ns
MON M01.R   data=0x00001002 resp=0 t=1452125 ns
MON M01.AR  addr=0x04            t=1452575 ns
MON M01.R   data=0x00001002 resp=0 t=1452595 ns
MON M01.AR  addr=0x04            t=1453045 ns
MON M01.R   data=0x00001002 resp=0 t=1453065 ns
MON M01.AR  addr=0x04            t=1453515 ns
MON M01.R   data=0x00001002 resp=0 t=1453535 ns
MON M01.AR  addr=0x04            t=1453985 ns
MON M01.R   data=0x00001002 resp=0 t=1454005 ns
MON M01.AR  addr=0x04            t=1454455 ns
MON M01.R   data=0x00001002 resp=0 t=1454475 ns
MON M01.AR  addr=0x04            t=1454925 ns
MON M01.R   data=0x00001002 resp=0 t=1454945 ns
MON M01.AR  addr=0x04            t=1455395 ns
MON M01.R   data=0x00001002 resp=0 t=1455415 ns
MON M01.AR  addr=0x04            t=1455865 ns
MON M01.R   data=0x00001002 resp=0 t=1455885 ns
MON M01.AR  addr=0x04            t=1456335 ns
MON M01.R   data=0x00001002 resp=0 t=1456355 ns
MON M01.AR  addr=0x04            t=1456805 ns
MON M01.R   data=0x00001002 resp=0 t=1456825 ns
MON M01.AR  addr=0x04            t=1457275 ns
MON M01.R   data=0x00001002 resp=0 t=1457295 ns
MON M01.AR  addr=0x04            t=1457745 ns
MON M01.R   data=0x00001002 resp=0 t=1457765 ns
MON M01.AR  addr=0x04            t=1458215 ns
MON M01.R   data=0x00001002 resp=0 t=1458235 ns
MON M01.AR  addr=0x04            t=1458685 ns
MON M01.R   data=0x00001002 resp=0 t=1458705 ns
MON M01.AR  addr=0x04            t=1459155 ns
MON M01.R   data=0x00001002 resp=0 t=1459175 ns
MON M01.AR  addr=0x04            t=1459625 ns
MON M01.R   data=0x00001002 resp=0 t=1459645 ns
MON M01.AR  addr=0x04            t=1460095 ns
MON M01.R   data=0x00001002 resp=0 t=1460115 ns
MON M01.AR  addr=0x04            t=1460565 ns
MON M01.R   data=0x00001002 resp=0 t=1460585 ns
MON M01.AR  addr=0x04            t=1461035 ns
MON M01.R   data=0x00001002 resp=0 t=1461055 ns
MON M01.AR  addr=0x04            t=1461505 ns
MON M01.R   data=0x00001002 resp=0 t=1461525 ns
MON M01.AR  addr=0x04            t=1461975 ns
MON M01.R   data=0x00001002 resp=0 t=1461995 ns
MON M01.AR  addr=0x04            t=1462445 ns
MON M01.R   data=0x00001002 resp=0 t=1462465 ns
MON M01.AR  addr=0x04            t=1462915 ns
MON M01.R   data=0x00001002 resp=0 t=1462935 ns
MON M01.AR  addr=0x04            t=1463385 ns
MON M01.R   data=0x00001002 resp=0 t=1463405 ns
MON M01.AR  addr=0x04            t=1463855 ns
MON M01.R   data=0x00001002 resp=0 t=1463875 ns
MON M01.AR  addr=0x04            t=1464325 ns
MON M01.R   data=0x00001002 resp=0 t=1464345 ns
MON M01.AR  addr=0x04            t=1464795 ns
MON M01.R   data=0x00001002 resp=0 t=1464815 ns
MON M01.AR  addr=0x04            t=1465265 ns
MON M01.R   data=0x00001002 resp=0 t=1465285 ns
MON M01.AR  addr=0x04            t=1465735 ns
MON M01.R   data=0x00001002 resp=0 t=1465755 ns
MON M01.AR  addr=0x04            t=1466205 ns
MON M01.R   data=0x00001002 resp=0 t=1466225 ns
MON M01.AR  addr=0x04            t=1466675 ns
MON M01.R   data=0x00001002 resp=0 t=1466695 ns
MON M01.AR  addr=0x04            t=1467145 ns
MON M01.R   data=0x00001002 resp=0 t=1467165 ns
MON M01.AR  addr=0x04            t=1467615 ns
MON M01.R   data=0x00001002 resp=0 t=1467635 ns
MON M01.AR  addr=0x04            t=1468085 ns
MON M01.R   data=0x00001002 resp=0 t=1468105 ns
MON M01.AR  addr=0x04            t=1468555 ns
MON M01.R   data=0x00001002 resp=0 t=1468575 ns
MON M01.AR  addr=0x04            t=1469025 ns
MON M01.R   data=0x00001002 resp=0 t=1469045 ns
MON M01.AR  addr=0x04            t=1469495 ns
MON M01.R   data=0x00001002 resp=0 t=1469515 ns
MON M01.AR  addr=0x04            t=1469965 ns
MON M01.R   data=0x00001002 resp=0 t=1469985 ns
MON M01.AR  addr=0x04            t=1470435 ns
MON M01.R   data=0x00001002 resp=0 t=1470455 ns
MON M01.AR  addr=0x04            t=1470905 ns
MON M01.R   data=0x00001002 resp=0 t=1470925 ns
MON M01.AR  addr=0x04            t=1471375 ns
MON M01.R   data=0x00001002 resp=0 t=1471395 ns
MON M01.AR  addr=0x04            t=1471845 ns
MON M01.R   data=0x00001002 resp=0 t=1471865 ns
MON M01.AR  addr=0x04            t=1472315 ns
MON M01.R   data=0x00001002 resp=0 t=1472335 ns
MON M01.AR  addr=0x04            t=1472785 ns
MON M01.R   data=0x00001002 resp=0 t=1472805 ns
MON M01.AR  addr=0x04            t=1473255 ns
MON M01.R   data=0x00001002 resp=0 t=1473275 ns
MON M01.AR  addr=0x04            t=1473725 ns
MON M01.R   data=0x00001002 resp=0 t=1473745 ns
MON M01.AR  addr=0x04            t=1474195 ns
MON M01.R   data=0x00001002 resp=0 t=1474215 ns
MON M01.AR  addr=0x04            t=1474665 ns
MON M01.R   data=0x00001002 resp=0 t=1474685 ns
MON M01.AR  addr=0x04            t=1475135 ns
MON M01.R   data=0x00001002 resp=0 t=1475155 ns
MON M01.AR  addr=0x04            t=1475605 ns
MON M01.R   data=0x00001002 resp=0 t=1475625 ns
MON M01.AR  addr=0x04            t=1476075 ns
MON M01.R   data=0x00001002 resp=0 t=1476095 ns
MON M01.AR  addr=0x04            t=1476545 ns
MON M01.R   data=0x00001002 resp=0 t=1476565 ns
MON M01.AR  addr=0x04            t=1477015 ns
MON M01.R   data=0x00001002 resp=0 t=1477035 ns
MON M01.AR  addr=0x04            t=1477485 ns
MON M01.R   data=0x00001002 resp=0 t=1477505 ns
MON M01.AR  addr=0x04            t=1477955 ns
MON M01.R   data=0x00001002 resp=0 t=1477975 ns
MON M01.AR  addr=0x04            t=1478425 ns
MON M01.R   data=0x00001002 resp=0 t=1478445 ns
MON M01.AR  addr=0x04            t=1478895 ns
MON M01.R   data=0x00001002 resp=0 t=1478915 ns
MON M01.AR  addr=0x04            t=1479365 ns
MON M01.R   data=0x00001002 resp=0 t=1479385 ns
MON M01.AR  addr=0x04            t=1479835 ns
MON M01.R   data=0x00001002 resp=0 t=1479855 ns
MON M01.AR  addr=0x04            t=1480305 ns
MON M01.R   data=0x00001002 resp=0 t=1480325 ns
MON M01.AR  addr=0x04            t=1480775 ns
MON M01.R   data=0x00001002 resp=0 t=1480795 ns
MON M01.AR  addr=0x04            t=1481245 ns
MON M01.R   data=0x00001002 resp=0 t=1481265 ns
MON M01.AR  addr=0x04            t=1481715 ns
MON M01.R   data=0x00001002 resp=0 t=1481735 ns
MON M01.AR  addr=0x04            t=1482185 ns
MON M01.R   data=0x00001002 resp=0 t=1482205 ns
MON M01.AR  addr=0x04            t=1482655 ns
MON M01.R   data=0x00001002 resp=0 t=1482675 ns
MON M01.AR  addr=0x04            t=1483125 ns
MON M01.R   data=0x00001002 resp=0 t=1483145 ns
MON M01.AR  addr=0x04            t=1483595 ns
MON M01.R   data=0x00001002 resp=0 t=1483615 ns
MON M01.AR  addr=0x04            t=1484065 ns
MON M01.R   data=0x00001002 resp=0 t=1484085 ns
MON M01.AR  addr=0x04            t=1484535 ns
MON M01.R   data=0x00001002 resp=0 t=1484555 ns
MON M01.AR  addr=0x04            t=1485005 ns
MON M01.R   data=0x00001002 resp=0 t=1485025 ns
MON M01.AR  addr=0x04            t=1485475 ns
MON M01.R   data=0x00001002 resp=0 t=1485495 ns
MON M01.AR  addr=0x04            t=1485945 ns
MON M01.R   data=0x00001002 resp=0 t=1485965 ns
MON M01.AR  addr=0x04            t=1486415 ns
MON M01.R   data=0x00001002 resp=0 t=1486435 ns
MON M01.AR  addr=0x04            t=1486885 ns
MON M01.R   data=0x00001002 resp=0 t=1486905 ns
MON M01.AR  addr=0x04            t=1487355 ns
MON M01.R   data=0x00001002 resp=0 t=1487375 ns
MON M01.AR  addr=0x04            t=1487825 ns
MON M01.R   data=0x00001002 resp=0 t=1487845 ns
MON M01.AR  addr=0x04            t=1488295 ns
MON M01.R   data=0x00001002 resp=0 t=1488315 ns
MON M01.AR  addr=0x04            t=1488765 ns
MON M01.R   data=0x00001002 resp=0 t=1488785 ns
MON M01.AR  addr=0x04            t=1489235 ns
MON M01.R   data=0x00001002 resp=0 t=1489255 ns
MON M01.AR  addr=0x04            t=1489705 ns
MON M01.R   data=0x00001002 resp=0 t=1489725 ns
MON M01.AR  addr=0x04            t=1490175 ns
MON M01.R   data=0x00001002 resp=0 t=1490195 ns
MON M01.AR  addr=0x04            t=1490645 ns
MON M01.R   data=0x00001002 resp=0 t=1490665 ns
MON M01.AR  addr=0x04            t=1491115 ns
MON M01.R   data=0x00001002 resp=0 t=1491135 ns
MON M01.AR  addr=0x04            t=1491585 ns
MON M01.R   data=0x00001002 resp=0 t=1491605 ns
MON M01.AR  addr=0x04            t=1492055 ns
MON M01.R   data=0x00001002 resp=0 t=1492075 ns
MON M01.AR  addr=0x04            t=1492525 ns
MON M01.R   data=0x00001002 resp=0 t=1492545 ns
MON M01.AR  addr=0x04            t=1492995 ns
MON M01.R   data=0x00001002 resp=0 t=1493015 ns
MON M01.AR  addr=0x04            t=1493465 ns
MON M01.R   data=0x00001002 resp=0 t=1493485 ns
MON M01.AR  addr=0x04            t=1493935 ns
MON M01.R   data=0x00001002 resp=0 t=1493955 ns
MON M01.AR  addr=0x04            t=1494405 ns
MON M01.R   data=0x00001002 resp=0 t=1494425 ns
MON M01.AR  addr=0x04            t=1494875 ns
MON M01.R   data=0x00001002 resp=0 t=1494895 ns
MON M01.AR  addr=0x04            t=1495345 ns
MON M01.R   data=0x00001002 resp=0 t=1495365 ns
MON M01.AR  addr=0x04            t=1495815 ns
MON M01.R   data=0x00001002 resp=0 t=1495835 ns
MON M01.AR  addr=0x04            t=1496285 ns
MON M01.R   data=0x00001002 resp=0 t=1496305 ns
MON M01.AR  addr=0x04            t=1496755 ns
MON M01.R   data=0x00001002 resp=0 t=1496775 ns
MON M01.AR  addr=0x04            t=1497225 ns
MON M01.R   data=0x00001002 resp=0 t=1497245 ns
MON M01.AR  addr=0x04            t=1497695 ns
MON M01.R   data=0x00001002 resp=0 t=1497715 ns
MON M01.AR  addr=0x04            t=1498165 ns
MON M01.R   data=0x00001002 resp=0 t=1498185 ns
MON M01.AR  addr=0x04            t=1498635 ns
MON M01.R   data=0x00001002 resp=0 t=1498655 ns
MON M01.AR  addr=0x04            t=1499105 ns
MON M01.R   data=0x00001002 resp=0 t=1499125 ns
MON M01.AR  addr=0x04            t=1499575 ns
MON M01.R   data=0x00001002 resp=0 t=1499595 ns
MON M01.AR  addr=0x04            t=1500045 ns
MON M01.R   data=0x00001002 resp=0 t=1500065 ns
MON M01.AR  addr=0x04            t=1500515 ns
MON M01.R   data=0x00001002 resp=0 t=1500535 ns
MON M01.AR  addr=0x04            t=1500985 ns
MON M01.R   data=0x00001002 resp=0 t=1501005 ns
MON M01.AR  addr=0x04            t=1501455 ns
MON M01.R   data=0x00001002 resp=0 t=1501475 ns
MON M01.AR  addr=0x04            t=1501925 ns
MON M01.R   data=0x00001002 resp=0 t=1501945 ns
MON M01.AR  addr=0x04            t=1502395 ns
MON M01.R   data=0x00001002 resp=0 t=1502415 ns
MON M01.AR  addr=0x04            t=1502865 ns
MON M01.R   data=0x00001002 resp=0 t=1502885 ns
MON M01.AR  addr=0x04            t=1503335 ns
MON M01.R   data=0x00001002 resp=0 t=1503355 ns
MON M01.AR  addr=0x04            t=1503805 ns
MON M01.R   data=0x00001002 resp=0 t=1503825 ns
MON M01.AR  addr=0x04            t=1504275 ns
MON M01.R   data=0x00001002 resp=0 t=1504295 ns
MON M01.AR  addr=0x04            t=1504745 ns
MON M01.R   data=0x00001002 resp=0 t=1504765 ns
MON M01.AR  addr=0x04            t=1505215 ns
MON M01.R   data=0x00001002 resp=0 t=1505235 ns
MON M01.AR  addr=0x04            t=1505685 ns
MON M01.R   data=0x00001002 resp=0 t=1505705 ns
MON M01.AR  addr=0x04            t=1506155 ns
MON M01.R   data=0x00001002 resp=0 t=1506175 ns
MON M01.AR  addr=0x04            t=1506625 ns
MON M01.R   data=0x00001002 resp=0 t=1506645 ns
MON M01.AR  addr=0x04            t=1507095 ns
MON M01.R   data=0x00001002 resp=0 t=1507115 ns
MON M01.AR  addr=0x04            t=1507565 ns
MON M01.R   data=0x00001002 resp=0 t=1507585 ns
MON M01.AR  addr=0x04            t=1508035 ns
MON M01.R   data=0x00001002 resp=0 t=1508055 ns
MON M01.AR  addr=0x04            t=1508505 ns
MON M01.R   data=0x00001002 resp=0 t=1508525 ns
MON M01.AR  addr=0x04            t=1508975 ns
MON M01.R   data=0x00001002 resp=0 t=1508995 ns
MON M01.AR  addr=0x04            t=1509445 ns
MON M01.R   data=0x00001002 resp=0 t=1509465 ns
MON M01.AR  addr=0x04            t=1509915 ns
MON M01.R   data=0x00001002 resp=0 t=1509935 ns
MON M01.AR  addr=0x04            t=1510385 ns
MON M01.R   data=0x00001002 resp=0 t=1510405 ns
MON M01.AR  addr=0x04            t=1510855 ns
MON M01.R   data=0x00001002 resp=0 t=1510875 ns
MON M01.AR  addr=0x04            t=1511325 ns
MON M01.R   data=0x00001002 resp=0 t=1511345 ns
MON M01.AR  addr=0x04            t=1511795 ns
MON M01.R   data=0x00001002 resp=0 t=1511815 ns
MON M01.AR  addr=0x04            t=1512265 ns
MON M01.R   data=0x00001002 resp=0 t=1512285 ns
MON M01.AR  addr=0x04            t=1512735 ns
MON M01.R   data=0x00001002 resp=0 t=1512755 ns
MON M01.AR  addr=0x04            t=1513205 ns
MON M01.R   data=0x00001002 resp=0 t=1513225 ns
MON M01.AR  addr=0x04            t=1513675 ns
MON M01.R   data=0x00001002 resp=0 t=1513695 ns
MON M01.AR  addr=0x04            t=1514145 ns
MON M01.R   data=0x00001002 resp=0 t=1514165 ns
MON M01.AR  addr=0x04            t=1514615 ns
MON M01.R   data=0x00001002 resp=0 t=1514635 ns
MON M01.AR  addr=0x04            t=1515085 ns
MON M01.R   data=0x00001002 resp=0 t=1515105 ns
MON M01.AR  addr=0x04            t=1515555 ns
MON M01.R   data=0x00001002 resp=0 t=1515575 ns
MON M01.AR  addr=0x04            t=1516025 ns
MON M01.R   data=0x00001002 resp=0 t=1516045 ns
MON M01.AR  addr=0x04            t=1516495 ns
MON M01.R   data=0x00001002 resp=0 t=1516515 ns
MON M01.AR  addr=0x04            t=1516965 ns
MON M01.R   data=0x00001002 resp=0 t=1516985 ns
MON M01.AR  addr=0x04            t=1517435 ns
MON M01.R   data=0x00001002 resp=0 t=1517455 ns
MON M01.AR  addr=0x04            t=1517905 ns
MON M01.R   data=0x00001002 resp=0 t=1517925 ns
MON M01.AR  addr=0x04            t=1518375 ns
MON M01.R   data=0x00001002 resp=0 t=1518395 ns
MON M01.AR  addr=0x04            t=1518845 ns
MON M01.R   data=0x00001002 resp=0 t=1518865 ns
MON M01.AR  addr=0x04            t=1519315 ns
MON M01.R   data=0x00001002 resp=0 t=1519335 ns
MON M01.AR  addr=0x04            t=1519785 ns
MON M01.R   data=0x00001002 resp=0 t=1519805 ns
MON M01.AR  addr=0x04            t=1520255 ns
MON M01.R   data=0x00001002 resp=0 t=1520275 ns
MON M01.AR  addr=0x04            t=1520725 ns
MON M01.R   data=0x00001002 resp=0 t=1520745 ns
MON M01.AR  addr=0x04            t=1521195 ns
MON M01.R   data=0x00001002 resp=0 t=1521215 ns
MON M01.AR  addr=0x04            t=1521665 ns
MON M01.R   data=0x00001002 resp=0 t=1521685 ns
MON M01.AR  addr=0x04            t=1522135 ns
MON M01.R   data=0x00001002 resp=0 t=1522155 ns
MON M01.AR  addr=0x04            t=1522605 ns
MON M01.R   data=0x00001002 resp=0 t=1522625 ns
MON M01.AR  addr=0x04            t=1523075 ns
MON M01.R   data=0x00001002 resp=0 t=1523095 ns
MON M01.AR  addr=0x04            t=1523545 ns
MON M01.R   data=0x00001002 resp=0 t=1523565 ns
MON M01.AR  addr=0x04            t=1524015 ns
MON M01.R   data=0x00001002 resp=0 t=1524035 ns
MON M01.AR  addr=0x04            t=1524485 ns
MON M01.R   data=0x00001002 resp=0 t=1524505 ns
MON M01.AR  addr=0x04            t=1524955 ns
MON M01.R   data=0x00001002 resp=0 t=1524975 ns
MON M01.AR  addr=0x04            t=1525425 ns
MON M01.R   data=0x00001002 resp=0 t=1525445 ns
MON M01.AR  addr=0x04            t=1525895 ns
MON M01.R   data=0x00001002 resp=0 t=1525915 ns
MON M01.AR  addr=0x04            t=1526365 ns
MON M01.R   data=0x00001002 resp=0 t=1526385 ns
MON M01.AR  addr=0x04            t=1526835 ns
MON M01.R   data=0x00001002 resp=0 t=1526855 ns
MON M01.AR  addr=0x04            t=1527305 ns
MON M01.R   data=0x00001002 resp=0 t=1527325 ns
MON M01.AR  addr=0x04            t=1527775 ns
MON M01.R   data=0x00001002 resp=0 t=1527795 ns
MON M01.AR  addr=0x04            t=1528245 ns
MON M01.R   data=0x00001002 resp=0 t=1528265 ns
MON M01.AR  addr=0x04            t=1528715 ns
MON M01.R   data=0x00001002 resp=0 t=1528735 ns
MON M01.AR  addr=0x04            t=1529185 ns
MON M01.R   data=0x00001002 resp=0 t=1529205 ns
MON M01.AR  addr=0x04            t=1529655 ns
MON M01.R   data=0x00001002 resp=0 t=1529675 ns
MON M01.AR  addr=0x04            t=1530125 ns
MON M01.R   data=0x00001002 resp=0 t=1530145 ns
MON M01.AR  addr=0x04            t=1530595 ns
MON M01.R   data=0x00001002 resp=0 t=1530615 ns
MON M01.AR  addr=0x04            t=1531065 ns
MON M01.R   data=0x00001002 resp=0 t=1531085 ns
MON M01.AR  addr=0x04            t=1531535 ns
MON M01.R   data=0x00001002 resp=0 t=1531555 ns
MON M01.AR  addr=0x04            t=1532005 ns
MON M01.R   data=0x00001002 resp=0 t=1532025 ns
MON M01.AR  addr=0x04            t=1532475 ns
MON M01.R   data=0x00001002 resp=0 t=1532495 ns
MON M01.AR  addr=0x04            t=1532945 ns
MON M01.R   data=0x00001002 resp=0 t=1532965 ns
MON M01.AR  addr=0x04            t=1533415 ns
MON M01.R   data=0x00001002 resp=0 t=1533435 ns
MON M01.AR  addr=0x04            t=1533885 ns
MON M01.R   data=0x00001002 resp=0 t=1533905 ns
MON M01.AR  addr=0x04            t=1534355 ns
MON M01.R   data=0x00001002 resp=0 t=1534375 ns
MON M01.AR  addr=0x04            t=1534825 ns
MON M01.R   data=0x00001002 resp=0 t=1534845 ns
MON M01.AR  addr=0x04            t=1535295 ns
MON M01.R   data=0x00001002 resp=0 t=1535315 ns
MON M01.AR  addr=0x04            t=1535765 ns
MON M01.R   data=0x00001002 resp=0 t=1535785 ns
MON M01.AR  addr=0x04            t=1536235 ns
MON M01.R   data=0x00001002 resp=0 t=1536255 ns
MON M01.AR  addr=0x04            t=1536705 ns
MON M01.R   data=0x00001002 resp=0 t=1536725 ns
MON M01.AR  addr=0x04            t=1537175 ns
MON M01.R   data=0x00001002 resp=0 t=1537195 ns
MON M01.AR  addr=0x04            t=1537645 ns
MON M01.R   data=0x00001002 resp=0 t=1537665 ns
MON M01.AR  addr=0x04            t=1538115 ns
MON M01.R   data=0x00001002 resp=0 t=1538135 ns
MON M01.AR  addr=0x04            t=1538585 ns
MON M01.R   data=0x00001002 resp=0 t=1538605 ns
MON M01.AR  addr=0x04            t=1539055 ns
MON M01.R   data=0x00001002 resp=0 t=1539075 ns
MON M01.AR  addr=0x04            t=1539525 ns
MON M01.R   data=0x00001002 resp=0 t=1539545 ns
MON M01.AR  addr=0x04            t=1539995 ns
MON M01.R   data=0x00001002 resp=0 t=1540015 ns
MON M01.AR  addr=0x04            t=1540465 ns
MON M01.R   data=0x00001002 resp=0 t=1540485 ns
MON M01.AR  addr=0x04            t=1540935 ns
MON M01.R   data=0x00001002 resp=0 t=1540955 ns
MON M01.AR  addr=0x04            t=1541405 ns
MON M01.R   data=0x00001002 resp=0 t=1541425 ns
MON M01.AR  addr=0x04            t=1541875 ns
MON M01.R   data=0x00001002 resp=0 t=1541895 ns
MON M01.AR  addr=0x04            t=1542345 ns
MON M01.R   data=0x00001002 resp=0 t=1542365 ns
MON M01.AR  addr=0x04            t=1542815 ns
MON M01.R   data=0x00001002 resp=0 t=1542835 ns
MON M01.AR  addr=0x04            t=1543285 ns
MON M01.R   data=0x00001002 resp=0 t=1543305 ns
MON M01.AR  addr=0x04            t=1543755 ns
MON M01.R   data=0x00001002 resp=0 t=1543775 ns
MON M01.AR  addr=0x04            t=1544225 ns
MON M01.R   data=0x00001002 resp=0 t=1544245 ns
MON M01.AR  addr=0x04            t=1544695 ns
MON M01.R   data=0x00001002 resp=0 t=1544715 ns
MON M01.AR  addr=0x04            t=1545165 ns
MON M01.R   data=0x00001002 resp=0 t=1545185 ns
MON M01.AR  addr=0x04            t=1545635 ns
MON M01.R   data=0x00001002 resp=0 t=1545655 ns
MON M01.AR  addr=0x04            t=1546105 ns
MON M01.R   data=0x00001002 resp=0 t=1546125 ns
MON M01.AR  addr=0x04            t=1546575 ns
MON M01.R   data=0x00001002 resp=0 t=1546595 ns
MON M01.AR  addr=0x04            t=1547045 ns
MON M01.R   data=0x00001002 resp=0 t=1547065 ns
MON M01.AR  addr=0x04            t=1547515 ns
MON M01.R   data=0x00001002 resp=0 t=1547535 ns
MON M01.AR  addr=0x04            t=1547985 ns
MON M01.R   data=0x00001002 resp=0 t=1548005 ns
MON M01.AR  addr=0x04            t=1548455 ns
MON M01.R   data=0x00001002 resp=0 t=1548475 ns
MON M01.AR  addr=0x04            t=1548925 ns
MON M01.R   data=0x00001002 resp=0 t=1548945 ns
MON M01.AR  addr=0x04            t=1549395 ns
MON M01.R   data=0x00001002 resp=0 t=1549415 ns
MON M01.AR  addr=0x04            t=1549865 ns
MON M01.R   data=0x00001002 resp=0 t=1549885 ns
MON M01.AR  addr=0x04            t=1550335 ns
MON M01.R   data=0x00001002 resp=0 t=1550355 ns
MON M01.AR  addr=0x04            t=1550805 ns
MON M01.R   data=0x00001002 resp=0 t=1550825 ns
MON M01.AR  addr=0x04            t=1551275 ns
MON M01.R   data=0x00001002 resp=0 t=1551295 ns
MON M01.AR  addr=0x04            t=1551745 ns
MON M01.R   data=0x00001002 resp=0 t=1551765 ns
MON M01.AR  addr=0x04            t=1552215 ns
MON M01.R   data=0x00001002 resp=0 t=1552235 ns
MON M01.AR  addr=0x04            t=1552685 ns
MON M01.R   data=0x00001002 resp=0 t=1552705 ns
MON M01.AR  addr=0x04            t=1553155 ns
MON M01.R   data=0x00001002 resp=0 t=1553175 ns
MON M01.AR  addr=0x04            t=1553625 ns
MON M01.R   data=0x00001002 resp=0 t=1553645 ns
MON M01.AR  addr=0x04            t=1554095 ns
MON M01.R   data=0x00001002 resp=0 t=1554115 ns
MON M01.AR  addr=0x04            t=1554565 ns
MON M01.R   data=0x00001002 resp=0 t=1554585 ns
MON M01.AR  addr=0x04            t=1555035 ns
MON M01.R   data=0x00001002 resp=0 t=1555055 ns
MON M01.AR  addr=0x04            t=1555505 ns
MON M01.R   data=0x00001002 resp=0 t=1555525 ns
MON M01.AR  addr=0x04            t=1555975 ns
MON M01.R   data=0x00001002 resp=0 t=1555995 ns
MON M01.AR  addr=0x04            t=1556445 ns
MON M01.R   data=0x00001002 resp=0 t=1556465 ns
MON M01.AR  addr=0x04            t=1556915 ns
MON M01.R   data=0x00001002 resp=0 t=1556935 ns
MON M01.AR  addr=0x04            t=1557385 ns
MON M01.R   data=0x00001002 resp=0 t=1557405 ns
MON M01.AR  addr=0x04            t=1557855 ns
MON M01.R   data=0x00001002 resp=0 t=1557875 ns
MON M01.AR  addr=0x04            t=1558325 ns
MON M01.R   data=0x00001002 resp=0 t=1558345 ns
MON M01.AR  addr=0x04            t=1558795 ns
MON M01.R   data=0x00001002 resp=0 t=1558815 ns
MON M01.AR  addr=0x04            t=1559265 ns
MON M01.R   data=0x00001002 resp=0 t=1559285 ns
MON M01.AR  addr=0x04            t=1559735 ns
MON M01.R   data=0x00001002 resp=0 t=1559755 ns
MON M01.AR  addr=0x04            t=1560205 ns
MON M01.R   data=0x00001002 resp=0 t=1560225 ns
MON M01.AR  addr=0x04            t=1560675 ns
MON M01.R   data=0x00001002 resp=0 t=1560695 ns
MON M01.AR  addr=0x04            t=1561145 ns
MON M01.R   data=0x00001002 resp=0 t=1561165 ns
MON M01.AR  addr=0x04            t=1561615 ns
MON M01.R   data=0x00001002 resp=0 t=1561635 ns
MON M01.AR  addr=0x04            t=1562085 ns
MON M01.R   data=0x00001002 resp=0 t=1562105 ns
MON M01.AR  addr=0x04            t=1562555 ns
MON M01.R   data=0x00001002 resp=0 t=1562575 ns
MON M01.AR  addr=0x04            t=1563025 ns
MON M01.R   data=0x00001002 resp=0 t=1563045 ns
MON M01.AR  addr=0x04            t=1563495 ns
MON M01.R   data=0x00001002 resp=0 t=1563515 ns
MON M01.AR  addr=0x04            t=1563965 ns
MON M01.R   data=0x00001002 resp=0 t=1563985 ns
MON M01.AR  addr=0x04            t=1564435 ns
MON M01.R   data=0x00001002 resp=0 t=1564455 ns
MON M01.AR  addr=0x04            t=1564905 ns
MON M01.R   data=0x00001002 resp=0 t=1564925 ns
MON M01.AR  addr=0x04            t=1565375 ns
MON M01.R   data=0x00001002 resp=0 t=1565395 ns
MON M01.AR  addr=0x04            t=1565845 ns
MON M01.R   data=0x00001002 resp=0 t=1565865 ns
MON M01.AR  addr=0x04            t=1566315 ns
MON M01.R   data=0x00001002 resp=0 t=1566335 ns
MON M01.AR  addr=0x04            t=1566785 ns
MON M01.R   data=0x00001002 resp=0 t=1566805 ns
MON M01.AR  addr=0x04            t=1567255 ns
MON M01.R   data=0x00001002 resp=0 t=1567275 ns
MON M01.AR  addr=0x04            t=1567725 ns
MON M01.R   data=0x00001002 resp=0 t=1567745 ns
MON M01.AR  addr=0x04            t=1568195 ns
MON M01.R   data=0x00001002 resp=0 t=1568215 ns
MON M01.AR  addr=0x04            t=1568665 ns
MON M01.R   data=0x00001002 resp=0 t=1568685 ns
MON M01.AR  addr=0x04            t=1569135 ns
MON M01.R   data=0x00001002 resp=0 t=1569155 ns
MON M01.AR  addr=0x04            t=1569605 ns
MON M01.R   data=0x00001002 resp=0 t=1569625 ns
MON M01.AR  addr=0x04            t=1570075 ns
MON M01.R   data=0x00001002 resp=0 t=1570095 ns
MON M01.AR  addr=0x04            t=1570545 ns
MON M01.R   data=0x00001002 resp=0 t=1570565 ns
MON M01.AR  addr=0x04            t=1571015 ns
MON M01.R   data=0x00001002 resp=0 t=1571035 ns
MON M01.AR  addr=0x04            t=1571485 ns
MON M01.R   data=0x00001002 resp=0 t=1571505 ns
MON M01.AR  addr=0x04            t=1571955 ns
MON M01.R   data=0x00001002 resp=0 t=1571975 ns
MON M01.AR  addr=0x04            t=1572425 ns
MON M01.R   data=0x00001002 resp=0 t=1572445 ns
MON M01.AR  addr=0x04            t=1572895 ns
MON M01.R   data=0x00001002 resp=0 t=1572915 ns
MON M01.AR  addr=0x04            t=1573365 ns
MON M01.R   data=0x00001002 resp=0 t=1573385 ns
MON M01.AR  addr=0x04            t=1573835 ns
MON M01.R   data=0x00001002 resp=0 t=1573855 ns
MON M01.AR  addr=0x04            t=1574305 ns
MON M01.R   data=0x00001002 resp=0 t=1574325 ns
MON M01.AR  addr=0x04            t=1574775 ns
MON M01.R   data=0x00001002 resp=0 t=1574795 ns
MON M01.AR  addr=0x04            t=1575245 ns
MON M01.R   data=0x00001002 resp=0 t=1575265 ns
MON M01.AR  addr=0x04            t=1575715 ns
MON M01.R   data=0x00001002 resp=0 t=1575735 ns
MON M01.AR  addr=0x04            t=1576185 ns
MON M01.R   data=0x00001002 resp=0 t=1576205 ns
MON M01.AR  addr=0x04            t=1576655 ns
MON M01.R   data=0x00001002 resp=0 t=1576675 ns
MON M01.AR  addr=0x04            t=1577125 ns
MON M01.R   data=0x00001002 resp=0 t=1577145 ns
MON M01.AR  addr=0x04            t=1577595 ns
MON M01.R   data=0x00001002 resp=0 t=1577615 ns
MON M01.AR  addr=0x04            t=1578065 ns
MON M01.R   data=0x00001002 resp=0 t=1578085 ns
MON M01.AR  addr=0x04            t=1578535 ns
MON M01.R   data=0x00001002 resp=0 t=1578555 ns
MON M01.AR  addr=0x04            t=1579005 ns
MON M01.R   data=0x00001002 resp=0 t=1579025 ns
MON M01.AR  addr=0x04            t=1579475 ns
MON M01.R   data=0x00001002 resp=0 t=1579495 ns
MON M01.AR  addr=0x04            t=1579945 ns
MON M01.R   data=0x00001002 resp=0 t=1579965 ns
MON M01.AR  addr=0x04            t=1580415 ns
MON M01.R   data=0x00001002 resp=0 t=1580435 ns
MON M01.AR  addr=0x04            t=1580885 ns
MON M01.R   data=0x00001002 resp=0 t=1580905 ns
MON M01.AR  addr=0x04            t=1581355 ns
MON M01.R   data=0x00001002 resp=0 t=1581375 ns
MON M01.AR  addr=0x04            t=1581825 ns
MON M01.R   data=0x00001002 resp=0 t=1581845 ns
MON M01.AR  addr=0x04            t=1582295 ns
MON M01.R   data=0x00001002 resp=0 t=1582315 ns
MON M01.AR  addr=0x04            t=1582765 ns
MON M01.R   data=0x00001002 resp=0 t=1582785 ns
MON M01.AR  addr=0x04            t=1583235 ns
MON M01.R   data=0x00001002 resp=0 t=1583255 ns
MON M01.AR  addr=0x04            t=1583705 ns
MON M01.R   data=0x00001002 resp=0 t=1583725 ns
MON M01.AR  addr=0x04            t=1584175 ns
MON M01.R   data=0x00001002 resp=0 t=1584195 ns
MON M01.AR  addr=0x04            t=1584645 ns
MON M01.R   data=0x00001002 resp=0 t=1584665 ns
MON M01.AR  addr=0x04            t=1585115 ns
MON M01.R   data=0x00001002 resp=0 t=1585135 ns
MON M01.AR  addr=0x04            t=1585585 ns
MON M01.R   data=0x00001002 resp=0 t=1585605 ns
MON M01.AR  addr=0x04            t=1586055 ns
MON M01.R   data=0x00001002 resp=0 t=1586075 ns
MON M01.AR  addr=0x04            t=1586525 ns
MON M01.R   data=0x00001002 resp=0 t=1586545 ns
MON M01.AR  addr=0x04            t=1586995 ns
MON M01.R   data=0x00001002 resp=0 t=1587015 ns
MON M01.AR  addr=0x04            t=1587465 ns
MON M01.R   data=0x00001002 resp=0 t=1587485 ns
MON M01.AR  addr=0x04            t=1587935 ns
MON M01.R   data=0x00001002 resp=0 t=1587955 ns
MON M01.AR  addr=0x04            t=1588405 ns
MON M01.R   data=0x00001002 resp=0 t=1588425 ns
MON M01.AR  addr=0x04            t=1588875 ns
MON M01.R   data=0x00001002 resp=0 t=1588895 ns
MON M01.AR  addr=0x04            t=1589345 ns
MON M01.R   data=0x00001002 resp=0 t=1589365 ns
MON M01.AR  addr=0x04            t=1589815 ns
MON M01.R   data=0x00001002 resp=0 t=1589835 ns
MON M01.AR  addr=0x04            t=1590285 ns
MON M01.R   data=0x00001002 resp=0 t=1590305 ns
MON M01.AR  addr=0x04            t=1590755 ns
MON M01.R   data=0x00001002 resp=0 t=1590775 ns
MON M01.AR  addr=0x04            t=1591225 ns
MON M01.R   data=0x00001002 resp=0 t=1591245 ns
MON M01.AR  addr=0x04            t=1591695 ns
MON M01.R   data=0x00001002 resp=0 t=1591715 ns
MON M01.AR  addr=0x04            t=1592165 ns
MON M01.R   data=0x00001002 resp=0 t=1592185 ns
MON M01.AR  addr=0x04            t=1592635 ns
MON M01.R   data=0x00001002 resp=0 t=1592655 ns
MON M01.AR  addr=0x04            t=1593105 ns
MON M01.R   data=0x00001002 resp=0 t=1593125 ns
MON M01.AR  addr=0x04            t=1593575 ns
MON M01.R   data=0x00001002 resp=0 t=1593595 ns
MON M01.AR  addr=0x04            t=1594045 ns
MON M01.R   data=0x00001002 resp=0 t=1594065 ns
MON M01.AR  addr=0x04            t=1594515 ns
MON M01.R   data=0x00001002 resp=0 t=1594535 ns
MON M01.AR  addr=0x04            t=1594985 ns
MON M01.R   data=0x00001002 resp=0 t=1595005 ns
MON M01.AR  addr=0x04            t=1595455 ns
MON M01.R   data=0x00001002 resp=0 t=1595475 ns
MON M01.AR  addr=0x04            t=1595925 ns
MON M01.R   data=0x00001002 resp=0 t=1595945 ns
MON M01.AR  addr=0x04            t=1596395 ns
MON M01.R   data=0x00001002 resp=0 t=1596415 ns
MON M01.AR  addr=0x04            t=1596865 ns
MON M01.R   data=0x00001002 resp=0 t=1596885 ns
MON M01.AR  addr=0x04            t=1597335 ns
MON M01.R   data=0x00001002 resp=0 t=1597355 ns
MON M01.AR  addr=0x04            t=1597805 ns
MON M01.R   data=0x00001002 resp=0 t=1597825 ns
MON M01.AR  addr=0x04            t=1598275 ns
MON M01.R   data=0x00001002 resp=0 t=1598295 ns
MON M01.AR  addr=0x04            t=1598745 ns
MON M01.R   data=0x00001002 resp=0 t=1598765 ns
MON M01.AR  addr=0x04            t=1599215 ns
MON M01.R   data=0x00001002 resp=0 t=1599235 ns
MON M01.AR  addr=0x04            t=1599685 ns
MON M01.R   data=0x00001002 resp=0 t=1599705 ns
MON M01.AR  addr=0x04            t=1600155 ns
MON M01.R   data=0x00001002 resp=0 t=1600175 ns
MON M01.AR  addr=0x04            t=1600625 ns
MON M01.R   data=0x00001002 resp=0 t=1600645 ns
MON M01.AR  addr=0x04            t=1601095 ns
MON M01.R   data=0x00001002 resp=0 t=1601115 ns
MON M01.AR  addr=0x04            t=1601565 ns
MON M01.R   data=0x00001002 resp=0 t=1601585 ns
MON M01.AR  addr=0x04            t=1602035 ns
MON M01.R   data=0x00001002 resp=0 t=1602055 ns
MON M01.AR  addr=0x04            t=1602505 ns
MON M01.R   data=0x00001002 resp=0 t=1602525 ns
MON M01.AR  addr=0x04            t=1602975 ns
MON M01.R   data=0x00001002 resp=0 t=1602995 ns
MON M01.AR  addr=0x04            t=1603445 ns
MON M01.R   data=0x00001002 resp=0 t=1603465 ns
MON M01.AR  addr=0x04            t=1603915 ns
MON M01.R   data=0x00001002 resp=0 t=1603935 ns
MON M01.AR  addr=0x04            t=1604385 ns
MON M01.R   data=0x00001002 resp=0 t=1604405 ns
MON M01.AR  addr=0x04            t=1604855 ns
MON M01.R   data=0x00001002 resp=0 t=1604875 ns
MON M01.AR  addr=0x04            t=1605325 ns
MON M01.R   data=0x00001002 resp=0 t=1605345 ns
MON M01.AR  addr=0x04            t=1605795 ns
MON M01.R   data=0x00001002 resp=0 t=1605815 ns
MON M01.AR  addr=0x04            t=1606265 ns
MON M01.R   data=0x00001002 resp=0 t=1606285 ns
MON M01.AR  addr=0x04            t=1606735 ns
MON M01.R   data=0x00001002 resp=0 t=1606755 ns
MON M01.AR  addr=0x04            t=1607205 ns
MON M01.R   data=0x00001002 resp=0 t=1607225 ns
MON M01.AR  addr=0x04            t=1607675 ns
MON M01.R   data=0x00001002 resp=0 t=1607695 ns
MON M01.AR  addr=0x04            t=1608145 ns
MON M01.R   data=0x00001002 resp=0 t=1608165 ns
MON M01.AR  addr=0x04            t=1608615 ns
MON M01.R   data=0x00001002 resp=0 t=1608635 ns
MON M01.AR  addr=0x04            t=1609085 ns
MON M01.R   data=0x00001002 resp=0 t=1609105 ns
MON M01.AR  addr=0x04            t=1609555 ns
MON M01.R   data=0x00001002 resp=0 t=1609575 ns
MON M01.AR  addr=0x04            t=1610025 ns
MON M01.R   data=0x00001002 resp=0 t=1610045 ns
MON M01.AR  addr=0x04            t=1610495 ns
MON M01.R   data=0x00001002 resp=0 t=1610515 ns
MON M01.AR  addr=0x04            t=1610965 ns
MON M01.R   data=0x00001002 resp=0 t=1610985 ns
MON M01.AR  addr=0x04            t=1611435 ns
MON M01.R   data=0x00001002 resp=0 t=1611455 ns
MON M01.AR  addr=0x04            t=1611905 ns
MON M01.R   data=0x00001002 resp=0 t=1611925 ns
MON M01.AR  addr=0x04            t=1612375 ns
MON M01.R   data=0x00001002 resp=0 t=1612395 ns
MON M01.AR  addr=0x04            t=1612845 ns
MON M01.R   data=0x00001002 resp=0 t=1612865 ns
MON M01.AR  addr=0x04            t=1613315 ns
MON M01.R   data=0x00001002 resp=0 t=1613335 ns
MON M01.AR  addr=0x04            t=1613785 ns
MON M01.R   data=0x00001002 resp=0 t=1613805 ns
MON M01.AR  addr=0x04            t=1614255 ns
MON M01.R   data=0x00001002 resp=0 t=1614275 ns
MON M01.AR  addr=0x04            t=1614725 ns
MON M01.R   data=0x00001002 resp=0 t=1614745 ns
MON M01.AR  addr=0x04            t=1615195 ns
MON M01.R   data=0x00001002 resp=0 t=1615215 ns
MON M01.AR  addr=0x04            t=1615665 ns
MON M01.R   data=0x00001002 resp=0 t=1615685 ns
MON M01.AR  addr=0x04            t=1616135 ns
MON M01.R   data=0x00001002 resp=0 t=1616155 ns
MON M01.AR  addr=0x04            t=1616605 ns
MON M01.R   data=0x00001002 resp=0 t=1616625 ns
MON M01.AR  addr=0x04            t=1617075 ns
MON M01.R   data=0x00001002 resp=0 t=1617095 ns
MON M01.AR  addr=0x04            t=1617545 ns
MON M01.R   data=0x00001002 resp=0 t=1617565 ns
MON M01.AR  addr=0x04            t=1618015 ns
MON M01.R   data=0x00001002 resp=0 t=1618035 ns
MON M01.AR  addr=0x04            t=1618485 ns
MON M01.R   data=0x00001002 resp=0 t=1618505 ns
MON M01.AR  addr=0x04            t=1618955 ns
MON M01.R   data=0x00001002 resp=0 t=1618975 ns
MON M01.AR  addr=0x04            t=1619425 ns
MON M01.R   data=0x00001002 resp=0 t=1619445 ns
MON M01.AR  addr=0x04            t=1619895 ns
MON M01.R   data=0x00001002 resp=0 t=1619915 ns
MON M01.AR  addr=0x04            t=1620365 ns
MON M01.R   data=0x00001002 resp=0 t=1620385 ns
MON M01.AR  addr=0x04            t=1620835 ns
MON M01.R   data=0x00001002 resp=0 t=1620855 ns
MON M01.AR  addr=0x04            t=1621305 ns
MON M01.R   data=0x00001002 resp=0 t=1621325 ns
MON M01.AR  addr=0x04            t=1621775 ns
MON M01.R   data=0x00001002 resp=0 t=1621795 ns
MON M01.AR  addr=0x04            t=1622245 ns
MON M01.R   data=0x00001002 resp=0 t=1622265 ns
MON M01.AR  addr=0x04            t=1622715 ns
MON M01.R   data=0x00001002 resp=0 t=1622735 ns
MON M01.AR  addr=0x04            t=1623185 ns
MON M01.R   data=0x00001002 resp=0 t=1623205 ns
MON M01.AR  addr=0x04            t=1623655 ns
MON M01.R   data=0x00001002 resp=0 t=1623675 ns
MON M01.AR  addr=0x04            t=1624125 ns
MON M01.R   data=0x00001002 resp=0 t=1624145 ns
MON M01.AR  addr=0x04            t=1624595 ns
MON M01.R   data=0x00001002 resp=0 t=1624615 ns
MON M01.AR  addr=0x04            t=1625065 ns
MON M01.R   data=0x00001002 resp=0 t=1625085 ns
MON M01.AR  addr=0x04            t=1625535 ns
MON M01.R   data=0x00001002 resp=0 t=1625555 ns
MON M01.AR  addr=0x04            t=1626005 ns
MON M01.R   data=0x00001002 resp=0 t=1626025 ns
MON M01.AR  addr=0x04            t=1626475 ns
MON M01.R   data=0x00001002 resp=0 t=1626495 ns
MON M01.AR  addr=0x04            t=1626945 ns
MON M01.R   data=0x00001002 resp=0 t=1626965 ns
MON M01.AR  addr=0x04            t=1627415 ns
MON M01.R   data=0x00001002 resp=0 t=1627435 ns
MON M01.AR  addr=0x04            t=1627885 ns
MON M01.R   data=0x00001002 resp=0 t=1627905 ns
MON M01.AR  addr=0x04            t=1628355 ns
MON M01.R   data=0x00001002 resp=0 t=1628375 ns
MON M01.AR  addr=0x04            t=1628825 ns
MON M01.R   data=0x00001002 resp=0 t=1628845 ns
MON M01.AR  addr=0x04            t=1629295 ns
MON M01.R   data=0x00001002 resp=0 t=1629315 ns
MON M01.AR  addr=0x04            t=1629765 ns
MON M01.R   data=0x00001002 resp=0 t=1629785 ns
MON M01.AR  addr=0x04            t=1630235 ns
MON M01.R   data=0x00001002 resp=0 t=1630255 ns
MON M01.AR  addr=0x04            t=1630705 ns
MON M01.R   data=0x00001002 resp=0 t=1630725 ns
MON M01.AR  addr=0x04            t=1631175 ns
MON M01.R   data=0x00001002 resp=0 t=1631195 ns
MON M01.AR  addr=0x04            t=1631645 ns
MON M01.R   data=0x00001002 resp=0 t=1631665 ns
MON M01.AR  addr=0x04            t=1632115 ns
MON M01.R   data=0x00001002 resp=0 t=1632135 ns
MON M01.AR  addr=0x04            t=1632585 ns
MON M01.R   data=0x00001002 resp=0 t=1632605 ns
MON M01.AR  addr=0x04            t=1633055 ns
MON M01.R   data=0x00001002 resp=0 t=1633075 ns
MON M01.AR  addr=0x04            t=1633525 ns
MON M01.R   data=0x00001002 resp=0 t=1633545 ns
MON M01.AR  addr=0x04            t=1633995 ns
MON M01.R   data=0x00001002 resp=0 t=1634015 ns
MON M01.AR  addr=0x04            t=1634465 ns
MON M01.R   data=0x00001002 resp=0 t=1634485 ns
MON M01.AR  addr=0x04            t=1634935 ns
MON M01.R   data=0x00001002 resp=0 t=1634955 ns
MON M01.AR  addr=0x04            t=1635405 ns
MON M01.R   data=0x00001002 resp=0 t=1635425 ns
MON M01.AR  addr=0x04            t=1635875 ns
MON M01.R   data=0x00001002 resp=0 t=1635895 ns
MON M01.AR  addr=0x04            t=1636345 ns
MON M01.R   data=0x00001002 resp=0 t=1636365 ns
MON M01.AR  addr=0x04            t=1636815 ns
MON M01.R   data=0x00001002 resp=0 t=1636835 ns
MON M01.AR  addr=0x04            t=1637285 ns
MON M01.R   data=0x00001002 resp=0 t=1637305 ns
MON M01.AR  addr=0x04            t=1637755 ns
MON M01.R   data=0x00001002 resp=0 t=1637775 ns
MON M01.AR  addr=0x04            t=1638225 ns
MON M01.R   data=0x00001002 resp=0 t=1638245 ns
MON M01.AR  addr=0x04            t=1638695 ns
MON M01.R   data=0x00001002 resp=0 t=1638715 ns
MON M01.AR  addr=0x04            t=1639165 ns
MON M01.R   data=0x00001002 resp=0 t=1639185 ns
MON M01.AR  addr=0x04            t=1639635 ns
MON M01.R   data=0x00001002 resp=0 t=1639655 ns
MON M01.AR  addr=0x04            t=1640105 ns
MON M01.R   data=0x00001002 resp=0 t=1640125 ns
MON M01.AR  addr=0x04            t=1640575 ns
MON M01.R   data=0x00001002 resp=0 t=1640595 ns
MON M01.AR  addr=0x04            t=1641045 ns
MON M01.R   data=0x00001002 resp=0 t=1641065 ns
MON M01.AR  addr=0x04            t=1641515 ns
MON M01.R   data=0x00001002 resp=0 t=1641535 ns
MON M01.AR  addr=0x04            t=1641985 ns
MON M01.R   data=0x00001002 resp=0 t=1642005 ns
MON M01.AR  addr=0x04            t=1642455 ns
MON M01.R   data=0x00001002 resp=0 t=1642475 ns
MON M01.AR  addr=0x04            t=1642925 ns
MON M01.R   data=0x00001002 resp=0 t=1642945 ns
MON M01.AR  addr=0x04            t=1643395 ns
MON M01.R   data=0x00001002 resp=0 t=1643415 ns
MON M01.AR  addr=0x04            t=1643865 ns
MON M01.R   data=0x00001002 resp=0 t=1643885 ns
MON M01.AR  addr=0x04            t=1644335 ns
MON M01.R   data=0x00001002 resp=0 t=1644355 ns
MON M01.AR  addr=0x04            t=1644805 ns
MON M01.R   data=0x00001002 resp=0 t=1644825 ns
MON M01.AR  addr=0x04            t=1645275 ns
MON M01.R   data=0x00001002 resp=0 t=1645295 ns
MON M01.AR  addr=0x04            t=1645745 ns
MON M01.R   data=0x00001002 resp=0 t=1645765 ns
MON M01.AR  addr=0x04            t=1646215 ns
MON M01.R   data=0x00001002 resp=0 t=1646235 ns
MON M01.AR  addr=0x04            t=1646685 ns
MON M01.R   data=0x00001002 resp=0 t=1646705 ns
MON M01.AR  addr=0x04            t=1647155 ns
MON M01.R   data=0x00001002 resp=0 t=1647175 ns
MON M01.AR  addr=0x04            t=1647625 ns
MON M01.R   data=0x00001002 resp=0 t=1647645 ns
MON M01.AR  addr=0x04            t=1648095 ns
MON M01.R   data=0x00001002 resp=0 t=1648115 ns
MON M01.AR  addr=0x04            t=1648565 ns
MON M01.R   data=0x00001002 resp=0 t=1648585 ns
MON M01.AR  addr=0x04            t=1649035 ns
MON M01.R   data=0x00001002 resp=0 t=1649055 ns
MON M01.AR  addr=0x04            t=1649505 ns
MON M01.R   data=0x00001002 resp=0 t=1649525 ns
MON M01.AR  addr=0x04            t=1649975 ns
MON M01.R   data=0x00001002 resp=0 t=1649995 ns
MON M01.AR  addr=0x04            t=1650445 ns
MON M01.R   data=0x00001002 resp=0 t=1650465 ns
MON M01.AR  addr=0x04            t=1650915 ns
MON M01.R   data=0x00001002 resp=0 t=1650935 ns
MON M01.AR  addr=0x04            t=1651385 ns
MON M01.R   data=0x00001002 resp=0 t=1651405 ns
MON M01.AR  addr=0x04            t=1651855 ns
MON M01.R   data=0x00001002 resp=0 t=1651875 ns
MON M01.AR  addr=0x04            t=1652325 ns
MON M01.R   data=0x00001002 resp=0 t=1652345 ns
MON M01.AR  addr=0x04            t=1652795 ns
MON M01.R   data=0x00001002 resp=0 t=1652815 ns
MON M01.AR  addr=0x04            t=1653265 ns
MON M01.R   data=0x00001002 resp=0 t=1653285 ns
MON M01.AR  addr=0x04            t=1653735 ns
MON M01.R   data=0x00001002 resp=0 t=1653755 ns
MON M01.AR  addr=0x04            t=1654205 ns
MON M01.R   data=0x00001002 resp=0 t=1654225 ns
MON M01.AR  addr=0x04            t=1654675 ns
MON M01.R   data=0x00001002 resp=0 t=1654695 ns
MON M01.AR  addr=0x04            t=1655145 ns
MON M01.R   data=0x00001002 resp=0 t=1655165 ns
MON M01.AR  addr=0x04            t=1655615 ns
MON M01.R   data=0x00001002 resp=0 t=1655635 ns
MON M01.AR  addr=0x04            t=1656085 ns
MON M01.R   data=0x00001002 resp=0 t=1656105 ns
MON M01.AR  addr=0x04            t=1656555 ns
MON M01.R   data=0x00001002 resp=0 t=1656575 ns
MON M01.AR  addr=0x04            t=1657025 ns
MON M01.R   data=0x00001002 resp=0 t=1657045 ns
MON M01.AR  addr=0x04            t=1657495 ns
MON M01.R   data=0x00001002 resp=0 t=1657515 ns
MON M01.AR  addr=0x04            t=1657965 ns
MON M01.R   data=0x00001002 resp=0 t=1657985 ns
MON M01.AR  addr=0x04            t=1658435 ns
MON M01.R   data=0x00001002 resp=0 t=1658455 ns
MON M01.AR  addr=0x04            t=1658905 ns
MON M01.R   data=0x00001002 resp=0 t=1658925 ns
MON M01.AR  addr=0x04            t=1659375 ns
MON M01.R   data=0x00001002 resp=0 t=1659395 ns
MON M01.AR  addr=0x04            t=1659845 ns
MON M01.R   data=0x00001002 resp=0 t=1659865 ns
MON M01.AR  addr=0x04            t=1660315 ns
MON M01.R   data=0x00001002 resp=0 t=1660335 ns
MON M01.AR  addr=0x04            t=1660785 ns
MON M01.R   data=0x00001002 resp=0 t=1660805 ns
MON M01.AR  addr=0x04            t=1661255 ns
MON M01.R   data=0x00001002 resp=0 t=1661275 ns
MON M01.AR  addr=0x04            t=1661725 ns
MON M01.R   data=0x00001002 resp=0 t=1661745 ns
MON M01.AR  addr=0x04            t=1662195 ns
MON M01.R   data=0x00001002 resp=0 t=1662215 ns
MON M01.AR  addr=0x04            t=1662665 ns
MON M01.R   data=0x00001002 resp=0 t=1662685 ns
MON M01.AR  addr=0x04            t=1663135 ns
MON M01.R   data=0x00001002 resp=0 t=1663155 ns
MON M01.AR  addr=0x04            t=1663605 ns
MON M01.R   data=0x00001002 resp=0 t=1663625 ns
MON M01.AR  addr=0x04            t=1664075 ns
MON M01.R   data=0x00001002 resp=0 t=1664095 ns
MON M01.AR  addr=0x04            t=1664545 ns
MON M01.R   data=0x00001002 resp=0 t=1664565 ns
MON M01.AR  addr=0x04            t=1665015 ns
MON M01.R   data=0x00001002 resp=0 t=1665035 ns
MON M01.AR  addr=0x04            t=1665485 ns
MON M01.R   data=0x00001002 resp=0 t=1665505 ns
MON M01.AR  addr=0x04            t=1665955 ns
MON M01.R   data=0x00001002 resp=0 t=1665975 ns
MON M01.AR  addr=0x04            t=1666425 ns
MON M01.R   data=0x00001002 resp=0 t=1666445 ns
MON M01.AR  addr=0x04            t=1666895 ns
MON M01.R   data=0x00001002 resp=0 t=1666915 ns
MON M01.AR  addr=0x04            t=1667365 ns
MON M01.R   data=0x00001002 resp=0 t=1667385 ns
MON M01.AR  addr=0x04            t=1667835 ns
MON M01.R   data=0x00001002 resp=0 t=1667855 ns
MON M01.AR  addr=0x04            t=1668305 ns
MON M01.R   data=0x00001002 resp=0 t=1668325 ns
MON M01.AR  addr=0x04            t=1668775 ns
MON M01.R   data=0x00001002 resp=0 t=1668795 ns
MON M01.AR  addr=0x04            t=1669245 ns
MON M01.R   data=0x00001002 resp=0 t=1669265 ns
MON M01.AR  addr=0x04            t=1669715 ns
MON M01.R   data=0x00001002 resp=0 t=1669735 ns
MON M01.AR  addr=0x04            t=1670185 ns
MON M01.R   data=0x00001002 resp=0 t=1670205 ns
MON M01.AR  addr=0x04            t=1670655 ns
MON M01.R   data=0x00001002 resp=0 t=1670675 ns
MON M01.AR  addr=0x04            t=1671125 ns
MON M01.R   data=0x00001002 resp=0 t=1671145 ns
MON M01.AR  addr=0x04            t=1671595 ns
MON M01.R   data=0x00001002 resp=0 t=1671615 ns
MON M01.AR  addr=0x04            t=1672065 ns
MON M01.R   data=0x00001002 resp=0 t=1672085 ns
MON M01.AR  addr=0x04            t=1672535 ns
MON M01.R   data=0x00001002 resp=0 t=1672555 ns
MON M01.AR  addr=0x04            t=1673005 ns
MON M01.R   data=0x00001002 resp=0 t=1673025 ns
MON M01.AR  addr=0x04            t=1673475 ns
MON M01.R   data=0x00001002 resp=0 t=1673495 ns
MON M01.AR  addr=0x04            t=1673945 ns
MON M01.R   data=0x00001002 resp=0 t=1673965 ns
MON M01.AR  addr=0x04            t=1674415 ns
MON M01.R   data=0x00001002 resp=0 t=1674435 ns
MON M01.AR  addr=0x04            t=1674885 ns
MON M01.R   data=0x00001002 resp=0 t=1674905 ns
MON M01.AR  addr=0x04            t=1675355 ns
MON M01.R   data=0x00001002 resp=0 t=1675375 ns
MON M01.AR  addr=0x04            t=1675825 ns
MON M01.R   data=0x00001002 resp=0 t=1675845 ns
MON M01.AR  addr=0x04            t=1676295 ns
MON M01.R   data=0x00001002 resp=0 t=1676315 ns
MON M01.AR  addr=0x04            t=1676765 ns
MON M01.R   data=0x00001002 resp=0 t=1676785 ns
MON M01.AR  addr=0x04            t=1677235 ns
MON M01.R   data=0x00001002 resp=0 t=1677255 ns
MON M01.AR  addr=0x04            t=1677705 ns
MON M01.R   data=0x00001002 resp=0 t=1677725 ns
MON M01.AR  addr=0x04            t=1678175 ns
MON M01.R   data=0x00001002 resp=0 t=1678195 ns
MON M01.AR  addr=0x04            t=1678645 ns
MON M01.R   data=0x00001002 resp=0 t=1678665 ns
MON M01.AR  addr=0x04            t=1679115 ns
MON M01.R   data=0x00001002 resp=0 t=1679135 ns
MON M01.AR  addr=0x04            t=1679585 ns
MON M01.R   data=0x00001002 resp=0 t=1679605 ns
MON M01.AR  addr=0x04            t=1680055 ns
MON M01.R   data=0x00001002 resp=0 t=1680075 ns
MON M01.AR  addr=0x04            t=1680525 ns
MON M01.R   data=0x00001002 resp=0 t=1680545 ns
MON M01.AR  addr=0x04            t=1680995 ns
MON M01.R   data=0x00001002 resp=0 t=1681015 ns
MON M01.AR  addr=0x04            t=1681465 ns
MON M01.R   data=0x00001002 resp=0 t=1681485 ns
MON M01.AR  addr=0x04            t=1681935 ns
MON M01.R   data=0x00001002 resp=0 t=1681955 ns
MON M01.AR  addr=0x04            t=1682405 ns
MON M01.R   data=0x00001002 resp=0 t=1682425 ns
MON M01.AR  addr=0x04            t=1682875 ns
MON M01.R   data=0x00001002 resp=0 t=1682895 ns
MON M01.AR  addr=0x04            t=1683345 ns
MON M01.R   data=0x00001002 resp=0 t=1683365 ns
MON M01.AR  addr=0x04            t=1683815 ns
MON M01.R   data=0x00001002 resp=0 t=1683835 ns
MON M01.AR  addr=0x04            t=1684285 ns
MON M01.R   data=0x00001002 resp=0 t=1684305 ns
MON M01.AR  addr=0x04            t=1684755 ns
MON M01.R   data=0x00001002 resp=0 t=1684775 ns
MON M01.AR  addr=0x04            t=1685225 ns
MON M01.R   data=0x00001002 resp=0 t=1685245 ns
MON M01.AR  addr=0x04            t=1685695 ns
MON M01.R   data=0x00001002 resp=0 t=1685715 ns
MON M01.AR  addr=0x04            t=1686165 ns
MON M01.R   data=0x00001002 resp=0 t=1686185 ns
MON M01.AR  addr=0x04            t=1686635 ns
MON M01.R   data=0x00001002 resp=0 t=1686655 ns
MON M01.AR  addr=0x04            t=1687105 ns
MON M01.R   data=0x00001002 resp=0 t=1687125 ns
MON M01.AR  addr=0x04            t=1687575 ns
MON M01.R   data=0x00001002 resp=0 t=1687595 ns
MON M01.AR  addr=0x04            t=1688045 ns
MON M01.R   data=0x00001002 resp=0 t=1688065 ns
MON M01.AR  addr=0x04            t=1688515 ns
MON M01.R   data=0x00001002 resp=0 t=1688535 ns
MON M01.AR  addr=0x04            t=1688985 ns
MON M01.R   data=0x00001002 resp=0 t=1689005 ns
MON M01.AR  addr=0x04            t=1689455 ns
MON M01.R   data=0x00001002 resp=0 t=1689475 ns
MON M01.AR  addr=0x04            t=1689925 ns
MON M01.R   data=0x00001002 resp=0 t=1689945 ns
MON M01.AR  addr=0x04            t=1690395 ns
MON M01.R   data=0x00001002 resp=0 t=1690415 ns
MON M01.AR  addr=0x04            t=1690865 ns
MON M01.R   data=0x00001002 resp=0 t=1690885 ns
MON M01.AR  addr=0x04            t=1691335 ns
MON M01.R   data=0x00001002 resp=0 t=1691355 ns
MON M01.AR  addr=0x04            t=1691805 ns
MON M01.R   data=0x00001002 resp=0 t=1691825 ns
MON M01.AR  addr=0x04            t=1692275 ns
MON M01.R   data=0x00001002 resp=0 t=1692295 ns
MON M01.AR  addr=0x04            t=1692745 ns
MON M01.R   data=0x00001002 resp=0 t=1692765 ns
MON M01.AR  addr=0x04            t=1693215 ns
MON M01.R   data=0x00001002 resp=0 t=1693235 ns
MON M01.AR  addr=0x04            t=1693685 ns
MON M01.R   data=0x00001002 resp=0 t=1693705 ns
MON M01.AR  addr=0x04            t=1694155 ns
MON M01.R   data=0x00001002 resp=0 t=1694175 ns
MON M01.AR  addr=0x04            t=1694625 ns
MON M01.R   data=0x00001002 resp=0 t=1694645 ns
MON M01.AR  addr=0x04            t=1695095 ns
MON M01.R   data=0x00001002 resp=0 t=1695115 ns
MON M01.AR  addr=0x04            t=1695565 ns
MON M01.R   data=0x00001002 resp=0 t=1695585 ns
MON M01.AR  addr=0x04            t=1696035 ns
MON M01.R   data=0x00001002 resp=0 t=1696055 ns
MON M01.AR  addr=0x04            t=1696505 ns
MON M01.R   data=0x00001002 resp=0 t=1696525 ns
MON M01.AR  addr=0x04            t=1696975 ns
MON M01.R   data=0x00001002 resp=0 t=1696995 ns
MON M01.AR  addr=0x04            t=1697445 ns
MON M01.R   data=0x00001002 resp=0 t=1697465 ns
MON M01.AR  addr=0x04            t=1697915 ns
MON M01.R   data=0x00001002 resp=0 t=1697935 ns
MON M01.AR  addr=0x04            t=1698385 ns
MON M01.R   data=0x00001002 resp=0 t=1698405 ns
MON M01.AR  addr=0x04            t=1698855 ns
MON M01.R   data=0x00001002 resp=0 t=1698875 ns
MON M01.AR  addr=0x04            t=1699325 ns
MON M01.R   data=0x00001002 resp=0 t=1699345 ns
MON M01.AR  addr=0x04            t=1699795 ns
MON M01.R   data=0x00001002 resp=0 t=1699815 ns
MON M01.AR  addr=0x04            t=1700265 ns
MON M01.R   data=0x00001002 resp=0 t=1700285 ns
MON M01.AR  addr=0x04            t=1700735 ns
MON M01.R   data=0x00001002 resp=0 t=1700755 ns
MON M01.AR  addr=0x04            t=1701205 ns
MON M01.R   data=0x00001002 resp=0 t=1701225 ns
MON M01.AR  addr=0x04            t=1701675 ns
MON M01.R   data=0x00001002 resp=0 t=1701695 ns
MON M01.AR  addr=0x04            t=1702145 ns
MON M01.R   data=0x00001002 resp=0 t=1702165 ns
MON M01.AR  addr=0x04            t=1702615 ns
MON M01.R   data=0x00001002 resp=0 t=1702635 ns
MON M01.AR  addr=0x04            t=1703085 ns
MON M01.R   data=0x00001002 resp=0 t=1703105 ns
MON M01.AR  addr=0x04            t=1703555 ns
MON M01.R   data=0x00001002 resp=0 t=1703575 ns
MON M01.AR  addr=0x04            t=1704025 ns
MON M01.R   data=0x00001002 resp=0 t=1704045 ns
MON M01.AR  addr=0x04            t=1704495 ns
MON M01.R   data=0x00001002 resp=0 t=1704515 ns
MON M01.AR  addr=0x04            t=1704965 ns
MON M01.R   data=0x00001002 resp=0 t=1704985 ns
MON M01.AR  addr=0x04            t=1705435 ns
MON M01.R   data=0x00001002 resp=0 t=1705455 ns
MON M01.AR  addr=0x04            t=1705905 ns
MON M01.R   data=0x00001002 resp=0 t=1705925 ns
MON M01.AR  addr=0x04            t=1706375 ns
MON M01.R   data=0x00001002 resp=0 t=1706395 ns
MON M01.AR  addr=0x04            t=1706845 ns
MON M01.R   data=0x00001002 resp=0 t=1706865 ns
MON M01.AR  addr=0x04            t=1707315 ns
MON M01.R   data=0x00001002 resp=0 t=1707335 ns
MON M01.AR  addr=0x04            t=1707785 ns
MON M01.R   data=0x00001002 resp=0 t=1707805 ns
MON M01.AR  addr=0x04            t=1708255 ns
MON M01.R   data=0x00001002 resp=0 t=1708275 ns
MON M01.AR  addr=0x04            t=1708725 ns
MON M01.R   data=0x00001002 resp=0 t=1708745 ns
MON M01.AR  addr=0x04            t=1709195 ns
MON M01.R   data=0x00001002 resp=0 t=1709215 ns
MON M01.AR  addr=0x04            t=1709665 ns
MON M01.R   data=0x00001002 resp=0 t=1709685 ns
MON M01.AR  addr=0x04            t=1710135 ns
MON M01.R   data=0x00001002 resp=0 t=1710155 ns
MON M01.AR  addr=0x04            t=1710605 ns
MON M01.R   data=0x00001002 resp=0 t=1710625 ns
MON M01.AR  addr=0x04            t=1711075 ns
MON M01.R   data=0x00001002 resp=0 t=1711095 ns
MON M01.AR  addr=0x04            t=1711545 ns
MON M01.R   data=0x00001002 resp=0 t=1711565 ns
MON M01.AR  addr=0x04            t=1712015 ns
MON M01.R   data=0x00001002 resp=0 t=1712035 ns
MON M01.AR  addr=0x04            t=1712485 ns
MON M01.R   data=0x00001002 resp=0 t=1712505 ns
MON M01.AR  addr=0x04            t=1712955 ns
MON M01.R   data=0x00001002 resp=0 t=1712975 ns
MON M01.AR  addr=0x04            t=1713425 ns
MON M01.R   data=0x00001002 resp=0 t=1713445 ns
MON M01.AR  addr=0x04            t=1713895 ns
MON M01.R   data=0x00001002 resp=0 t=1713915 ns
MON M01.AR  addr=0x04            t=1714365 ns
MON M01.R   data=0x00001002 resp=0 t=1714385 ns
MON M01.AR  addr=0x04            t=1714835 ns
MON M01.R   data=0x00001002 resp=0 t=1714855 ns
MON M01.AR  addr=0x04            t=1715305 ns
MON M01.R   data=0x00001002 resp=0 t=1715325 ns
MON M01.AR  addr=0x04            t=1715775 ns
MON M01.R   data=0x00001002 resp=0 t=1715795 ns
MON M01.AR  addr=0x04            t=1716245 ns
MON M01.R   data=0x00001002 resp=0 t=1716265 ns
MON M01.AR  addr=0x04            t=1716715 ns
MON M01.R   data=0x00001002 resp=0 t=1716735 ns
MON M01.AR  addr=0x04            t=1717185 ns
MON M01.R   data=0x00001002 resp=0 t=1717205 ns
MON M01.AR  addr=0x04            t=1717655 ns
MON M01.R   data=0x00001002 resp=0 t=1717675 ns
MON M01.AR  addr=0x04            t=1718125 ns
MON M01.R   data=0x00001002 resp=0 t=1718145 ns
MON M01.AR  addr=0x04            t=1718595 ns
MON M01.R   data=0x00001002 resp=0 t=1718615 ns
MON M01.AR  addr=0x04            t=1719065 ns
MON M01.R   data=0x00001002 resp=0 t=1719085 ns
MON M01.AR  addr=0x04            t=1719535 ns
MON M01.R   data=0x00001002 resp=0 t=1719555 ns
MON M01.AR  addr=0x04            t=1720005 ns
MON M01.R   data=0x00001002 resp=0 t=1720025 ns
MON M01.AR  addr=0x04            t=1720475 ns
MON M01.R   data=0x00001002 resp=0 t=1720495 ns
MON M01.AR  addr=0x04            t=1720945 ns
MON M01.R   data=0x00001002 resp=0 t=1720965 ns
MON M01.AR  addr=0x04            t=1721415 ns
MON M01.R   data=0x00001002 resp=0 t=1721435 ns
MON M01.AR  addr=0x04            t=1721885 ns
MON M01.R   data=0x00001002 resp=0 t=1721905 ns
MON M01.AR  addr=0x04            t=1722355 ns
MON M01.R   data=0x00001002 resp=0 t=1722375 ns
MON M01.AR  addr=0x04            t=1722825 ns
MON M01.R   data=0x00001002 resp=0 t=1722845 ns
MON M01.AR  addr=0x04            t=1723295 ns
MON M01.R   data=0x00001002 resp=0 t=1723315 ns
MON M01.AR  addr=0x04            t=1723765 ns
MON M01.R   data=0x00001002 resp=0 t=1723785 ns
MON M01.AR  addr=0x04            t=1724235 ns
MON M01.R   data=0x00001002 resp=0 t=1724255 ns
MON M01.AR  addr=0x04            t=1724705 ns
MON M01.R   data=0x00001002 resp=0 t=1724725 ns
MON M01.AR  addr=0x04            t=1725175 ns
MON M01.R   data=0x00001002 resp=0 t=1725195 ns
MON M01.AR  addr=0x04            t=1725645 ns
MON M01.R   data=0x00001002 resp=0 t=1725665 ns
MON M01.AR  addr=0x04            t=1726115 ns
MON M01.R   data=0x00001002 resp=0 t=1726135 ns
MON M01.AR  addr=0x04            t=1726585 ns
MON M01.R   data=0x00001002 resp=0 t=1726605 ns
MON M01.AR  addr=0x04            t=1727055 ns
MON M01.R   data=0x00001002 resp=0 t=1727075 ns
MON M01.AR  addr=0x04            t=1727525 ns
MON M01.R   data=0x00001002 resp=0 t=1727545 ns
MON M01.AR  addr=0x04            t=1727995 ns
MON M01.R   data=0x00001002 resp=0 t=1728015 ns
MON M01.AR  addr=0x04            t=1728465 ns
MON M01.R   data=0x00001002 resp=0 t=1728485 ns
MON M01.AR  addr=0x04            t=1728935 ns
MON M01.R   data=0x00001002 resp=0 t=1728955 ns
MON M01.AR  addr=0x04            t=1729405 ns
MON M01.R   data=0x00001002 resp=0 t=1729425 ns
MON M01.AR  addr=0x04            t=1729875 ns
MON M01.R   data=0x00001002 resp=0 t=1729895 ns
MON M01.AR  addr=0x04            t=1730345 ns
MON M01.R   data=0x00001002 resp=0 t=1730365 ns
MON M01.AR  addr=0x04            t=1730815 ns
MON M01.R   data=0x00001002 resp=0 t=1730835 ns
MON M01.AR  addr=0x04            t=1731285 ns
MON M01.R   data=0x00001002 resp=0 t=1731305 ns
MON M01.AR  addr=0x04            t=1731755 ns
MON M01.R   data=0x00001002 resp=0 t=1731775 ns
MON M01.AR  addr=0x04            t=1732225 ns
MON M01.R   data=0x00001002 resp=0 t=1732245 ns
MON M01.AR  addr=0x04            t=1732695 ns
MON M01.R   data=0x00001002 resp=0 t=1732715 ns
MON M01.AR  addr=0x04            t=1733165 ns
MON M01.R   data=0x00001002 resp=0 t=1733185 ns
MON M01.AR  addr=0x04            t=1733635 ns
MON M01.R   data=0x00001002 resp=0 t=1733655 ns
MON M01.AR  addr=0x04            t=1734105 ns
MON M01.R   data=0x00001002 resp=0 t=1734125 ns
MON M01.AR  addr=0x04            t=1734575 ns
MON M01.R   data=0x00001002 resp=0 t=1734595 ns
MON M01.AR  addr=0x04            t=1735045 ns
MON M01.R   data=0x00001002 resp=0 t=1735065 ns
MON M01.AR  addr=0x04            t=1735515 ns
MON M01.R   data=0x00001002 resp=0 t=1735535 ns
MON M01.AR  addr=0x04            t=1735985 ns
MON M01.R   data=0x00001002 resp=0 t=1736005 ns
MON M01.AR  addr=0x04            t=1736455 ns
MON M01.R   data=0x00001002 resp=0 t=1736475 ns
MON M01.AR  addr=0x04            t=1736925 ns
MON M01.R   data=0x00001002 resp=0 t=1736945 ns
MON M01.AR  addr=0x04            t=1737395 ns
MON M01.R   data=0x00001002 resp=0 t=1737415 ns
MON M01.AR  addr=0x04            t=1737865 ns
MON M01.R   data=0x00001002 resp=0 t=1737885 ns
MON M01.AR  addr=0x04            t=1738335 ns
MON M01.R   data=0x00001002 resp=0 t=1738355 ns
MON M01.AR  addr=0x04            t=1738805 ns
MON M01.R   data=0x00001002 resp=0 t=1738825 ns
MON M01.AR  addr=0x04            t=1739275 ns
MON M01.R   data=0x00001002 resp=0 t=1739295 ns
MON M01.AR  addr=0x04            t=1739745 ns
MON M01.R   data=0x00001002 resp=0 t=1739765 ns
MON M01.AR  addr=0x04            t=1740215 ns
MON M01.R   data=0x00001002 resp=0 t=1740235 ns
MON M01.AR  addr=0x04            t=1740685 ns
MON M01.R   data=0x00001002 resp=0 t=1740705 ns
MON M01.AR  addr=0x04            t=1741155 ns
MON M01.R   data=0x00001002 resp=0 t=1741175 ns
MON M01.AR  addr=0x04            t=1741625 ns
MON M01.R   data=0x00001002 resp=0 t=1741645 ns
MON M01.AR  addr=0x04            t=1742095 ns
MON M01.R   data=0x00001002 resp=0 t=1742115 ns
MON M01.AR  addr=0x04            t=1742565 ns
MON M01.R   data=0x00001002 resp=0 t=1742585 ns
MON M01.AR  addr=0x04            t=1743035 ns
MON M01.R   data=0x00001002 resp=0 t=1743055 ns
MON M01.AR  addr=0x04            t=1743505 ns
MON M01.R   data=0x00001002 resp=0 t=1743525 ns
MON M01.AR  addr=0x04            t=1743975 ns
MON M01.R   data=0x00001002 resp=0 t=1743995 ns
MON M01.AR  addr=0x04            t=1744445 ns
MON M01.R   data=0x00001002 resp=0 t=1744465 ns
MON M01.AR  addr=0x04            t=1744915 ns
MON M01.R   data=0x00001002 resp=0 t=1744935 ns
MON M01.AR  addr=0x04            t=1745385 ns
MON M01.R   data=0x00001002 resp=0 t=1745405 ns
MON M01.AR  addr=0x04            t=1745855 ns
MON M01.R   data=0x00001002 resp=0 t=1745875 ns
MON M01.AR  addr=0x04            t=1746325 ns
MON M01.R   data=0x00001002 resp=0 t=1746345 ns
MON M01.AR  addr=0x04            t=1746795 ns
MON M01.R   data=0x00001002 resp=0 t=1746815 ns
MON M01.AR  addr=0x04            t=1747265 ns
MON M01.R   data=0x00001002 resp=0 t=1747285 ns
MON M01.AR  addr=0x04            t=1747735 ns
MON M01.R   data=0x00001002 resp=0 t=1747755 ns
MON M01.AR  addr=0x04            t=1748205 ns
MON M01.R   data=0x00001002 resp=0 t=1748225 ns
MON M01.AR  addr=0x04            t=1748675 ns
MON M01.R   data=0x00001002 resp=0 t=1748695 ns
MON M01.AR  addr=0x04            t=1749145 ns
MON M01.R   data=0x00001002 resp=0 t=1749165 ns
MON M01.AR  addr=0x04            t=1749615 ns
MON M01.R   data=0x00001002 resp=0 t=1749635 ns
MON M01.AR  addr=0x04            t=1750085 ns
MON M01.R   data=0x00001002 resp=0 t=1750105 ns
MON M01.AR  addr=0x04            t=1750555 ns
MON M01.R   data=0x00001002 resp=0 t=1750575 ns
MON M01.AR  addr=0x04            t=1751025 ns
MON M01.R   data=0x00001002 resp=0 t=1751045 ns
MON M01.AR  addr=0x04            t=1751495 ns
MON M01.R   data=0x00001002 resp=0 t=1751515 ns
MON M01.AR  addr=0x04            t=1751965 ns
MON M01.R   data=0x00001002 resp=0 t=1751985 ns
MON M01.AR  addr=0x04            t=1752435 ns
MON M01.R   data=0x00001002 resp=0 t=1752455 ns
MON M01.AR  addr=0x04            t=1752905 ns
MON M01.R   data=0x00001002 resp=0 t=1752925 ns
MON M01.AR  addr=0x04            t=1753375 ns
MON M01.R   data=0x00001002 resp=0 t=1753395 ns
MON M01.AR  addr=0x04            t=1753845 ns
MON M01.R   data=0x00001002 resp=0 t=1753865 ns
MON M01.AR  addr=0x04            t=1754315 ns
MON M01.R   data=0x00001002 resp=0 t=1754335 ns
MON M01.AR  addr=0x04            t=1754785 ns
MON M01.R   data=0x00001002 resp=0 t=1754805 ns
MON M01.AR  addr=0x04            t=1755255 ns
MON M01.R   data=0x00001002 resp=0 t=1755275 ns
MON M01.AR  addr=0x04            t=1755725 ns
MON M01.R   data=0x00001002 resp=0 t=1755745 ns
MON M01.AR  addr=0x04            t=1756195 ns
MON M01.R   data=0x00001002 resp=0 t=1756215 ns
MON M01.AR  addr=0x04            t=1756665 ns
MON M01.R   data=0x00001002 resp=0 t=1756685 ns
MON M01.AR  addr=0x04            t=1757135 ns
MON M01.R   data=0x00001002 resp=0 t=1757155 ns
MON M01.AR  addr=0x04            t=1757605 ns
MON M01.R   data=0x00001002 resp=0 t=1757625 ns
MON M01.AR  addr=0x04            t=1758075 ns
MON M01.R   data=0x00001002 resp=0 t=1758095 ns
MON M01.AR  addr=0x04            t=1758545 ns
MON M01.R   data=0x00001002 resp=0 t=1758565 ns
MON M01.AR  addr=0x04            t=1759015 ns
MON M01.R   data=0x00001002 resp=0 t=1759035 ns
MON M01.AR  addr=0x04            t=1759485 ns
MON M01.R   data=0x00001002 resp=0 t=1759505 ns
MON M01.AR  addr=0x04            t=1759955 ns
MON M01.R   data=0x00001002 resp=0 t=1759975 ns
MON M01.AR  addr=0x04            t=1760425 ns
MON M01.R   data=0x00001002 resp=0 t=1760445 ns
MON M01.AR  addr=0x04            t=1760895 ns
MON M01.R   data=0x00001002 resp=0 t=1760915 ns
MON M01.AR  addr=0x04            t=1761365 ns
MON M01.R   data=0x00001002 resp=0 t=1761385 ns
MON M01.AR  addr=0x04            t=1761835 ns
MON M01.R   data=0x00001002 resp=0 t=1761855 ns
MON M01.AR  addr=0x04            t=1762305 ns
MON M01.R   data=0x00001002 resp=0 t=1762325 ns
MON M01.AR  addr=0x04            t=1762775 ns
MON M01.R   data=0x00001002 resp=0 t=1762795 ns
MON M01.AR  addr=0x04            t=1763245 ns
MON M01.R   data=0x00001002 resp=0 t=1763265 ns
MON M01.AR  addr=0x04            t=1763715 ns
MON M01.R   data=0x00001002 resp=0 t=1763735 ns
MON M01.AR  addr=0x04            t=1764185 ns
MON M01.R   data=0x00001002 resp=0 t=1764205 ns
MON M01.AR  addr=0x04            t=1764655 ns
MON M01.R   data=0x00001002 resp=0 t=1764675 ns
MON M01.AR  addr=0x04            t=1765125 ns
MON M01.R   data=0x00001002 resp=0 t=1765145 ns
MON M01.AR  addr=0x04            t=1765595 ns
MON M01.R   data=0x00001002 resp=0 t=1765615 ns
MON M01.AR  addr=0x04            t=1766065 ns
MON M01.R   data=0x00001002 resp=0 t=1766085 ns
MON M01.AR  addr=0x04            t=1766535 ns
MON M01.R   data=0x00001002 resp=0 t=1766555 ns
MON M01.AR  addr=0x04            t=1767005 ns
MON M01.R   data=0x00001002 resp=0 t=1767025 ns
MON M01.AR  addr=0x04            t=1767475 ns
MON M01.R   data=0x00001002 resp=0 t=1767495 ns
MON M01.AR  addr=0x04            t=1767945 ns
MON M01.R   data=0x00001002 resp=0 t=1767965 ns
MON M01.AR  addr=0x04            t=1768415 ns
MON M01.R   data=0x00001002 resp=0 t=1768435 ns
MON M01.AR  addr=0x04            t=1768885 ns
MON M01.R   data=0x00001002 resp=0 t=1768905 ns
MON M01.AR  addr=0x04            t=1769355 ns
MON M01.R   data=0x00001002 resp=0 t=1769375 ns
MON M01.AR  addr=0x04            t=1769825 ns
MON M01.R   data=0x00001002 resp=0 t=1769845 ns
MON M01.AR  addr=0x04            t=1770295 ns
MON M01.R   data=0x00001002 resp=0 t=1770315 ns
MON M01.AR  addr=0x04            t=1770765 ns
MON M01.R   data=0x00001002 resp=0 t=1770785 ns
MON M01.AR  addr=0x04            t=1771235 ns
MON M01.R   data=0x00001002 resp=0 t=1771255 ns
MON M01.AR  addr=0x04            t=1771705 ns
MON M01.R   data=0x00001002 resp=0 t=1771725 ns
MON M01.AR  addr=0x04            t=1772175 ns
MON M01.R   data=0x00001002 resp=0 t=1772195 ns
MON M01.AR  addr=0x04            t=1772645 ns
MON M01.R   data=0x00001002 resp=0 t=1772665 ns
MON M01.AR  addr=0x04            t=1773115 ns
MON M01.R   data=0x00001002 resp=0 t=1773135 ns
MON M01.AR  addr=0x04            t=1773585 ns
MON M01.R   data=0x00001002 resp=0 t=1773605 ns
MON M01.AR  addr=0x04            t=1774055 ns
MON M01.R   data=0x00001002 resp=0 t=1774075 ns
MON M01.AR  addr=0x04            t=1774525 ns
MON M01.R   data=0x00001002 resp=0 t=1774545 ns
MON M01.AR  addr=0x04            t=1774995 ns
MON M01.R   data=0x00001002 resp=0 t=1775015 ns
MON M01.AR  addr=0x04            t=1775465 ns
MON M01.R   data=0x00001002 resp=0 t=1775485 ns
MON M01.AR  addr=0x04            t=1775935 ns
MON M01.R   data=0x00001002 resp=0 t=1775955 ns
MON M01.AR  addr=0x04            t=1776405 ns
MON M01.R   data=0x00001002 resp=0 t=1776425 ns
MON M01.AR  addr=0x04            t=1776875 ns
MON M01.R   data=0x00001002 resp=0 t=1776895 ns
MON M01.AR  addr=0x04            t=1777345 ns
MON M01.R   data=0x00001002 resp=0 t=1777365 ns
MON M01.AR  addr=0x04            t=1777815 ns
MON M01.R   data=0x00001002 resp=0 t=1777835 ns
MON M01.AR  addr=0x04            t=1778285 ns
MON M01.R   data=0x00001002 resp=0 t=1778305 ns
MON M01.AR  addr=0x04            t=1778755 ns
MON M01.R   data=0x00001002 resp=0 t=1778775 ns
MON M01.AR  addr=0x04            t=1779225 ns
MON M01.R   data=0x00001002 resp=0 t=1779245 ns
MON M01.AR  addr=0x04            t=1779695 ns
MON M01.R   data=0x00001002 resp=0 t=1779715 ns
MON M01.AR  addr=0x04            t=1780165 ns
MON M01.R   data=0x00001002 resp=0 t=1780185 ns
MON M01.AR  addr=0x04            t=1780635 ns
MON M01.R   data=0x00001002 resp=0 t=1780655 ns
MON M01.AR  addr=0x04            t=1781105 ns
MON M01.R   data=0x00001002 resp=0 t=1781125 ns
MON M01.AR  addr=0x04            t=1781575 ns
MON M01.R   data=0x00001002 resp=0 t=1781595 ns
MON M01.AR  addr=0x04            t=1782045 ns
MON M01.R   data=0x00001002 resp=0 t=1782065 ns
MON M01.AR  addr=0x04            t=1782515 ns
MON M01.R   data=0x00001002 resp=0 t=1782535 ns
MON M01.AR  addr=0x04            t=1782985 ns
MON M01.R   data=0x00001002 resp=0 t=1783005 ns
MON M01.AR  addr=0x04            t=1783455 ns
MON M01.R   data=0x00001002 resp=0 t=1783475 ns
MON M01.AR  addr=0x04            t=1783925 ns
MON M01.R   data=0x00001002 resp=0 t=1783945 ns
MON M01.AR  addr=0x04            t=1784395 ns
MON M01.R   data=0x00001002 resp=0 t=1784415 ns
MON M01.AR  addr=0x04            t=1784865 ns
MON M01.R   data=0x00001002 resp=0 t=1784885 ns
MON M01.AR  addr=0x04            t=1785335 ns
MON M01.R   data=0x00001002 resp=0 t=1785355 ns
MON M01.AR  addr=0x04            t=1785805 ns
MON M01.R   data=0x00001002 resp=0 t=1785825 ns
MON M01.AR  addr=0x04            t=1786275 ns
MON M01.R   data=0x00001002 resp=0 t=1786295 ns
MON M01.AR  addr=0x04            t=1786745 ns
MON M01.R   data=0x00001002 resp=0 t=1786765 ns
MON M01.AR  addr=0x04            t=1787215 ns
MON M01.R   data=0x00001002 resp=0 t=1787235 ns
MON M01.AR  addr=0x04            t=1787685 ns
MON M01.R   data=0x00001002 resp=0 t=1787705 ns
MON M01.AR  addr=0x04            t=1788155 ns
MON M01.R   data=0x00001002 resp=0 t=1788175 ns
MON M01.AR  addr=0x04            t=1788625 ns
MON M01.R   data=0x00001002 resp=0 t=1788645 ns
MON M01.AR  addr=0x04            t=1789095 ns
MON M01.R   data=0x00001002 resp=0 t=1789115 ns
MON M01.AR  addr=0x04            t=1789565 ns
MON M01.R   data=0x00001002 resp=0 t=1789585 ns
MON M01.AR  addr=0x04            t=1790035 ns
MON M01.R   data=0x00001002 resp=0 t=1790055 ns
MON M01.AR  addr=0x04            t=1790505 ns
MON M01.R   data=0x00001002 resp=0 t=1790525 ns
MON M01.AR  addr=0x04            t=1790975 ns
MON M01.R   data=0x00001002 resp=0 t=1790995 ns
MON M01.AR  addr=0x04            t=1791445 ns
MON M01.R   data=0x00001002 resp=0 t=1791465 ns
MON M01.AR  addr=0x04            t=1791915 ns
MON M01.R   data=0x00001002 resp=0 t=1791935 ns
MON M01.AR  addr=0x04            t=1792385 ns
MON M01.R   data=0x00001002 resp=0 t=1792405 ns
MON M01.AR  addr=0x04            t=1792855 ns
MON M01.R   data=0x00001002 resp=0 t=1792875 ns
MON M01.AR  addr=0x04            t=1793325 ns
MON M01.R   data=0x00001002 resp=0 t=1793345 ns
MON M01.AR  addr=0x04            t=1793795 ns
MON M01.R   data=0x00001002 resp=0 t=1793815 ns
MON M01.AR  addr=0x04            t=1794265 ns
MON M01.R   data=0x00001002 resp=0 t=1794285 ns
MON M01.AR  addr=0x04            t=1794735 ns
MON M01.R   data=0x00001002 resp=0 t=1794755 ns
MON M01.AR  addr=0x04            t=1795205 ns
MON M01.R   data=0x00001002 resp=0 t=1795225 ns
MON M01.AR  addr=0x04            t=1795675 ns
MON M01.R   data=0x00001002 resp=0 t=1795695 ns
MON M01.AR  addr=0x04            t=1796145 ns
MON M01.R   data=0x00001002 resp=0 t=1796165 ns
MON M01.AR  addr=0x04            t=1796615 ns
MON M01.R   data=0x00001002 resp=0 t=1796635 ns
MON M01.AR  addr=0x04            t=1797085 ns
MON M01.R   data=0x00001002 resp=0 t=1797105 ns
MON M01.AR  addr=0x04            t=1797555 ns
MON M01.R   data=0x00001002 resp=0 t=1797575 ns
MON M01.AR  addr=0x04            t=1798025 ns
MON M01.R   data=0x00001002 resp=0 t=1798045 ns
MON M01.AR  addr=0x04            t=1798495 ns
MON M01.R   data=0x00001002 resp=0 t=1798515 ns
MON M01.AR  addr=0x04            t=1798965 ns
MON M01.R   data=0x00001002 resp=0 t=1798985 ns
MON M01.AR  addr=0x04            t=1799435 ns
MON M01.R   data=0x00001002 resp=0 t=1799455 ns
MON M01.AR  addr=0x04            t=1799905 ns
MON M01.R   data=0x00001002 resp=0 t=1799925 ns
MON M01.AR  addr=0x04            t=1800375 ns
MON M01.R   data=0x00001002 resp=0 t=1800395 ns
MON M01.AR  addr=0x04            t=1800845 ns
MON M01.R   data=0x00001002 resp=0 t=1800865 ns
MON M01.AR  addr=0x04            t=1801315 ns
MON M01.R   data=0x00001002 resp=0 t=1801335 ns
MON M01.AR  addr=0x04            t=1801785 ns
MON M01.R   data=0x00001002 resp=0 t=1801805 ns
MON M01.AR  addr=0x04            t=1802255 ns
MON M01.R   data=0x00001002 resp=0 t=1802275 ns
MON M01.AR  addr=0x04            t=1802725 ns
MON M01.R   data=0x00001002 resp=0 t=1802745 ns
MON M01.AR  addr=0x04            t=1803195 ns
MON M01.R   data=0x00001002 resp=0 t=1803215 ns
MON M01.AR  addr=0x04            t=1803665 ns
MON M01.R   data=0x00001002 resp=0 t=1803685 ns
MON M01.AR  addr=0x04            t=1804135 ns
MON M01.R   data=0x00001002 resp=0 t=1804155 ns
MON M01.AR  addr=0x04            t=1804605 ns
MON M01.R   data=0x00001002 resp=0 t=1804625 ns
MON M01.AR  addr=0x04            t=1805075 ns
MON M01.R   data=0x00001002 resp=0 t=1805095 ns
MON M01.AR  addr=0x04            t=1805545 ns
MON M01.R   data=0x00001002 resp=0 t=1805565 ns
MON M01.AR  addr=0x04            t=1806015 ns
MON M01.R   data=0x00001002 resp=0 t=1806035 ns
MON M01.AR  addr=0x04            t=1806485 ns
MON M01.R   data=0x00001002 resp=0 t=1806505 ns
MON M01.AR  addr=0x04            t=1806955 ns
MON M01.R   data=0x00001002 resp=0 t=1806975 ns
MON M01.AR  addr=0x04            t=1807425 ns
MON M01.R   data=0x00001002 resp=0 t=1807445 ns
MON M01.AR  addr=0x04            t=1807895 ns
MON M01.R   data=0x00001002 resp=0 t=1807915 ns
MON M01.AR  addr=0x04            t=1808365 ns
MON M01.R   data=0x00001002 resp=0 t=1808385 ns
MON M01.AR  addr=0x04            t=1808835 ns
MON M01.R   data=0x00001002 resp=0 t=1808855 ns
MON M01.AR  addr=0x04            t=1809305 ns
MON M01.R   data=0x00001002 resp=0 t=1809325 ns
MON M01.AR  addr=0x04            t=1809775 ns
MON M01.R   data=0x00001002 resp=0 t=1809795 ns
MON M01.AR  addr=0x04            t=1810245 ns
MON M01.R   data=0x00001002 resp=0 t=1810265 ns
MON M01.AR  addr=0x04            t=1810715 ns
MON M01.R   data=0x00001002 resp=0 t=1810735 ns
MON M01.AR  addr=0x04            t=1811185 ns
MON M01.R   data=0x00001002 resp=0 t=1811205 ns
MON M01.AR  addr=0x04            t=1811655 ns
MON M01.R   data=0x00001002 resp=0 t=1811675 ns
MON M01.AR  addr=0x04            t=1812125 ns
MON M01.R   data=0x00001002 resp=0 t=1812145 ns
MON M01.AR  addr=0x04            t=1812595 ns
MON M01.R   data=0x00001002 resp=0 t=1812615 ns
MON M01.AR  addr=0x04            t=1813065 ns
MON M01.R   data=0x00001002 resp=0 t=1813085 ns
MON M01.AR  addr=0x04            t=1813535 ns
MON M01.R   data=0x00001002 resp=0 t=1813555 ns
MON M01.AR  addr=0x04            t=1814005 ns
MON M01.R   data=0x00001002 resp=0 t=1814025 ns
MON M01.AR  addr=0x04            t=1814475 ns
MON M01.R   data=0x00001002 resp=0 t=1814495 ns
MON M01.AR  addr=0x04            t=1814945 ns
MON M01.R   data=0x00001002 resp=0 t=1814965 ns
MON M01.AR  addr=0x04            t=1815415 ns
MON M01.R   data=0x00001002 resp=0 t=1815435 ns
MON M01.AR  addr=0x04            t=1815885 ns
MON M01.R   data=0x00001002 resp=0 t=1815905 ns
MON M01.AR  addr=0x04            t=1816355 ns
MON M01.R   data=0x00001002 resp=0 t=1816375 ns
MON M01.AR  addr=0x04            t=1816825 ns
MON M01.R   data=0x00001002 resp=0 t=1816845 ns
MON M01.AR  addr=0x04            t=1817295 ns
MON M01.R   data=0x00001002 resp=0 t=1817315 ns
MON M01.AR  addr=0x04            t=1817765 ns
MON M01.R   data=0x00001002 resp=0 t=1817785 ns
MON M01.AR  addr=0x04            t=1818235 ns
MON M01.R   data=0x00001002 resp=0 t=1818255 ns
MON M01.AR  addr=0x04            t=1818705 ns
MON M01.R   data=0x00001002 resp=0 t=1818725 ns
MON M01.AR  addr=0x04            t=1819175 ns
MON M01.R   data=0x00001002 resp=0 t=1819195 ns
MON M01.AR  addr=0x04            t=1819645 ns
MON M01.R   data=0x00001002 resp=0 t=1819665 ns
MON M01.AR  addr=0x04            t=1820115 ns
MON M01.R   data=0x00001002 resp=0 t=1820135 ns
MON M01.AR  addr=0x04            t=1820585 ns
MON M01.R   data=0x00001002 resp=0 t=1820605 ns
MON M01.AR  addr=0x04            t=1821055 ns
MON M01.R   data=0x00001002 resp=0 t=1821075 ns
MON M01.AR  addr=0x04            t=1821525 ns
MON M01.R   data=0x00001002 resp=0 t=1821545 ns
MON M01.AR  addr=0x04            t=1821995 ns
MON M01.R   data=0x00001002 resp=0 t=1822015 ns
MON M01.AR  addr=0x04            t=1822465 ns
MON M01.R   data=0x00001002 resp=0 t=1822485 ns
MON M01.AR  addr=0x04            t=1822935 ns
MON M01.R   data=0x00001002 resp=0 t=1822955 ns
MON M01.AR  addr=0x04            t=1823405 ns
MON M01.R   data=0x00001002 resp=0 t=1823425 ns
MON M01.AR  addr=0x04            t=1823875 ns
MON M01.R   data=0x00001002 resp=0 t=1823895 ns
MON M01.AR  addr=0x04            t=1824345 ns
MON M01.R   data=0x00001002 resp=0 t=1824365 ns
MON M01.AR  addr=0x04            t=1824815 ns
MON M01.R   data=0x00001002 resp=0 t=1824835 ns
MON M01.AR  addr=0x04            t=1825285 ns
MON M01.R   data=0x00001002 resp=0 t=1825305 ns
MON M01.AR  addr=0x04            t=1825755 ns
MON M01.R   data=0x00001002 resp=0 t=1825775 ns
MON M01.AR  addr=0x04            t=1826225 ns
MON M01.R   data=0x00001002 resp=0 t=1826245 ns
MON M01.AR  addr=0x04            t=1826695 ns
MON M01.R   data=0x00001002 resp=0 t=1826715 ns
MON M01.AR  addr=0x04            t=1827165 ns
MON M01.R   data=0x00001002 resp=0 t=1827185 ns
MON M01.AR  addr=0x04            t=1827635 ns
MON M01.R   data=0x00001002 resp=0 t=1827655 ns
MON M01.AR  addr=0x04            t=1828105 ns
MON M01.R   data=0x00001002 resp=0 t=1828125 ns
MON M01.AR  addr=0x04            t=1828575 ns
MON M01.R   data=0x00001002 resp=0 t=1828595 ns
MON M01.AR  addr=0x04            t=1829045 ns
MON M01.R   data=0x00001002 resp=0 t=1829065 ns
MON M01.AR  addr=0x04            t=1829515 ns
MON M01.R   data=0x00001002 resp=0 t=1829535 ns
MON M01.AR  addr=0x04            t=1829985 ns
MON M01.R   data=0x00001002 resp=0 t=1830005 ns
MON M01.AR  addr=0x04            t=1830455 ns
MON M01.R   data=0x00001002 resp=0 t=1830475 ns
MON M01.AR  addr=0x04            t=1830925 ns
MON M01.R   data=0x00001002 resp=0 t=1830945 ns
MON M01.AR  addr=0x04            t=1831395 ns
MON M01.R   data=0x00001002 resp=0 t=1831415 ns
MON M01.AR  addr=0x04            t=1831865 ns
MON M01.R   data=0x00001002 resp=0 t=1831885 ns
MON M01.AR  addr=0x04            t=1832335 ns
MON M01.R   data=0x00001002 resp=0 t=1832355 ns
MON M01.AR  addr=0x04            t=1832805 ns
MON M01.R   data=0x00001002 resp=0 t=1832825 ns
MON M01.AR  addr=0x04            t=1833275 ns
MON M01.R   data=0x00001002 resp=0 t=1833295 ns
MON M01.AR  addr=0x04            t=1833745 ns
MON M01.R   data=0x00001002 resp=0 t=1833765 ns
MON M01.AR  addr=0x04            t=1834215 ns
MON M01.R   data=0x00001002 resp=0 t=1834235 ns
MON M01.AR  addr=0x04            t=1834685 ns
MON M01.R   data=0x00001002 resp=0 t=1834705 ns
MON M01.AR  addr=0x04            t=1835155 ns
MON M01.R   data=0x00001002 resp=0 t=1835175 ns
MON M01.AR  addr=0x04            t=1835625 ns
MON M01.R   data=0x00001002 resp=0 t=1835645 ns
MON M01.AR  addr=0x04            t=1836095 ns
MON M01.R   data=0x00001002 resp=0 t=1836115 ns
MON M01.AR  addr=0x04            t=1836565 ns
MON M01.R   data=0x00001002 resp=0 t=1836585 ns
MON M01.AR  addr=0x04            t=1837035 ns
MON M01.R   data=0x00001002 resp=0 t=1837055 ns
MON M01.AR  addr=0x04            t=1837505 ns
MON M01.R   data=0x00001002 resp=0 t=1837525 ns
MON M01.AR  addr=0x04            t=1837975 ns
MON M01.R   data=0x00001002 resp=0 t=1837995 ns
MON M01.AR  addr=0x04            t=1838445 ns
MON M01.R   data=0x00001002 resp=0 t=1838465 ns
MON M01.AR  addr=0x04            t=1838915 ns
MON M01.R   data=0x00001002 resp=0 t=1838935 ns
MON M01.AR  addr=0x04            t=1839385 ns
MON M01.R   data=0x00001002 resp=0 t=1839405 ns
MON M01.AR  addr=0x04            t=1839855 ns
MON M01.R   data=0x00001002 resp=0 t=1839875 ns
MON M01.AR  addr=0x04            t=1840325 ns
MON M01.R   data=0x00001002 resp=0 t=1840345 ns
MON M01.AR  addr=0x04            t=1840795 ns
MON M01.R   data=0x00001002 resp=0 t=1840815 ns
MON M01.AR  addr=0x04            t=1841265 ns
MON M01.R   data=0x00001002 resp=0 t=1841285 ns
MON M01.AR  addr=0x04            t=1841735 ns
MON M01.R   data=0x00001002 resp=0 t=1841755 ns
MON M01.AR  addr=0x04            t=1842205 ns
MON M01.R   data=0x00001002 resp=0 t=1842225 ns
MON M01.AR  addr=0x04            t=1842675 ns
MON M01.R   data=0x00001002 resp=0 t=1842695 ns
MON M01.AR  addr=0x04            t=1843145 ns
MON M01.R   data=0x00001002 resp=0 t=1843165 ns
MON M01.AR  addr=0x04            t=1843615 ns
MON M01.R   data=0x00001002 resp=0 t=1843635 ns
MON M01.AR  addr=0x04            t=1844085 ns
MON M01.R   data=0x00001002 resp=0 t=1844105 ns
MON M01.AR  addr=0x04            t=1844555 ns
MON M01.R   data=0x00001002 resp=0 t=1844575 ns
MON M01.AR  addr=0x04            t=1845025 ns
MON M01.R   data=0x00001002 resp=0 t=1845045 ns
MON M01.AR  addr=0x04            t=1845495 ns
MON M01.R   data=0x00001002 resp=0 t=1845515 ns
MON M01.AR  addr=0x04            t=1845965 ns
MON M01.R   data=0x00001002 resp=0 t=1845985 ns
MON M01.AR  addr=0x04            t=1846435 ns
MON M01.R   data=0x00001002 resp=0 t=1846455 ns
MON M01.AR  addr=0x04            t=1846905 ns
MON M01.R   data=0x00001002 resp=0 t=1846925 ns
MON M01.AR  addr=0x04            t=1847375 ns
MON M01.R   data=0x00001002 resp=0 t=1847395 ns
MON M01.AR  addr=0x04            t=1847845 ns
MON M01.R   data=0x00001002 resp=0 t=1847865 ns
MON M01.AR  addr=0x04            t=1848315 ns
MON M01.R   data=0x00001002 resp=0 t=1848335 ns
MON M01.AR  addr=0x04            t=1848785 ns
MON M01.R   data=0x00001002 resp=0 t=1848805 ns
MON M01.AR  addr=0x04            t=1849255 ns
MON M01.R   data=0x00001002 resp=0 t=1849275 ns
MON M01.AR  addr=0x04            t=1849725 ns
MON M01.R   data=0x00001002 resp=0 t=1849745 ns
MON M01.AR  addr=0x04            t=1850195 ns
MON M01.R   data=0x00001002 resp=0 t=1850215 ns
MON M01.AR  addr=0x04            t=1850665 ns
MON M01.R   data=0x00001002 resp=0 t=1850685 ns
MON M01.AR  addr=0x04            t=1851135 ns
MON M01.R   data=0x00001002 resp=0 t=1851155 ns
MON M01.AR  addr=0x04            t=1851605 ns
MON M01.R   data=0x00001002 resp=0 t=1851625 ns
MON M01.AR  addr=0x04            t=1852075 ns
MON M01.R   data=0x00001002 resp=0 t=1852095 ns
MON M01.AR  addr=0x04            t=1852545 ns
MON M01.R   data=0x00001002 resp=0 t=1852565 ns
MON M01.AR  addr=0x04            t=1853015 ns
MON M01.R   data=0x00001002 resp=0 t=1853035 ns
MON M01.AR  addr=0x04            t=1853485 ns
MON M01.R   data=0x00001002 resp=0 t=1853505 ns
MON M01.AR  addr=0x04            t=1853955 ns
MON M01.R   data=0x00001002 resp=0 t=1853975 ns
MON M01.AR  addr=0x04            t=1854425 ns
MON M01.R   data=0x00001002 resp=0 t=1854445 ns
MON M01.AR  addr=0x04            t=1854895 ns
MON M01.R   data=0x00001002 resp=0 t=1854915 ns
MON M01.AR  addr=0x04            t=1855365 ns
MON M01.R   data=0x00001002 resp=0 t=1855385 ns
MON M01.AR  addr=0x04            t=1855835 ns
MON M01.R   data=0x00001002 resp=0 t=1855855 ns
MON M01.AR  addr=0x04            t=1856305 ns
MON M01.R   data=0x00001002 resp=0 t=1856325 ns
MON M01.AR  addr=0x04            t=1856775 ns
MON M01.R   data=0x00001002 resp=0 t=1856795 ns
MON M01.AR  addr=0x04            t=1857245 ns
MON M01.R   data=0x00001002 resp=0 t=1857265 ns
MON M01.AR  addr=0x04            t=1857715 ns
MON M01.R   data=0x00001002 resp=0 t=1857735 ns
MON M01.AR  addr=0x04            t=1858185 ns
MON M01.R   data=0x00001002 resp=0 t=1858205 ns
MON M01.AR  addr=0x04            t=1858655 ns
MON M01.R   data=0x00001002 resp=0 t=1858675 ns
MON M01.AR  addr=0x04            t=1859125 ns
MON M01.R   data=0x00001002 resp=0 t=1859145 ns
MON M01.AR  addr=0x04            t=1859595 ns
MON M01.R   data=0x00001002 resp=0 t=1859615 ns
MON M01.AR  addr=0x04            t=1860065 ns
MON M01.R   data=0x00001002 resp=0 t=1860085 ns
MON M01.AR  addr=0x04            t=1860535 ns
MON M01.R   data=0x00001002 resp=0 t=1860555 ns
MON M01.AR  addr=0x04            t=1861005 ns
MON M01.R   data=0x00001002 resp=0 t=1861025 ns
MON M01.AR  addr=0x04            t=1861475 ns
MON M01.R   data=0x00001002 resp=0 t=1861495 ns
MON M01.AR  addr=0x04            t=1861945 ns
MON M01.R   data=0x00001002 resp=0 t=1861965 ns
MON M01.AR  addr=0x04            t=1862415 ns
MON M01.R   data=0x00001002 resp=0 t=1862435 ns
MON M01.AR  addr=0x04            t=1862885 ns
MON M01.R   data=0x00001002 resp=0 t=1862905 ns
MON M01.AR  addr=0x04            t=1863355 ns
MON M01.R   data=0x00001002 resp=0 t=1863375 ns
MON M01.AR  addr=0x04            t=1863825 ns
MON M01.R   data=0x00001002 resp=0 t=1863845 ns
MON M01.AR  addr=0x04            t=1864295 ns
MON M01.R   data=0x00001002 resp=0 t=1864315 ns
MON M01.AR  addr=0x04            t=1864765 ns
MON M01.R   data=0x00001002 resp=0 t=1864785 ns
MON M01.AR  addr=0x04            t=1865235 ns
MON M01.R   data=0x00001002 resp=0 t=1865255 ns
MON M01.AR  addr=0x04            t=1865705 ns
MON M01.R   data=0x00001002 resp=0 t=1865725 ns
MON M01.AR  addr=0x04            t=1866175 ns
MON M01.R   data=0x00001002 resp=0 t=1866195 ns
MON M01.AR  addr=0x04            t=1866645 ns
MON M01.R   data=0x00001002 resp=0 t=1866665 ns
MON M01.AR  addr=0x04            t=1867115 ns
MON M01.R   data=0x00001002 resp=0 t=1867135 ns
MON M01.AR  addr=0x04            t=1867585 ns
MON M01.R   data=0x00001002 resp=0 t=1867605 ns
MON M01.AR  addr=0x04            t=1868055 ns
MON M01.R   data=0x00001002 resp=0 t=1868075 ns
MON M01.AR  addr=0x04            t=1868525 ns
MON M01.R   data=0x00001002 resp=0 t=1868545 ns
MON M01.AR  addr=0x04            t=1868995 ns
MON M01.R   data=0x00001002 resp=0 t=1869015 ns
MON M01.AR  addr=0x04            t=1869465 ns
MON M01.R   data=0x00001002 resp=0 t=1869485 ns
MON M01.AR  addr=0x04            t=1869935 ns
MON M01.R   data=0x00001002 resp=0 t=1869955 ns
MON M01.AR  addr=0x04            t=1870405 ns
MON M01.R   data=0x00001002 resp=0 t=1870425 ns
MON M01.AR  addr=0x04            t=1870875 ns
MON M01.R   data=0x00001002 resp=0 t=1870895 ns
MON M01.AR  addr=0x04            t=1871345 ns
MON M01.R   data=0x00001002 resp=0 t=1871365 ns
MON M01.AR  addr=0x04            t=1871815 ns
MON M01.R   data=0x00001002 resp=0 t=1871835 ns
MON M01.AR  addr=0x04            t=1872285 ns
MON M01.R   data=0x00001002 resp=0 t=1872305 ns
MON M01.AR  addr=0x04            t=1872755 ns
MON M01.R   data=0x00001002 resp=0 t=1872775 ns
MON M01.AR  addr=0x04            t=1873225 ns
MON M01.R   data=0x00001002 resp=0 t=1873245 ns
MON M01.AR  addr=0x04            t=1873695 ns
MON M01.R   data=0x00001002 resp=0 t=1873715 ns
MON M01.AR  addr=0x04            t=1874165 ns
MON M01.R   data=0x00001002 resp=0 t=1874185 ns
MON M01.AR  addr=0x04            t=1874635 ns
MON M01.R   data=0x00001002 resp=0 t=1874655 ns
MON M01.AR  addr=0x04            t=1875105 ns
MON M01.R   data=0x00001002 resp=0 t=1875125 ns
MON M01.AR  addr=0x04            t=1875575 ns
MON M01.R   data=0x00001002 resp=0 t=1875595 ns
MON M01.AR  addr=0x04            t=1876045 ns
MON M01.R   data=0x00001002 resp=0 t=1876065 ns
MON M01.AR  addr=0x04            t=1876515 ns
MON M01.R   data=0x00001002 resp=0 t=1876535 ns
MON M01.AR  addr=0x04            t=1876985 ns
MON M01.R   data=0x00001002 resp=0 t=1877005 ns
MON M01.AR  addr=0x04            t=1877455 ns
MON M01.R   data=0x00001002 resp=0 t=1877475 ns
MON M01.AR  addr=0x04            t=1877925 ns
MON M01.R   data=0x00001002 resp=0 t=1877945 ns
MON M01.AR  addr=0x04            t=1878395 ns
MON M01.R   data=0x00001002 resp=0 t=1878415 ns
MON M01.AR  addr=0x04            t=1878865 ns
MON M01.R   data=0x00001002 resp=0 t=1878885 ns
MON M01.AR  addr=0x04            t=1879335 ns
MON M01.R   data=0x00001002 resp=0 t=1879355 ns
MON M01.AR  addr=0x04            t=1879805 ns
MON M01.R   data=0x00001002 resp=0 t=1879825 ns
MON M01.AR  addr=0x04            t=1880275 ns
MON M01.R   data=0x00001002 resp=0 t=1880295 ns
MON M01.AR  addr=0x04            t=1880745 ns
MON M01.R   data=0x00001002 resp=0 t=1880765 ns
MON M01.AR  addr=0x04            t=1881215 ns
MON M01.R   data=0x00001002 resp=0 t=1881235 ns
MON M01.AR  addr=0x04            t=1881685 ns
MON M01.R   data=0x00001002 resp=0 t=1881705 ns
MON M01.AR  addr=0x04            t=1882155 ns
MON M01.R   data=0x00001002 resp=0 t=1882175 ns
MON M01.AR  addr=0x04            t=1882625 ns
MON M01.R   data=0x00001002 resp=0 t=1882645 ns
MON M01.AR  addr=0x04            t=1883095 ns
MON M01.R   data=0x00001002 resp=0 t=1883115 ns
MON M01.AR  addr=0x04            t=1883565 ns
MON M01.R   data=0x00001002 resp=0 t=1883585 ns
MON M01.AR  addr=0x04            t=1884035 ns
MON M01.R   data=0x00001002 resp=0 t=1884055 ns
MON M01.AR  addr=0x04            t=1884505 ns
MON M01.R   data=0x00001002 resp=0 t=1884525 ns
MON M01.AR  addr=0x04            t=1884975 ns
MON M01.R   data=0x00001002 resp=0 t=1884995 ns
MON M01.AR  addr=0x04            t=1885445 ns
MON M01.R   data=0x00001002 resp=0 t=1885465 ns
MON M01.AR  addr=0x04            t=1885915 ns
MON M01.R   data=0x00001002 resp=0 t=1885935 ns
MON M01.AR  addr=0x04            t=1886385 ns
MON M01.R   data=0x00001002 resp=0 t=1886405 ns
MON M01.AR  addr=0x04            t=1886855 ns
MON M01.R   data=0x00001002 resp=0 t=1886875 ns
MON M01.AR  addr=0x04            t=1887325 ns
MON M01.R   data=0x00001002 resp=0 t=1887345 ns
MON M01.AR  addr=0x04            t=1887795 ns
MON M01.R   data=0x00001002 resp=0 t=1887815 ns
MON M01.AR  addr=0x04            t=1888265 ns
MON M01.R   data=0x00001002 resp=0 t=1888285 ns
MON M01.AR  addr=0x04            t=1888735 ns
MON M01.R   data=0x00001002 resp=0 t=1888755 ns
MON M01.AR  addr=0x04            t=1889205 ns
MON M01.R   data=0x00001002 resp=0 t=1889225 ns
MON M01.AR  addr=0x04            t=1889675 ns
MON M01.R   data=0x00001002 resp=0 t=1889695 ns
MON M01.AR  addr=0x04            t=1890145 ns
MON M01.R   data=0x00001002 resp=0 t=1890165 ns
MON M01.AR  addr=0x04            t=1890615 ns
MON M01.R   data=0x00001002 resp=0 t=1890635 ns
PHASE_B: done=0 CDMASR=0x00000000 OCY=0 SPISR=0x00000021 TxEmpty=0
KEYHOLE_SIM: control (INCR) OCY=0 TxEmpty=0 CDMASR=0x00000000
KEYHOLE_SIM: DONE
Executing Axi4 End Of Simulation checks
Executing Axi4 End Of Simulation checks
$finish called at time : 1891625 ns : File "/home/jconway/spi-soc-research/hardware/sim/tb_keyhole.sv" Line 91
run: Time (s): cpu = 00:00:04 ; elapsed = 00:01:33 . Memory (MB): peak = 1966.266 ; gain = 0.000 ; free physical = 40267 ; free virtual = 52505
# puts "R6_SIMRUN: launch complete"
R6_SIMRUN: launch complete
INFO: xsimkernel Simulation Memory Usage: 439828 KB (Peak: 497168 KB), Simulation CPU Usage: 94710 ms
INFO: [Common 17-206] Exiting Vivado at Tue Aug  4 13:23:57 2026...
