#-----------------------------------------------------------
# Vivado v2025.1 (64-bit)
# SW Build 6140274 on Wed May 21 22:58:25 MDT 2025
# IP Build 6138677 on Thu May 22 03:10:11 MDT 2025
# SharedData Build 6139179 on Tue May 20 17:58:58 MDT 2025
# Start of session at: Mon Aug 10 11:06:03 2026
# Process ID         : 670826
# Current directory  : /tmp
# Command line       : vivado -mode batch -notrace -source /home/jconway/spi-soc-research/hardware/sim/run_keyhole_sim.tcl -log /home/jconway/spi-soc-research/hardware/logs/r6sim_1e_20260810_1106.log -journal /tmp/r6_1e.jou
# Log file           : /home/jconway/spi-soc-research/hardware/logs/r6sim_1e_20260810_1106.log
# Journal file       : /tmp/r6_1e.jou
# Running On         : stile.lps.umd.edu
# Platform           : Ubuntu
# Operating System   : Ubuntu 24.04.4 LTS
# Processor Detail   : Intel(R) Core(TM) i9-9900X CPU @ 3.50GHz
# CPU Frequency      : 3927.139 MHz
# CPU Physical cores : 10
# CPU Logical cores  : 20
# Host memory        : 50263 MB
# Swap memory        : 8589 MB
# Total Virtual      : 58853 MB
# Available Virtual  : 52905 MB
#-----------------------------------------------------------
source /home/jconway/spi-soc-research/hardware/sim/run_keyhole_sim.tcl -notrace
Wrote  : </tmp/r6_keyhole_sim/r6sim.srcs/sources_1/bd/sim_keyhole/sim_keyhole.bd> 
WARNING: [BD 41-721] Attempt to set value '0' on disabled parameter 'C_S_AXI4_ID_WIDTH' of cell '/axi_quad_spi_0' is ignored
R6_SIMBD: setv CONFIG.C_TYPE_OF_AXI4_INTERFACE = 1
R6_SIMBD: setv CONFIG.C_XIP_MODE = 0
R6_SIMBD: setv CONFIG.C_SPI_MODE = 0
R6_SIMBD: setv CONFIG.C_FIFO_DEPTH = 256
R6_SIMBD: setv CONFIG.C_SCK_RATIO = 16
R6_SIMBD: setv CONFIG.C_NUM_SS_BITS = 1
R6_SIMBD: setv CONFIG.NUM_SI = 2
R6_SIMBD: setv CONFIG.NUM_MI = 3
R6_SIMBD: setv CONFIG.M00_ISSUANCE = 1
Slave segment '/axi_quad_spi_0/aximm/MEM0' is being assigned into address space '/axi_vip_0/Master_AXI' at <0xA000_0000 [ 64K ]>.
Slave segment '/axi_cdma_0/S_AXI_LITE/Reg' is being assigned into address space '/axi_vip_0/Master_AXI' at <0xA001_0000 [ 64K ]>.
Slave segment '/axi_vip_1/S_AXI/Reg' is being assigned into address space '/axi_vip_0/Master_AXI' at <0x0000_0000 [ 64K ]>.
Slave segment '/axi_quad_spi_0/aximm/MEM0' is being assigned into address space '/axi_cdma_0/Data' at <0xA000_0000 [ 64K ]>.
Slave segment '/axi_vip_1/S_AXI/Reg' is being assigned into address space '/axi_cdma_0/Data' at <0x0000_0000 [ 64K ]>.
Excluding slave segment /axi_cdma_0/S_AXI_LITE/Reg from address space /axi_cdma_0/Data.
Excluding slave segment /axi_cdma_0/S_AXI_LITE/Reg from address space /axi_cdma_0/Data.
Excluding slave segment /axi_cdma_0/S_AXI_LITE/Reg from address space /axi_cdma_0/Data.
Excluding slave segment /axi_cdma_0/S_AXI_LITE/Reg from address space /axi_cdma_0/Data.
Excluding slave segment /axi_cdma_0/S_AXI_LITE/Reg from address space /axi_cdma_0/Data.
Excluding slave segment /axi_cdma_0/S_AXI_LITE/Reg from address space /axi_cdma_0/Data.
Excluding slave segment /axi_cdma_0/S_AXI_LITE/Reg from address space /axi_cdma_0/Data.
Excluding slave segment /axi_cdma_0/S_AXI_LITE/Reg from address space /axi_cdma_0/Data.
Excluding slave segment /axi_cdma_0/S_AXI_LITE/Reg from address space /axi_cdma_0/Data.
Excluding slave segment /axi_cdma_0/S_AXI_LITE/Reg from address space /axi_cdma_0/Data.
INFO: [xilinx.com:ip:axi_quad_spi:3.2-1] /axi_quad_spi_0 
			#################################################################################################
			INFO: AXI Quad SPI core's AXI4 Memory Mapped Clock and EXT SPI CLK are synchronous to each other.
			#################################################################################################
Wrote  : </tmp/r6_keyhole_sim/r6sim.srcs/sources_1/bd/sim_keyhole/sim_keyhole.bd> 
R6_SIMBD: sim_keyhole BD validated
INFO: [BD 41-1662] The design 'sim_keyhole.bd' is already validated. Therefore parameter propagation will not be re-run.
Verilog Output written to : /tmp/r6_keyhole_sim/r6sim.gen/sources_1/bd/sim_keyhole/synth/sim_keyhole.v
Verilog Output written to : /tmp/r6_keyhole_sim/r6sim.gen/sources_1/bd/sim_keyhole/sim/sim_keyhole.v
Verilog Output written to : /tmp/r6_keyhole_sim/r6sim.gen/sources_1/bd/sim_keyhole/hdl/sim_keyhole_wrapper.v
update_compile_order: Time (s): cpu = 00:00:05 ; elapsed = 00:00:05 . Memory (MB): peak = 1890.617 ; gain = 64.031 ; free physical = 26681 ; free virtual = 49744
Command: launch_simulation 
INFO: [Vivado 12-12493] Simulation top is 'tb_keyhole'
INFO: [BD 41-1662] The design 'sim_keyhole.bd' is already validated. Therefore parameter propagation will not be re-run.
Verilog Output written to : /tmp/r6_keyhole_sim/r6sim.gen/sources_1/bd/sim_keyhole/synth/sim_keyhole.v
Verilog Output written to : /tmp/r6_keyhole_sim/r6sim.gen/sources_1/bd/sim_keyhole/sim/sim_keyhole.v
Verilog Output written to : /tmp/r6_keyhole_sim/r6sim.gen/sources_1/bd/sim_keyhole/hdl/sim_keyhole_wrapper.v
INFO: [BD 41-1029] Generation completed for the IP Integrator block axi_vip_0 .
INFO: [BD 41-1029] Generation completed for the IP Integrator block axi_vip_1 .
INFO: [BD 41-1029] Generation completed for the IP Integrator block axi_cdma_0 .
INFO: [BD 41-1029] Generation completed for the IP Integrator block axi_quad_spi_0 .
INFO: [BD 41-1029] Generation completed for the IP Integrator block axi_ic_0/xbar .
INFO: [BD 41-1029] Generation completed for the IP Integrator block axi_ic_0/s00_couplers/auto_pc .
INFO: [BD 41-1029] Generation completed for the IP Integrator block axi_ic_0/m01_couplers/auto_pc .
Exporting to file /tmp/r6_keyhole_sim/r6sim.gen/sources_1/bd/sim_keyhole/hw_handoff/sim_keyhole.hwh
Generated Hardware Definition File /tmp/r6_keyhole_sim/r6sim.gen/sources_1/bd/sim_keyhole/synth/sim_keyhole.hwdef
INFO: [Vivado 12-5682] Launching behavioral simulation in '/tmp/r6_keyhole_sim/r6sim.sim/sim_1/behav/xsim'
INFO: [Vivado 12-13660] Precompiled IP simulation library mode is enabled (default). The design IP libraries will be referenced from the compiled library path. Please note that if the precompiled version of the library is not found from the path or the IP is in locked state, then the library source files for these IPs will be compiled locally as part of the compile order.
INFO: [Vivado 12-4795] Using compiled simulation libraries for IPs
INFO: [SIM-utils-51] Simulation object is 'sim_1'
INFO: [SIM-utils-72] Using boost library from '/tools/Xilinx/2025.1/Vivado/tps/boost_1_72_0'
INFO: [USF-XSim-7] Finding pre-compiled libraries...
INFO: [USF-XSim-11] File '/tools/Xilinx/2025.1/data/xsim/xsim.ini' copied to run dir:'/tmp/r6_keyhole_sim/r6sim.sim/sim_1/behav/xsim'
INFO: [SIM-utils-54] Inspecting design source files for 'tb_keyhole' in fileset 'sim_1'...
INFO: [SIM-utils-43] Exported '/tmp/r6_keyhole_sim/r6sim.sim/sim_1/behav/xsim/mode_1_memory_0_mixed.mif'
INFO: [SIM-utils-43] Exported '/tmp/r6_keyhole_sim/r6sim.sim/sim_1/behav/xsim/mode_1_memory_1_wb.mif'
INFO: [SIM-utils-43] Exported '/tmp/r6_keyhole_sim/r6sim.sim/sim_1/behav/xsim/mode_1_memory_2_nm.mif'
INFO: [SIM-utils-43] Exported '/tmp/r6_keyhole_sim/r6sim.sim/sim_1/behav/xsim/mode_1_memory_4_mx.mif'
INFO: [SIM-utils-43] Exported '/tmp/r6_keyhole_sim/r6sim.sim/sim_1/behav/xsim/mode_2_memory_0_mixed.mif'
INFO: [SIM-utils-43] Exported '/tmp/r6_keyhole_sim/r6sim.sim/sim_1/behav/xsim/mode_2_memory_1_wb.mif'
INFO: [SIM-utils-43] Exported '/tmp/r6_keyhole_sim/r6sim.sim/sim_1/behav/xsim/mode_2_memory_2_nm.mif'
INFO: [SIM-utils-43] Exported '/tmp/r6_keyhole_sim/r6sim.sim/sim_1/behav/xsim/mode_2_memory_4_mx.mif'
INFO: [SIM-utils-43] Exported '/tmp/r6_keyhole_sim/r6sim.sim/sim_1/behav/xsim/mode_2_memory_3_sp.mif'
INFO: [SIM-utils-43] Exported '/tmp/r6_keyhole_sim/r6sim.sim/sim_1/behav/xsim/mode_1_memory_3_sp.mif'
INFO: [SIM-utils-43] Exported '/tmp/r6_keyhole_sim/r6sim.sim/sim_1/behav/xsim/mode_1_memory_0_mixed.mem'
INFO: [SIM-utils-43] Exported '/tmp/r6_keyhole_sim/r6sim.sim/sim_1/behav/xsim/mode_1_memory_1_wb.mem'
INFO: [SIM-utils-43] Exported '/tmp/r6_keyhole_sim/r6sim.sim/sim_1/behav/xsim/mode_1_memory_2_nm.mem'
INFO: [SIM-utils-43] Exported '/tmp/r6_keyhole_sim/r6sim.sim/sim_1/behav/xsim/mode_1_memory_4_mx.mem'
INFO: [SIM-utils-43] Exported '/tmp/r6_keyhole_sim/r6sim.sim/sim_1/behav/xsim/mode_2_memory_0_mixed.mem'
INFO: [SIM-utils-43] Exported '/tmp/r6_keyhole_sim/r6sim.sim/sim_1/behav/xsim/mode_2_memory_1_wb.mem'
INFO: [SIM-utils-43] Exported '/tmp/r6_keyhole_sim/r6sim.sim/sim_1/behav/xsim/mode_2_memory_2_nm.mem'
INFO: [SIM-utils-43] Exported '/tmp/r6_keyhole_sim/r6sim.sim/sim_1/behav/xsim/mode_2_memory_4_mx.mem'
INFO: [SIM-utils-43] Exported '/tmp/r6_keyhole_sim/r6sim.sim/sim_1/behav/xsim/mode_2_memory_3_sp.mem'
INFO: [SIM-utils-43] Exported '/tmp/r6_keyhole_sim/r6sim.sim/sim_1/behav/xsim/mode_1_memory_3_sp.mem'
INFO: [USF-XSim-97] Finding global include files...
INFO: [USF-XSim-98] Fetching design files from 'sim_1'...
INFO: [USF-XSim-2] XSim::Compile design
INFO: [USF-XSim-61] Executing 'COMPILE and ANALYZE' step in '/tmp/r6_keyhole_sim/r6sim.sim/sim_1/behav/xsim'
xvlog --incr --relax -L uvm -L axi_vip_v1_1_21 -L xilinx_vip -prj tb_keyhole_vlog.prj
INFO: [VRFC 10-2263] Analyzing SystemVerilog file "/tmp/r6_keyhole_sim/r6sim.ip_user_files/bd/sim_keyhole/ip/sim_keyhole_axi_vip_0_0/sim/sim_keyhole_axi_vip_0_0_pkg.sv" into library xil_defaultlib
INFO: [VRFC 10-2263] Analyzing SystemVerilog file "/tmp/r6_keyhole_sim/r6sim.ip_user_files/bd/sim_keyhole/ip/sim_keyhole_axi_vip_0_0/sim/sim_keyhole_axi_vip_0_0.sv" into library xil_defaultlib
INFO: [VRFC 10-311] analyzing module sim_keyhole_axi_vip_0_0
INFO: [VRFC 10-2263] Analyzing SystemVerilog file "/tmp/r6_keyhole_sim/r6sim.ip_user_files/bd/sim_keyhole/ip/sim_keyhole_axi_vip_1_0/sim/sim_keyhole_axi_vip_1_0_pkg.sv" into library xil_defaultlib
INFO: [VRFC 10-2263] Analyzing SystemVerilog file "/tmp/r6_keyhole_sim/r6sim.ip_user_files/bd/sim_keyhole/ip/sim_keyhole_axi_vip_1_0/sim/sim_keyhole_axi_vip_1_0.sv" into library xil_defaultlib
INFO: [VRFC 10-311] analyzing module sim_keyhole_axi_vip_1_0
INFO: [VRFC 10-2263] Analyzing Verilog file "/tmp/r6_keyhole_sim/r6sim.ip_user_files/bd/sim_keyhole/ip/sim_keyhole_axi_ic_0_imp_xbar_0/sim/sim_keyhole_axi_ic_0_imp_xbar_0.v" into library xil_defaultlib
INFO: [VRFC 10-311] analyzing module sim_keyhole_axi_ic_0_imp_xbar_0
WARNING: [VRFC 10-8772] attribute 'X_INTERFACE_MODE' is already specified; last one will take precedence [/tmp/r6_keyhole_sim/r6sim.ip_user_files/bd/sim_keyhole/ip/sim_keyhole_axi_ic_0_imp_xbar_0/sim/sim_keyhole_axi_ic_0_imp_xbar_0.v:149]
WARNING: [VRFC 10-8772] attribute 'X_INTERFACE_PARAMETER' is already specified; last one will take precedence [/tmp/r6_keyhole_sim/r6sim.ip_user_files/bd/sim_keyhole/ip/sim_keyhole_axi_ic_0_imp_xbar_0/sim/sim_keyhole_axi_ic_0_imp_xbar_0.v:150]
WARNING: [VRFC 10-8772] attribute 'X_INTERFACE_MODE' is already specified; last one will take precedence [/tmp/r6_keyhole_sim/r6sim.ip_user_files/bd/sim_keyhole/ip/sim_keyhole_axi_ic_0_imp_xbar_0/sim/sim_keyhole_axi_ic_0_imp_xbar_0.v:229]
WARNING: [VRFC 10-8772] attribute 'X_INTERFACE_PARAMETER' is already specified; last one will take precedence [/tmp/r6_keyhole_sim/r6sim.ip_user_files/bd/sim_keyhole/ip/sim_keyhole_axi_ic_0_imp_xbar_0/sim/sim_keyhole_axi_ic_0_imp_xbar_0.v:230]
WARNING: [VRFC 10-8772] attribute 'X_INTERFACE_MODE' is already specified; last one will take precedence [/tmp/r6_keyhole_sim/r6sim.ip_user_files/bd/sim_keyhole/ip/sim_keyhole_axi_ic_0_imp_xbar_0/sim/sim_keyhole_axi_ic_0_imp_xbar_0.v:232]
WARNING: [VRFC 10-8772] attribute 'X_INTERFACE_PARAMETER' is already specified; last one will take precedence [/tmp/r6_keyhole_sim/r6sim.ip_user_files/bd/sim_keyhole/ip/sim_keyhole_axi_ic_0_imp_xbar_0/sim/sim_keyhole_axi_ic_0_imp_xbar_0.v:233]
INFO: [VRFC 10-2263] Analyzing Verilog file "/tmp/r6_keyhole_sim/r6sim.ip_user_files/bd/sim_keyhole/ip/sim_keyhole_axi_ic_0_imp_auto_pc_1/sim/sim_keyhole_axi_ic_0_imp_auto_pc_1.v" into library xil_defaultlib
INFO: [VRFC 10-311] analyzing module sim_keyhole_axi_ic_0_imp_auto_pc_1
INFO: [VRFC 10-2263] Analyzing Verilog file "/tmp/r6_keyhole_sim/r6sim.ip_user_files/bd/sim_keyhole/ip/sim_keyhole_axi_ic_0_imp_auto_pc_0/sim/sim_keyhole_axi_ic_0_imp_auto_pc_0.v" into library xil_defaultlib
INFO: [VRFC 10-311] analyzing module sim_keyhole_axi_ic_0_imp_auto_pc_0
INFO: [VRFC 10-2263] Analyzing Verilog file "/tmp/r6_keyhole_sim/r6sim.ip_user_files/bd/sim_keyhole/sim/sim_keyhole.v" into library xil_defaultlib
INFO: [VRFC 10-311] analyzing module m00_couplers_imp_1DSNBO5
INFO: [VRFC 10-311] analyzing module m01_couplers_imp_CE9A2Z
INFO: [VRFC 10-311] analyzing module m02_couplers_imp_OC0YP4
INFO: [VRFC 10-311] analyzing module s00_couplers_imp_QHJFET
INFO: [VRFC 10-311] analyzing module s01_couplers_imp_1HGKLLN
INFO: [VRFC 10-311] analyzing module sim_keyhole
INFO: [VRFC 10-311] analyzing module sim_keyhole_axi_ic_0_0
INFO: [VRFC 10-2263] Analyzing Verilog file "/tmp/r6_keyhole_sim/r6sim.gen/sources_1/bd/sim_keyhole/hdl/sim_keyhole_wrapper.v" into library xil_defaultlib
INFO: [VRFC 10-311] analyzing module sim_keyhole_wrapper
INFO: [VRFC 10-2263] Analyzing SystemVerilog file "/home/jconway/spi-soc-research/hardware/sim/tb_keyhole.sv" into library xil_defaultlib
INFO: [VRFC 10-311] analyzing module tb_keyhole
WARNING: [VRFC 10-3380] identifier 'm00_aw_beats' is used before its declaration [/home/jconway/spi-soc-research/hardware/sim/tb_keyhole.sv:75]
INFO: [VRFC 10-2263] Analyzing Verilog file "/tmp/r6_keyhole_sim/r6sim.sim/sim_1/behav/xsim/glbl.v" into library xil_defaultlib
INFO: [VRFC 10-311] analyzing module glbl
xvhdl --incr --relax -prj tb_keyhole_vhdl.prj
INFO: [VRFC 10-163] Analyzing VHDL file "/tmp/r6_keyhole_sim/r6sim.ip_user_files/bd/sim_keyhole/ip/sim_keyhole_axi_cdma_0_0/sim/sim_keyhole_axi_cdma_0_0.vhd" into library xil_defaultlib
INFO: [VRFC 10-3107] analyzing entity 'sim_keyhole_axi_cdma_0_0'
INFO: [VRFC 10-163] Analyzing VHDL file "/tmp/r6_keyhole_sim/r6sim.ip_user_files/bd/sim_keyhole/ip/sim_keyhole_axi_quad_spi_0_0/sim/sim_keyhole_axi_quad_spi_0_0.vhd" into library xil_defaultlib
INFO: [VRFC 10-3107] analyzing entity 'sim_keyhole_axi_quad_spi_0_0'
Waiting for jobs to finish...
No pending jobs, compilation finished.
INFO: [USF-XSim-69] 'compile' step finished in '5' seconds
INFO: [USF-XSim-3] XSim::Elaborate design
INFO: [USF-XSim-61] Executing 'ELABORATE' step in '/tmp/r6_keyhole_sim/r6sim.sim/sim_1/behav/xsim'
xelab --incr --debug typical --relax --mt 8 -L xil_defaultlib -L axi_infrastructure_v1_1_0 -L axi_vip_v1_1_21 -L axi_datamover_v5_1_37 -L axi_sg_v4_1_21 -L axi_cdma_v4_1_35 -L dist_mem_gen_v8_0_17 -L axi_lite_ipif_v3_0_4 -L interrupt_control_v3_1_5 -L axi_quad_spi_v3_2_34 -L generic_baseblocks_v2_1_2 -L axi_register_slice_v2_1_35 -L fifo_generator_v13_2_13 -L axi_data_fifo_v2_1_35 -L axi_crossbar_v2_1_37 -L axi_protocol_converter_v2_1_36 -L uvm -L xilinx_vip -L unisims_ver -L unimacro_ver -L secureip -L xpm --snapshot tb_keyhole_behav xil_defaultlib.tb_keyhole xil_defaultlib.glbl -log elaborate.log
Vivado Simulator v2025.1.0
Copyright 1986-2022 Xilinx, Inc. All Rights Reserved.
Copyright 2022-2025 Advanced Micro Devices, Inc. All Rights Reserved.
Running: /tools/Xilinx/2025.1/Vivado/bin/unwrapped/lnx64.o/xelab --incr --debug typical --relax --mt 8 -L xil_defaultlib -L axi_infrastructure_v1_1_0 -L axi_vip_v1_1_21 -L axi_datamover_v5_1_37 -L axi_sg_v4_1_21 -L axi_cdma_v4_1_35 -L dist_mem_gen_v8_0_17 -L axi_lite_ipif_v3_0_4 -L interrupt_control_v3_1_5 -L axi_quad_spi_v3_2_34 -L generic_baseblocks_v2_1_2 -L axi_register_slice_v2_1_35 -L fifo_generator_v13_2_13 -L axi_data_fifo_v2_1_35 -L axi_crossbar_v2_1_37 -L axi_protocol_converter_v2_1_36 -L uvm -L xilinx_vip -L unisims_ver -L unimacro_ver -L secureip -L xpm --snapshot tb_keyhole_behav xil_defaultlib.tb_keyhole xil_defaultlib.glbl -log elaborate.log 
Using 8 slave threads.
WARNING: [XSIM 43-3431] One or more environment variables have been detected which affect the operation of the C compiler. These are typically not set in standard installations and are not tested by AMD, however they may be appropriate for your system, so the flow will attempt to continue.  If errors occur, try running xelab with the "-mt off -v 1" switches to see more information from the C compiler. The following environment variables have been detected:
    LIBRARY_PATH
Starting static elaboration
Pass Through NonSizing Optimizer
WARNING: [VRFC 10-3091] actual bit length 8 differs from formal bit length 12 for port 'm_axi_arregion' [/tmp/r6_keyhole_sim/r6sim.ip_user_files/bd/sim_keyhole/sim/sim_keyhole.v:2503]
WARNING: [VRFC 10-3091] actual bit length 6 differs from formal bit length 9 for port 'm_axi_arsize' [/tmp/r6_keyhole_sim/r6sim.ip_user_files/bd/sim_keyhole/sim/sim_keyhole.v:2504]
WARNING: [VRFC 10-3091] actual bit length 8 differs from formal bit length 12 for port 'm_axi_awregion' [/tmp/r6_keyhole_sim/r6sim.ip_user_files/bd/sim_keyhole/sim/sim_keyhole.v:2515]
WARNING: [VRFC 10-3091] actual bit length 6 differs from formal bit length 9 for port 'm_axi_awsize' [/tmp/r6_keyhole_sim/r6sim.ip_user_files/bd/sim_keyhole/sim/sim_keyhole.v:2516]
WARNING: [VRFC 10-5021] port 'cdma_introut' is not connected on this instance [/tmp/r6_keyhole_sim/r6sim.ip_user_files/bd/sim_keyhole/sim/sim_keyhole.v:1254]
WARNING: [VRFC 10-5021] port 'io0_o' is not connected on this instance [/tmp/r6_keyhole_sim/r6sim.ip_user_files/bd/sim_keyhole/sim/sim_keyhole.v:1450]
WARNING: [VRFC 10-5021] port 'aclk2x' is not connected on this instance [/wrk/ci/prod/2025.1/sw/continuous/3882/output/customer/vivado/data/ip/xilinx/axi_protocol_converter_v2_1/hdl/axi_protocol_converter_v2_1_vl_rfs.v:4855]
WARNING: [VRFC 10-5021] port 'aclk2x' is not connected on this instance [/wrk/ci/prod/2025.1/sw/continuous/3882/output/customer/vivado/data/ip/xilinx/axi_protocol_converter_v2_1/hdl/axi_protocol_converter_v2_1_vl_rfs.v:5110]
WARNING: [VRFC 10-5021] port 'aclk2x' is not connected on this instance [/wrk/ci/prod/2025.1/sw/continuous/3882/output/customer/vivado/data/ip/xilinx/axi_crossbar_v2_1/hdl/axi_crossbar_v2_1_vl_rfs.v:3097]
Completed static elaboration
Starting simulation data flow analysis
Completed simulation data flow analysis
Time Resolution for simulation is 1ps
Compiling package std.standard
Compiling package std.textio
Compiling package ieee.std_logic_1164
Compiling package ieee.numeric_std
Compiling package synopsys.attributes
Compiling package ieee.std_logic_misc
Compiling package axi_cdma_v4_1_35.axi_cdma_pkg
Compiling package xpm.vcomponents
Compiling package unisim.vcomponents
Compiling package ieee.std_logic_arith
Compiling package ieee.std_logic_unsigned
Compiling package axi_datamover_v5_1_37.axi_datamover_pkg
Compiling package ieee.std_logic_signed
Compiling package axi_lite_ipif_v3_0_4.ipif_pkg
Compiling package ieee.vital_timing
Compiling package ieee.vital_primitives
Compiling package unisim.vpkg
Compiling package xil_defaultlib.sim_keyhole_axi_vip_0_0_pkg
Compiling package xilinx_vip.axi_vip_pkg
Compiling package xilinx_vip.xil_common_vip_pkg
Compiling package std.std
Compiling package xil_defaultlib.sim_keyhole_axi_vip_1_0_pkg
Compiling architecture implementation of entity axi_datamover_v5_1_37.axi_datamover_reset [axi_datamover_reset_default]
Compiling architecture imp of entity axi_datamover_v5_1_37.axi_datamover_fifo [\axi_datamover_fifo(c_dwidth=8,c...]
Compiling architecture imp of entity axi_datamover_v5_1_37.axi_datamover_fifo [\axi_datamover_fifo(c_dwidth=71,...]
Compiling architecture implementation of entity axi_datamover_v5_1_37.axi_datamover_cmd_status [\axi_datamover_cmd_status(c_stsc...]
Compiling architecture implementation of entity axi_datamover_v5_1_37.axi_datamover_rd_status_cntl [axi_datamover_rd_status_cntl_def...]
Compiling architecture implementation of entity axi_datamover_v5_1_37.axi_datamover_strb_gen2 [\axi_datamover_strb_gen2(c_strb_...]
Compiling architecture implementation of entity axi_datamover_v5_1_37.axi_datamover_strb_gen2 [\axi_datamover_strb_gen2(c_op_mo...]
Compiling architecture implementation of entity axi_datamover_v5_1_37.axi_datamover_pcc [\axi_datamover_pcc(c_is_mm2s=1,c...]
Compiling architecture imp of entity axi_datamover_v5_1_37.srl_fifo [\srl_fifo(c_dwidth=59,c_depth=4)...]
Compiling architecture imp of entity axi_datamover_v5_1_37.axi_datamover_fifo [\axi_datamover_fifo(c_dwidth=59,...]
Compiling architecture implementation of entity axi_datamover_v5_1_37.axi_datamover_addr_cntl [\axi_datamover_addr_cntl(c_famil...]
Compiling architecture imp of entity axi_datamover_v5_1_37.srl_fifo [\srl_fifo(c_dwidth=29,c_depth=4)...]
Compiling architecture imp of entity axi_datamover_v5_1_37.axi_datamover_fifo [\axi_datamover_fifo(c_dwidth=29,...]
Compiling architecture implementation of entity axi_datamover_v5_1_37.axi_datamover_rdmux [\axi_datamover_rdmux(c_sel_addr_...]
Compiling architecture implementation of entity axi_datamover_v5_1_37.axi_datamover_rddata_cntl [\axi_datamover_rddata_cntl(c_ali...]
Compiling architecture implementation of entity axi_datamover_v5_1_37.axi_datamover_mm2s_full_wrap [\axi_datamover_mm2s_full_wrap(c_...]
Compiling architecture implementation of entity axi_datamover_v5_1_37.axi_datamover_pcc [\axi_datamover_pcc(c_dre_align_w...]
Compiling architecture imp of entity axi_datamover_v5_1_37.srl_fifo [\srl_fifo(c_dwidth=7,c_depth=6)\]
Compiling architecture imp of entity axi_datamover_v5_1_37.axi_datamover_fifo [\axi_datamover_fifo(c_dwidth=7,c...]
Compiling architecture imp of entity axi_datamover_v5_1_37.srl_fifo [\srl_fifo(c_dwidth=2,c_depth=6)\]
Compiling architecture imp of entity axi_datamover_v5_1_37.axi_datamover_fifo [\axi_datamover_fifo(c_dwidth=2,c...]
Compiling architecture implementation of entity axi_datamover_v5_1_37.axi_datamover_wr_status_cntl [\axi_datamover_wr_status_cntl(c_...]
Compiling architecture implementation of entity axi_datamover_v5_1_37.axi_datamover_addr_cntl [\axi_datamover_addr_cntl(c_addr_...]
Compiling architecture imp of entity axi_datamover_v5_1_37.srl_fifo [\srl_fifo(c_dwidth=27,c_depth=4)...]
Compiling architecture imp of entity axi_datamover_v5_1_37.axi_datamover_fifo [\axi_datamover_fifo(c_dwidth=27,...]
Compiling architecture implementation of entity axi_datamover_v5_1_37.axi_datamover_wrdata_cntl [\axi_datamover_wrdata_cntl(c_sf_...]
Compiling architecture implementation of entity axi_datamover_v5_1_37.axi_datamover_wr_demux [\axi_datamover_wr_demux(c_sel_ad...]
Compiling architecture implementation of entity axi_datamover_v5_1_37.axi_datamover_skid2mm_buf [\axi_datamover_skid2mm_buf(c_add...]
Compiling architecture implementation of entity axi_datamover_v5_1_37.axi_datamover_s2mm_full_wrap [\axi_datamover_s2mm_full_wrap(c_...]
Compiling architecture implementation of entity axi_datamover_v5_1_37.axi_datamover [\axi_datamover(c_include_mm2s=1,...]
Compiling architecture implementation of entity axi_cdma_v4_1_35.axi_cdma_pulse_gen [\axi_cdma_pulse_gen(c_pulse_widt...]
Compiling architecture implementation of entity axi_cdma_v4_1_35.axi_cdma_pulse_gen [\axi_cdma_pulse_gen(c_pos_edge_t...]
Compiling architecture implementation of entity axi_cdma_v4_1_35.axi_cdma_pulse_gen [\axi_cdma_pulse_gen(c_pulse_widt...]
Compiling architecture implementation of entity axi_cdma_v4_1_35.axi_cdma_reset [axi_cdma_reset_default]
Compiling architecture implementation of entity axi_cdma_v4_1_35.axi_cdma_lite_if [\axi_cdma_lite_if(c_num_ce=16,c_...]
Compiling architecture implementation of entity axi_cdma_v4_1_35.axi_cdma_register [\axi_cdma_register(c_num_registe...]
Compiling architecture implementation of entity axi_cdma_v4_1_35.axi_cdma_reg_module [axi_cdma_reg_module_default]
Compiling architecture implementation of entity axi_cdma_v4_1_35.axi_cdma_simple_cntlr [\axi_cdma_simple_cntlr(c_dm_cmd_...]
Compiling architecture implementation of entity axi_cdma_v4_1_35.axi_cdma_simple_wrap [\axi_cdma_simple_wrap(c_include_...]
Compiling architecture implementation of entity axi_cdma_v4_1_35.axi_cdma [\axi_cdma(c_include_sf=0,c_dlytm...]
Compiling architecture sim_keyhole_axi_cdma_0_0_arch of entity xil_defaultlib.sim_keyhole_axi_cdma_0_0 [sim_keyhole_axi_cdma_0_0_default]
Compiling module xil_defaultlib.m00_couplers_imp_1DSNBO5
Compiling module axi_infrastructure_v1_1_0.axi_infrastructure_v1_1_0_axi2ve...
Compiling module axi_infrastructure_v1_1_0.axi_infrastructure_v1_1_0_vector...
Compiling module axi_register_slice_v2_1_35.axi_register_slice_v2_1_35_axic_...
Compiling module axi_register_slice_v2_1_35.axi_register_slice_v2_1_35_axic_...
Compiling module axi_register_slice_v2_1_35.axi_register_slice_v2_1_35_axic_...
Compiling module axi_register_slice_v2_1_35.axi_register_slice_v2_1_35_axic_...
Compiling module axi_register_slice_v2_1_35.axi_register_slice_v2_1_35_axi_r...
Compiling module axi_protocol_converter_v2_1_36.axi_protocol_converter_v2_1_36_b...
Compiling module axi_protocol_converter_v2_1_36.axi_protocol_converter_v2_1_36_b...
Compiling module axi_protocol_converter_v2_1_36.axi_protocol_converter_v2_1_36_b...
Compiling module axi_protocol_converter_v2_1_36.axi_protocol_converter_v2_1_36_b...
Compiling module axi_protocol_converter_v2_1_36.axi_protocol_converter_v2_1_36_b...
Compiling module axi_protocol_converter_v2_1_36.axi_protocol_converter_v2_1_36_b...
Compiling module axi_protocol_converter_v2_1_36.axi_protocol_converter_v2_1_36_b...
Compiling module axi_protocol_converter_v2_1_36.axi_protocol_converter_v2_1_36_b...
Compiling module axi_protocol_converter_v2_1_36.axi_protocol_converter_v2_1_36_b...
Compiling module axi_protocol_converter_v2_1_36.axi_protocol_converter_v2_1_36_b...
Compiling module axi_protocol_converter_v2_1_36.axi_protocol_converter_v2_1_36_b...
Compiling module axi_protocol_converter_v2_1_36.axi_protocol_converter_v2_1_36_b...
Compiling module axi_protocol_converter_v2_1_36.axi_protocol_converter_v2_1_36_b...
Compiling module axi_infrastructure_v1_1_0.axi_infrastructure_v1_1_0_axi2ve...
Compiling module axi_infrastructure_v1_1_0.axi_infrastructure_v1_1_0_vector...
Compiling module axi_register_slice_v2_1_35.axi_register_slice_v2_1_35_axic_...
Compiling module axi_register_slice_v2_1_35.axi_register_slice_v2_1_35_axic_...
Compiling module axi_register_slice_v2_1_35.axi_register_slice_v2_1_35_axic_...
Compiling module axi_register_slice_v2_1_35.axi_register_slice_v2_1_35_axic_...
Compiling module axi_register_slice_v2_1_35.axi_register_slice_v2_1_35_axi_r...
Compiling module axi_protocol_converter_v2_1_36.axi_protocol_converter_v2_1_36_b...
Compiling module axi_protocol_converter_v2_1_36.axi_protocol_converter_v2_1_36_a...
Compiling module xil_defaultlib.sim_keyhole_axi_ic_0_imp_auto_pc...
Compiling module xil_defaultlib.m01_couplers_imp_CE9A2Z
Compiling module xil_defaultlib.m02_couplers_imp_OC0YP4
Compiling module axi_protocol_converter_v2_1_36.axi_protocol_converter_v2_1_36_a...
Compiling module xil_defaultlib.sim_keyhole_axi_ic_0_imp_auto_pc...
Compiling module xil_defaultlib.s00_couplers_imp_QHJFET
Compiling module xil_defaultlib.s01_couplers_imp_1HGKLLN
Compiling module generic_baseblocks_v2_1_2.generic_baseblocks_v2_1_2_carry_...
Compiling module generic_baseblocks_v2_1_2.generic_baseblocks_v2_1_2_compar...
Compiling module generic_baseblocks_v2_1_2.generic_baseblocks_v2_1_2_compar...
Compiling module generic_baseblocks_v2_1_2.generic_baseblocks_v2_1_2_compar...
Compiling module axi_crossbar_v2_1_37.axi_crossbar_v2_1_37_addr_decode...
Compiling module generic_baseblocks_v2_1_2.generic_baseblocks_v2_1_2_mux_en...
Compiling module axi_data_fifo_v2_1_35.axi_data_fifo_v2_1_35_ndeep_srl(...
Compiling module axi_data_fifo_v2_1_35.axi_data_fifo_v2_1_35_axic_srl_f...
Compiling module axi_crossbar_v2_1_37.axi_crossbar_v2_1_37_si_transact...
Compiling module generic_baseblocks_v2_1_2.generic_baseblocks_v2_1_2_mux_en...
Compiling module axi_crossbar_v2_1_37.axi_crossbar_v2_1_37_si_transact...
Compiling module axi_crossbar_v2_1_37.axi_crossbar_v2_1_37_splitter
Compiling module axi_data_fifo_v2_1_35.axi_data_fifo_v2_1_35_axic_reg_s...
Compiling module axi_crossbar_v2_1_37.axi_crossbar_v2_1_37_wdata_route...
Compiling module axi_crossbar_v2_1_37.axi_crossbar_v2_1_37_addr_decode...
Compiling module axi_crossbar_v2_1_37.axi_crossbar_v2_1_37_si_transact...
Compiling module axi_crossbar_v2_1_37.axi_crossbar_v2_1_37_si_transact...
Compiling module axi_crossbar_v2_1_37.axi_crossbar_v2_1_37_addr_decode...
Compiling module axi_data_fifo_v2_1_35.axi_data_fifo_v2_1_35_axic_reg_s...
Compiling module generic_baseblocks_v2_1_2.generic_baseblocks_v2_1_2_mux_en...
Compiling module axi_crossbar_v2_1_37.axi_crossbar_v2_1_37_wdata_mux(C...
Compiling module axi_data_fifo_v2_1_35.axi_data_fifo_v2_1_35_axic_srl_f...
Compiling module axi_infrastructure_v1_1_0.axi_infrastructure_v1_1_0_axi2ve...
Compiling module axi_infrastructure_v1_1_0.axi_infrastructure_v1_1_0_vector...
Compiling module axi_register_slice_v2_1_35.axi_register_slice_v2_1_35_axic_...
Compiling module axi_register_slice_v2_1_35.axi_register_slice_v2_1_35_axic_...
Compiling module axi_register_slice_v2_1_35.axi_register_slice_v2_1_35_axic_...
Compiling module axi_register_slice_v2_1_35.axi_register_slice_v2_1_35_axic_...
Compiling module axi_register_slice_v2_1_35.axi_register_slice_v2_1_35_axi_r...
Compiling module axi_crossbar_v2_1_37.axi_crossbar_v2_1_37_addr_decode...
Compiling module axi_data_fifo_v2_1_35.axi_data_fifo_v2_1_35_axic_reg_s...
Compiling module axi_crossbar_v2_1_37.axi_crossbar_v2_1_37_wdata_mux(C...
Compiling module axi_data_fifo_v2_1_35.axi_data_fifo_v2_1_35_axic_srl_f...
Compiling module generic_baseblocks_v2_1_2.generic_baseblocks_v2_1_2_mux_en...
Compiling module generic_baseblocks_v2_1_2.generic_baseblocks_v2_1_2_mux_en...
Compiling module axi_crossbar_v2_1_37.axi_crossbar_v2_1_37_addr_arbite...
Compiling module axi_crossbar_v2_1_37.axi_crossbar_v2_1_37_decerr_slav...
Compiling module axi_crossbar_v2_1_37.axi_crossbar_v2_1_37_crossbar(C_...
Compiling module axi_crossbar_v2_1_37.axi_crossbar_v2_1_37_axi_crossba...
Compiling module xil_defaultlib.sim_keyhole_axi_ic_0_imp_xbar_0
Compiling module xil_defaultlib.sim_keyhole_axi_ic_0_0
Compiling architecture imp of entity axi_quad_spi_v3_2_34.pselect_f [\pselect_f(c_ab=1,c_aw=7,c_bar="...]
Compiling architecture imp of entity axi_quad_spi_v3_2_34.pselect_f [\pselect_f(c_ab=4,c_aw=4,c_bar="...]
Compiling architecture imp of entity axi_quad_spi_v3_2_34.pselect_f [\pselect_f(c_ab=4,c_aw=4,c_bar="...]
Compiling architecture imp of entity axi_quad_spi_v3_2_34.pselect_f [\pselect_f(c_ab=4,c_aw=4,c_bar="...]
Compiling architecture imp of entity axi_quad_spi_v3_2_34.pselect_f [\pselect_f(c_ab=4,c_aw=4,c_bar="...]
Compiling architecture imp of entity axi_quad_spi_v3_2_34.pselect_f [\pselect_f(c_ab=4,c_aw=4,c_bar="...]
Compiling architecture imp of entity axi_quad_spi_v3_2_34.pselect_f [\pselect_f(c_ab=4,c_aw=4,c_bar="...]
Compiling architecture imp of entity axi_quad_spi_v3_2_34.pselect_f [\pselect_f(c_ab=4,c_aw=4,c_bar="...]
Compiling architecture imp of entity axi_quad_spi_v3_2_34.pselect_f [\pselect_f(c_ab=4,c_aw=4,c_bar="...]
Compiling architecture imp of entity axi_quad_spi_v3_2_34.pselect_f [\pselect_f(c_ab=4,c_aw=4,c_bar="...]
Compiling architecture imp of entity axi_quad_spi_v3_2_34.pselect_f [\pselect_f(c_ab=4,c_aw=4,c_bar="...]
Compiling architecture imp of entity axi_quad_spi_v3_2_34.pselect_f [\pselect_f(c_ab=4,c_aw=4,c_bar="...]
Compiling architecture imp of entity axi_quad_spi_v3_2_34.pselect_f [\pselect_f(c_ab=4,c_aw=4,c_bar="...]
Compiling architecture imp of entity axi_quad_spi_v3_2_34.pselect_f [\pselect_f(c_ab=4,c_aw=4,c_bar="...]
Compiling architecture imp of entity axi_quad_spi_v3_2_34.pselect_f [\pselect_f(c_ab=4,c_aw=4,c_bar="...]
Compiling architecture imp of entity axi_quad_spi_v3_2_34.pselect_f [\pselect_f(c_ab=4,c_aw=4,c_bar="...]
Compiling architecture imp of entity axi_quad_spi_v3_2_34.pselect_f [\pselect_f(c_ab=4,c_aw=4,c_bar="...]
Compiling architecture imp of entity axi_quad_spi_v3_2_34.pselect_f [\pselect_f(c_ab=2,c_aw=7,c_bar="...]
Compiling architecture imp of entity axi_quad_spi_v3_2_34.pselect_f [\pselect_f(c_ab=3,c_aw=3,c_bar="...]
Compiling architecture imp of entity axi_quad_spi_v3_2_34.pselect_f [\pselect_f(c_ab=3,c_aw=3,c_bar="...]
Compiling architecture imp of entity axi_quad_spi_v3_2_34.pselect_f [\pselect_f(c_ab=3,c_aw=3,c_bar="...]
Compiling architecture imp of entity axi_quad_spi_v3_2_34.pselect_f [\pselect_f(c_ab=3,c_aw=3,c_bar="...]
Compiling architecture imp of entity axi_quad_spi_v3_2_34.pselect_f [\pselect_f(c_ab=3,c_aw=3,c_bar="...]
Compiling architecture imp of entity axi_quad_spi_v3_2_34.pselect_f [\pselect_f(c_ab=3,c_aw=3,c_bar="...]
Compiling architecture imp of entity axi_quad_spi_v3_2_34.pselect_f [\pselect_f(c_ab=3,c_aw=3,c_bar="...]
Compiling architecture imp of entity axi_quad_spi_v3_2_34.pselect_f [\pselect_f(c_ab=3,c_aw=3,c_bar="...]
Compiling architecture imp of entity axi_quad_spi_v3_2_34.pselect_f [\pselect_f(c_ab=2,c_aw=7,c_bar="...]
Compiling architecture imp of entity axi_quad_spi_v3_2_34.qspi_address_decoder [\qspi_address_decoder(c_bus_awid...]
Compiling architecture imp of entity axi_quad_spi_v3_2_34.axi_qspi_enhanced_mode [\axi_qspi_enhanced_mode(c_family...]
Compiling architecture fdre_v of entity unisim.FDRE [\FDRE(init='1')\]
Compiling architecture fdr_v of entity unisim.FDR [\FDR(init='1')\]
Compiling architecture imp of entity axi_quad_spi_v3_2_34.cross_clk_sync_fifo_1 [\cross_clk_sync_fifo_1(c_family=...]
Compiling architecture imp of entity axi_quad_spi_v3_2_34.counter_f [\counter_f(c_num_bits=8)(1,8)\]
Compiling architecture imp of entity axi_quad_spi_v3_2_34.qspi_fifo_ifmodule [\qspi_fifo_ifmodule(c_num_transf...]
Compiling architecture imp of entity axi_quad_spi_v3_2_34.qspi_occupancy_reg [\qspi_occupancy_reg(c_occupancy_...]
Compiling architecture fd_v of entity unisim.FD [\FD(init='1')\]
Compiling architecture imp of entity axi_quad_spi_v3_2_34.qspi_mode_0_module [\qspi_mode_0_module(c_sck_ratio=...]
Compiling architecture imp of entity axi_quad_spi_v3_2_34.qspi_status_slave_sel_reg [\qspi_status_slave_sel_reg(c_spi...]
Compiling architecture fdr_v of entity unisim.FDR [fdr_default]
Compiling architecture imp of entity axi_quad_spi_v3_2_34.reset_sync_module [reset_sync_module_default]
Compiling module xpm.xpm_cdc_sync_rst(DEST_SYNC_FF=2,...
Compiling module xpm.xpm_fifo_rst(COMMON_CLOCK=0)
Compiling module xpm.xpm_fifo_reg_bit
Compiling module xpm.xpm_counter_updn(COUNTER_WIDTH=9...
Compiling module xpm.xpm_counter_updn(COUNTER_WIDTH=8...
Compiling module xpm.xpm_counter_updn(COUNTER_WIDTH=8...
Compiling module xpm.xpm_counter_updn(COUNTER_WIDTH=8...
Compiling module xpm.xpm_memory_base(MEMORY_TYPE=1,CL...
Compiling module xpm.xpm_cdc_gray(DEST_SYNC_FF=2,INIT...
Compiling module xpm.xpm_fifo_reg_vec(REG_WIDTH=8)
Compiling module xpm.xpm_cdc_gray(INIT_SYNC_FF=1,WIDT...
Compiling module xpm.xpm_fifo_reg_vec(REG_WIDTH=9)
Compiling module xpm.xpm_cdc_gray(DEST_SYNC_FF=2,INIT...
Compiling module xpm.xpm_counter_updn(COUNTER_WIDTH=2...
Compiling module xpm.xpm_fifo_base(COMMON_CLOCK=0,FIF...
Compiling module xpm.xpm_fifo_async(FIFO_MEMORY_TYPE=...
Compiling module xpm.xpm_cdc_single(DEST_SYNC_FF=2,IN...
Compiling module xpm.xpm_fifo_base(COMMON_CLOCK=0,FIF...
Compiling module xpm.xpm_fifo_async(FIFO_MEMORY_TYPE=...
Compiling architecture imp of entity axi_quad_spi_v3_2_34.qspi_cntrl_reg [\qspi_cntrl_reg(c_s_axi_data_wid...]
Compiling architecture lut4_v of entity unisim.LUT4 [\LUT4(init="1111111111001010")(0...]
Compiling architecture fdrse_v of entity unisim.FDRSE [fdrse_default]
Compiling architecture implementation of entity axi_quad_spi_v3_2_34.soft_reset [\soft_reset(c_reset_width=16)\]
Compiling architecture implementation of entity interrupt_control_v3_1_5.interrupt_control [\interrupt_control(c_num_ce=16,c...]
Compiling architecture imp of entity axi_quad_spi_v3_2_34.qspi_core_interface [\qspi_core_interface(c_family="z...]
Compiling architecture fdre_v of entity unisim.FDRE [fdre_default]
Compiling architecture fd_v of entity unisim.FD [fd_default]
Compiling architecture imp of entity axi_quad_spi_v3_2_34.axi_quad_spi_top [\axi_quad_spi_top(c_family="zynq...]
Compiling architecture imp of entity axi_quad_spi_v3_2_34.axi_quad_spi [\axi_quad_spi(c_family="zynquplu...]
Compiling architecture sim_keyhole_axi_quad_spi_0_0_arch of entity xil_defaultlib.sim_keyhole_axi_quad_spi_0_0 [sim_keyhole_axi_quad_spi_0_0_def...]
Compiling module xilinx_vip.axi_vip_axi4pc(WDATA_WIDTH=32,RD...
Compiling module xilinx_vip.cb
Compiling module xilinx_vip.axi_vip_if(C_AXI_PROTOCOL=2,C_AX...
Compiling module axi_vip_v1_1_21.axi_vip_v1_1_21_top(C_AXI_PROTOC...
Compiling module xil_defaultlib.sim_keyhole_axi_vip_0_0
Compiling module xilinx_vip.axi_vip_axi4pc(WDATA_WIDTH=32,RD...
Compiling module xilinx_vip.cb
Compiling module xilinx_vip.axi_vip_if(C_AXI_WID_WIDTH=1,C_A...
Compiling module axi_vip_v1_1_21.axi_vip_v1_1_21_top(C_AXI_WID_WI...
Compiling module xil_defaultlib.sim_keyhole_axi_vip_1_0
Compiling module xil_defaultlib.sim_keyhole
Compiling module xil_defaultlib.sim_keyhole_wrapper
Compiling module xil_defaultlib.tb_keyhole
Compiling module xil_defaultlib.glbl
Built simulation snapshot tb_keyhole_behav
execute_script: Time (s): cpu = 00:00:46 ; elapsed = 00:00:13 . Memory (MB): peak = 1914.629 ; gain = 0.000 ; free physical = 26613 ; free virtual = 49704
INFO: [USF-XSim-69] 'elaborate' step finished in '13' seconds
INFO: [USF-XSim-4] XSim::Simulate design
INFO: [USF-XSim-61] Executing 'SIMULATE' step in '/tmp/r6_keyhole_sim/r6sim.sim/sim_1/behav/xsim'
INFO: [USF-XSim-98] *** Running xsim
   with args "tb_keyhole_behav -key {Behavioral:sim_1:Functional:tb_keyhole} -tclbatch {tb_keyhole.tcl} -protoinst "protoinst_files/sim_keyhole.protoinst" -log {simulate.log}"
INFO: [USF-XSim-8] Loading simulator feature
INFO: [Wavedata 42-565] Reading protoinst file protoinst_files/sim_keyhole.protoinst
INFO: [Wavedata 42-564]   Found protocol instance at /tb_keyhole/dut/sim_keyhole_i//axi_cdma_0/M_AXI
INFO: [Wavedata 42-564]   Found protocol instance at /tb_keyhole/dut/sim_keyhole_i//axi_cdma_0/S_AXI_LITE
INFO: [Wavedata 42-564]   Found protocol instance at /tb_keyhole/dut/sim_keyhole_i//axi_ic_0/M00_AXI
INFO: [Wavedata 42-564]   Found protocol instance at /tb_keyhole/dut/sim_keyhole_i//axi_ic_0/M01_AXI
INFO: [Wavedata 42-564]   Found protocol instance at /tb_keyhole/dut/sim_keyhole_i//axi_ic_0/M02_AXI
INFO: [Wavedata 42-564]   Found protocol instance at /tb_keyhole/dut/sim_keyhole_i//axi_ic_0/S00_AXI
INFO: [Wavedata 42-564]   Found protocol instance at /tb_keyhole/dut/sim_keyhole_i//axi_ic_0/S01_AXI
INFO: [Wavedata 42-564]   Found protocol instance at /tb_keyhole/dut/sim_keyhole_i//axi_ic_0/m00_couplers/M_AXI
INFO: [Wavedata 42-564]   Found protocol instance at /tb_keyhole/dut/sim_keyhole_i//axi_ic_0/m00_couplers/S_AXI
INFO: [Wavedata 42-564]   Found protocol instance at /tb_keyhole/dut/sim_keyhole_i//axi_ic_0/m01_couplers/M_AXI
INFO: [Wavedata 42-564]   Found protocol instance at /tb_keyhole/dut/sim_keyhole_i//axi_ic_0/m01_couplers/S_AXI
INFO: [Wavedata 42-564]   Found protocol instance at /tb_keyhole/dut/sim_keyhole_i//axi_ic_0/m01_couplers/auto_pc/M_AXI
INFO: [Wavedata 42-564]   Found protocol instance at /tb_keyhole/dut/sim_keyhole_i//axi_ic_0/m01_couplers/auto_pc/S_AXI
INFO: [Wavedata 42-564]   Found protocol instance at /tb_keyhole/dut/sim_keyhole_i//axi_ic_0/m02_couplers/M_AXI
INFO: [Wavedata 42-564]   Found protocol instance at /tb_keyhole/dut/sim_keyhole_i//axi_ic_0/m02_couplers/S_AXI
INFO: [Wavedata 42-564]   Found protocol instance at /tb_keyhole/dut/sim_keyhole_i//axi_ic_0/s00_couplers/M_AXI
INFO: [Wavedata 42-564]   Found protocol instance at /tb_keyhole/dut/sim_keyhole_i//axi_ic_0/s00_couplers/S_AXI
INFO: [Wavedata 42-564]   Found protocol instance at /tb_keyhole/dut/sim_keyhole_i//axi_ic_0/s00_couplers/auto_pc/M_AXI
INFO: [Wavedata 42-564]   Found protocol instance at /tb_keyhole/dut/sim_keyhole_i//axi_ic_0/s00_couplers/auto_pc/S_AXI
INFO: [Wavedata 42-564]   Found protocol instance at /tb_keyhole/dut/sim_keyhole_i//axi_ic_0/s01_couplers/M_AXI
INFO: [Wavedata 42-564]   Found protocol instance at /tb_keyhole/dut/sim_keyhole_i//axi_ic_0/s01_couplers/S_AXI
INFO: [Wavedata 42-564]   Found protocol instance at /tb_keyhole/dut/sim_keyhole_i//axi_ic_0/xbar/M00_AXI
INFO: [Wavedata 42-564]   Found protocol instance at /tb_keyhole/dut/sim_keyhole_i//axi_ic_0/xbar/M01_AXI
INFO: [Wavedata 42-564]   Found protocol instance at /tb_keyhole/dut/sim_keyhole_i//axi_ic_0/xbar/M02_AXI
INFO: [Wavedata 42-564]   Found protocol instance at /tb_keyhole/dut/sim_keyhole_i//axi_ic_0/xbar/S00_AXI
INFO: [Wavedata 42-564]   Found protocol instance at /tb_keyhole/dut/sim_keyhole_i//axi_ic_0/xbar/S01_AXI
INFO: [Wavedata 42-564]   Found protocol instance at /tb_keyhole/dut/sim_keyhole_i//axi_quad_spi_0/AXI_FULL
INFO: [Wavedata 42-564]   Found protocol instance at /tb_keyhole/dut/sim_keyhole_i//axi_vip_0/M_AXI
INFO: [Wavedata 42-564]   Found protocol instance at /tb_keyhole/dut/sim_keyhole_i//axi_vip_1/S_AXI
Time resolution is 1 ps
source tb_keyhole.tcl
XilinxAXIVIP: Found at Path: tb_keyhole.dut.sim_keyhole_i.axi_vip_0.inst
XilinxAXIVIP: Found at Path: tb_keyhole.dut.sim_keyhole_i.axi_vip_1.inst
Info: [XPM_MEMORY 20-1] MEMORY_PRIMITIVE (0) instructs Vivado Synthesis to choose the memory primitive type. Depending on their values, other XPM_MEMORY parameters may preclude the choice of certain memory primitive types. Review XPM_MEMORY documentation and parameter values to understand any limitations, or set MEMORY_PRIMITIVE to a different value. tb_keyhole.dut.sim_keyhole_i.axi_quad_spi_0.U0.no_dual_quad_mode.QSPI_NORMAL.qspi_enhanced_md_gen.QSPI_CORE_INTERFACE_I.fifo_exists.RX_FIFO_II.gnuram_async_fifo.xpm_fifo_base_inst.gen_sdpram.xpm_memory_base_inst.config_drc
Time: 1 ps  Iteration: 0  Process: /tb_keyhole/dut/sim_keyhole_i/axi_quad_spi_0/U0/no_dual_quad_mode/QSPI_NORMAL/qspi_enhanced_md_gen/QSPI_CORE_INTERFACE_I/fifo_exists/RX_FIFO_II/gnuram_async_fifo.xpm_fifo_base_inst/gen_sdpram.xpm_memory_base_inst/Initial310_618  Scope: tb_keyhole.dut.sim_keyhole_i.axi_quad_spi_0.U0.no_dual_quad_mode.QSPI_NORMAL.qspi_enhanced_md_gen.QSPI_CORE_INTERFACE_I.fifo_exists.RX_FIFO_II.gnuram_async_fifo.xpm_fifo_base_inst.gen_sdpram.xpm_memory_base_inst.config_drc  File: /tools/Xilinx/2025.1/Vivado/data/ip/xpm/xpm_memory/hdl/xpm_memory.sv Line: 522
Info: [XPM_MEMORY 20-1] MEMORY_PRIMITIVE (0) instructs Vivado Synthesis to choose the memory primitive type. Depending on their values, other XPM_MEMORY parameters may preclude the choice of certain memory primitive types. Review XPM_MEMORY documentation and parameter values to understand any limitations, or set MEMORY_PRIMITIVE to a different value. tb_keyhole.dut.sim_keyhole_i.axi_quad_spi_0.U0.no_dual_quad_mode.QSPI_NORMAL.qspi_enhanced_md_gen.QSPI_CORE_INTERFACE_I.fifo_exists.TX_FIFO_II.gnuram_async_fifo.xpm_fifo_base_inst.gen_sdpram.xpm_memory_base_inst.config_drc
Time: 1 ps  Iteration: 0  Process: /tb_keyhole/dut/sim_keyhole_i/axi_quad_spi_0/U0/no_dual_quad_mode/QSPI_NORMAL/qspi_enhanced_md_gen/QSPI_CORE_INTERFACE_I/fifo_exists/TX_FIFO_II/gnuram_async_fifo.xpm_fifo_base_inst/gen_sdpram.xpm_memory_base_inst/Initial310_618  Scope: tb_keyhole.dut.sim_keyhole_i.axi_quad_spi_0.U0.no_dual_quad_mode.QSPI_NORMAL.qspi_enhanced_md_gen.QSPI_CORE_INTERFACE_I.fifo_exists.TX_FIFO_II.gnuram_async_fifo.xpm_fifo_base_inst.gen_sdpram.xpm_memory_base_inst.config_drc  File: /tools/Xilinx/2025.1/Vivado/data/ip/xpm/xpm_memory/hdl/xpm_memory.sv Line: 522
ANCHOR: QSPI SPICR = 0x00000180 (expect 0x00000180)
INFO: [USF-XSim-96] XSim completed. Design snapshot 'tb_keyhole_behav' loaded.
INFO: [USF-XSim-97] XSim simulation ran for 1000ns
launch_simulation: Time (s): cpu = 00:00:56 ; elapsed = 00:00:27 . Memory (MB): peak = 1914.629 ; gain = 24.012 ; free physical = 26622 ; free virtual = 49715
MON M00.AW  addr=0xa0000040            t=1105 ns
MON M00.W   data=0x0000000a          t=1105 ns
MON M00.B   resp=0               t=1115 ns
MON M01.AW  addr=0xa0010000            t=1235 ns
MON M01.W   data=0x00000004          t=1235 ns
MON M01.AR  addr=0xa0010000            t=2365 ns
MON M01.R   data=0x00000000 resp=0 t=2385 ns
PHASE_A: post-reset CDMACR = 0x00000000 (rst bit2=0)
MON M01.AW  addr=0xa0010000            t=2525 ns
MON M01.W   data=0x00000020          t=2525 ns
MON M01.AR  addr=0xa0010000            t=2665 ns
MON M01.R   data=0x00000020 resp=0 t=2685 ns
PHASE_A: CDMACR readback = 0x00000020 (keyhole bit5=1)
MON M01.AW  addr=0xa0010018            t=2825 ns
MON M01.W   data=0x5a5a1234          t=2825 ns
MON M01.AR  addr=0xa0010018            t=2965 ns
MON M01.R   data=0x5a5a1234 resp=0 t=2985 ns
PHASE_A: SA probe wrote 5A5A1234 read 0x5a5a1234
MON M01.AW  addr=0xa0010018            t=3125 ns
MON M01.W   data=0x00000000          t=3125 ns
MON M01.AW  addr=0xa0010020            t=3295 ns
MON M01.W   data=0xa0000068          t=3295 ns
MON M01.AW  addr=0xa0010028            t=3465 ns
MON M01.W   data=0x00000040          t=3465 ns
MON CDMA.AW addr=0xa0000068 len=5 burst=0 t=3585 ns
MON CDMA.AR addr=0x00000000 len=15 burst=1 t=3595 ns
MON M01.AR  addr=0xa0010004            t=3605 ns
MON M01.R   data=0x00000000 resp=0 t=3625 ns
PHASE_A: CDMASR just after kick = 0x00000000
MON M00.AW  addr=0xa0000068            t=3685 ns
MON M00.W   data=0xa5b00000          t=3685 ns
MON M00.W   data=0xa5b00001          t=3695 ns
MON M00.W   data=0xa5b00002          t=3705 ns
MON CDMA.AW addr=0xa0000068 len=9 burst=0 t=3715 ns
MON M00.W   data=0xa5b00003          t=3715 ns
MON M00.W   data=0xa5b00004          t=3725 ns
MON M01.AR  addr=0xa0010004            t=3735 ns
MON M00.W   data=0xa5b00005          t=3735 ns
MON M01.R   data=0x00000000 resp=0 t=3755 ns
MON M00.B   resp=0               t=3755 ns
MON M00.AW  addr=0xa0000068            t=3775 ns
MON M00.W   data=0xa5b00006          t=3775 ns
MON M00.W   data=0xa5b00007          t=3785 ns
MON M00.W   data=0xa5b00008          t=3795 ns
MON M00.W   data=0xa5b00009          t=3805 ns
MON M00.W   data=0xa5b0000a          t=3815 ns
MON M00.W   data=0xa5b0000b          t=3825 ns
MON M00.W   data=0xa5b0000c          t=3835 ns
MON M00.W   data=0xa5b0000d          t=3845 ns
MON M00.W   data=0xa5b0000e          t=3855 ns
MON M00.W   data=0xa5b0000f          t=3865 ns
MON M00.B   resp=0               t=3885 ns
MON M01.AR  addr=0xa0010004            t=4055 ns
MON M01.R   data=0x00001002 resp=0 t=4075 ns
PHASE_A: done=1 CDMASR=0x00001002 OCY=15 SPISR=0x00000021 TxEmpty=0
KEYHOLE_SIM: PASS — 16/16 words held at DTR
PHASE_A: OBS aw=2 w=16 wready_low=4 addr_held=1
MON M00.AW  addr=0xa0000040            t=4655 ns
MON M00.W   data=0x0000000a          t=4655 ns
MON M00.B   resp=0               t=4665 ns
MON M01.AW  addr=0xa0010000            t=4785 ns
MON M01.W   data=0x00000004          t=4785 ns
MON M01.AR  addr=0xa0010000            t=5915 ns
MON M01.R   data=0x00000000 resp=0 t=5935 ns
PHASE_B: post-reset CDMACR = 0x00000000 (rst bit2=0)
MON M01.AW  addr=0xa0010000            t=6075 ns
MON M01.W   data=0x00000000          t=6075 ns
MON M01.AR  addr=0xa0010000            t=6215 ns
MON M01.R   data=0x00000000 resp=0 t=6235 ns
PHASE_B: CDMACR readback = 0x00000000 (keyhole bit5=0)
MON M01.AW  addr=0xa0010018            t=6375 ns
MON M01.W   data=0x5a5a1234          t=6375 ns
MON M01.AR  addr=0xa0010018            t=6515 ns
MON M01.R   data=0x5a5a1234 resp=0 t=6535 ns
PHASE_B: SA probe wrote 5A5A1234 read 0x5a5a1234
MON M01.AW  addr=0xa0010018            t=6675 ns
MON M01.W   data=0x00000000          t=6675 ns
MON M01.AW  addr=0xa0010020            t=6845 ns
MON M01.W   data=0xa0000068          t=6845 ns
MON M01.AW  addr=0xa0010028            t=7015 ns
MON M01.W   data=0x00000040          t=7015 ns
MON CDMA.AW addr=0xa0000068 len=5 burst=1 t=7135 ns
MON CDMA.AR addr=0x00000000 len=15 burst=1 t=7145 ns
MON M01.AR  addr=0xa0010004            t=7155 ns
MON M01.R   data=0x00000000 resp=0 t=7175 ns
PHASE_B: CDMASR just after kick = 0x00000000
MON M00.AW  addr=0xa0000068            t=7235 ns
MON M00.W   data=0xa5b00000          t=7235 ns
MON M00.W   data=0xa5b00001          t=7245 ns
MON M00.W   data=0xa5b00002          t=7255 ns
MON CDMA.AW addr=0xa0000080 len=9 burst=1 t=7265 ns
MON M00.W   data=0xa5b00003          t=7265 ns
MON M00.W   data=0xa5b00004          t=7275 ns
MON M01.AR  addr=0xa0010004            t=7285 ns
MON M00.W   data=0xa5b00005          t=7285 ns
MON M01.R   data=0x00000000 resp=0 t=7305 ns
MON M00.B   resp=0               t=7305 ns
MON M00.AW  addr=0xa0000080            t=7325 ns
MON M00.W   data=0xa5b00006          t=7325 ns
MON M00.W   data=0xa5b00007          t=7335 ns
MON M00.W   data=0xa5b00008          t=7345 ns
MON M00.W   data=0xa5b00009          t=7355 ns
MON M00.W   data=0xa5b0000a          t=7365 ns
MON M00.W   data=0xa5b0000b          t=7375 ns
MON M00.W   data=0xa5b0000c          t=7385 ns
MON M00.W   data=0xa5b0000d          t=7395 ns
MON M00.W   data=0xa5b0000e          t=7405 ns
MON M00.W   data=0xa5b0000f          t=7415 ns
MON M00.B   resp=0               t=7435 ns
MON M01.AR  addr=0xa0010004            t=7605 ns
MON M01.R   data=0x00001002 resp=0 t=7625 ns
PHASE_B: done=1 CDMASR=0x00001002 OCY=5 SPISR=0x00000021 TxEmpty=0
KEYHOLE_SIM: control (INCR) OCY=5 TxEmpty=0 CDMASR=0x00001002
PHASE_B: OBS aw=2 w=16 wready_low=4 addr_held=0
MON M00.AW  addr=0xa0000040            t=8205 ns
MON M00.W   data=0x0000000a          t=8205 ns
MON M00.B   resp=0               t=8215 ns
MON M01.AW  addr=0xa0010000            t=8335 ns
MON M01.W   data=0x00000004          t=8335 ns
MON M01.AR  addr=0xa0010000            t=9465 ns
MON M01.R   data=0x00000000 resp=0 t=9485 ns
PHASE_C: post-reset CDMACR = 0x00000000 (rst bit2=0)
MON M01.AW  addr=0xa0010000            t=9625 ns
MON M01.W   data=0x00000020          t=9625 ns
MON M01.AR  addr=0xa0010000            t=9765 ns
MON M01.R   data=0x00000020 resp=0 t=9785 ns
PHASE_C: CDMACR readback = 0x00000020 (keyhole bit5=1)
MON M01.AW  addr=0xa0010018            t=9925 ns
MON M01.W   data=0x5a5a1234          t=9925 ns
MON M01.AR  addr=0xa0010018            t=10065 ns
MON M01.R   data=0x5a5a1234 resp=0 t=10085 ns
PHASE_C: SA probe wrote 5A5A1234 read 0x5a5a1234
MON M01.AW  addr=0xa0010018            t=10225 ns
MON M01.W   data=0x00000000          t=10225 ns
MON M01.AW  addr=0xa0010020            t=10395 ns
MON M01.W   data=0xa0000068          t=10395 ns
MON M01.AW  addr=0xa0010028            t=10565 ns
MON M01.W   data=0x00000800          t=10565 ns
MON CDMA.AW addr=0xa0000068 len=5 burst=0 t=10685 ns
MON CDMA.AR addr=0x00000000 len=15 burst=1 t=10695 ns
MON M01.AR  addr=0xa0010004            t=10705 ns
MON M01.R   data=0x00000000 resp=0 t=10725 ns
MON CDMA.AR addr=0x00000040 len=15 burst=1 t=10735 ns
PHASE_C: CDMASR just after kick = 0x00000000
MON M00.AW  addr=0xa0000068            t=10785 ns
MON M00.W   data=0xa5b00000          t=10785 ns
MON M00.W   data=0xa5b00001          t=10795 ns
MON M00.W   data=0xa5b00002          t=10805 ns
MON CDMA.AW addr=0xa0000068 len=15 burst=0 t=10815 ns
MON M00.W   data=0xa5b00003          t=10815 ns
MON M00.W   data=0xa5b00004          t=10825 ns
MON M01.AR  addr=0xa0010004            t=10835 ns
MON M00.W   data=0xa5b00005          t=10835 ns
MON M01.R   data=0x00000000 resp=0 t=10855 ns
MON M00.B   resp=0               t=10855 ns
MON M00.AW  addr=0xa0000068            t=10875 ns
MON M00.W   data=0xa5b00006          t=10875 ns
MON M00.W   data=0xa5b00007          t=10885 ns
MON M00.W   data=0xa5b00008          t=10895 ns
MON CDMA.AW addr=0xa0000068 len=15 burst=0 t=10905 ns
MON M00.W   data=0xa5b00009          t=10905 ns
MON M00.W   data=0xa5b0000a          t=10915 ns
MON M00.W   data=0xa5b0000b          t=10925 ns
MON M00.W   data=0xa5b0000c          t=10935 ns
MON M00.W   data=0xa5b0000d          t=10945 ns
MON M00.W   data=0xa5b0000e          t=10955 ns
MON M00.W   data=0xa5b0000f          t=10965 ns
MON M00.W   data=0x3d78d12e          t=10975 ns
MON CDMA.AR addr=0x00000080 len=15 burst=1 t=10985 ns
MON M00.W   data=0xf51225d7          t=10985 ns
MON M00.W   data=0x9d3c62f2          t=10995 ns
MON M00.W   data=0x3eb1278c          t=11005 ns
MON M00.W   data=0x3977d502          t=11015 ns
MON M00.W   data=0xddab9055          t=11025 ns
MON M00.B   resp=0               t=11045 ns
MON M00.AW  addr=0xa0000068            t=11065 ns
MON M00.W   data=0x20dc14de          t=11065 ns
MON M00.W   data=0xcfec099e          t=11075 ns
MON M00.W   data=0xebb919c9          t=11085 ns
MON CDMA.AW addr=0xa0000068 len=15 burst=0 t=11095 ns
MON M00.W   data=0xbe1877ff          t=11095 ns
MON M00.W   data=0x0e9d3157          t=11105 ns
MON M00.W   data=0x2530eef8          t=11115 ns
MON M00.W   data=0xdbc408a5          t=11125 ns
MON M00.W   data=0x967de33d          t=11135 ns
MON M00.W   data=0xf51cf8a8          t=11145 ns
MON M01.AR  addr=0xa0010004            t=11155 ns
MON M00.W   data=0xc77d229d          t=11155 ns
MON M00.W   data=0x1c94a1f0          t=11165 ns
MON M01.R   data=0x00000000 resp=0 t=11175 ns
MON CDMA.AR addr=0x000000c0 len=15 burst=1 t=11175 ns
MON M00.W   data=0xe1531b9a          t=11175 ns
MON M00.W   data=0xd41a21ac          t=11185 ns
MON M00.W   data=0xfab06a90          t=11195 ns
MON M00.W   data=0x00b9261a          t=11205 ns
MON M00.W   data=0xe5829802          t=11215 ns
MON M00.B   resp=0               t=11235 ns
MON M00.AW  addr=0xa0000068            t=11255 ns
MON M00.W   data=0xcabe88fd          t=11255 ns
MON M00.W   data=0xdd4dc82d          t=11265 ns
MON M00.W   data=0x86d5b3eb          t=11275 ns
MON CDMA.AW addr=0xa0000068 len=15 burst=0 t=11285 ns
MON M00.W   data=0xded8aada          t=11285 ns
MON M00.W   data=0xd7fe32fb          t=11295 ns
MON M00.W   data=0x878eda3c          t=11305 ns
MON M00.W   data=0xc45b4325          t=11315 ns
MON M00.W   data=0xa2bcbc2f          t=11325 ns
MON M00.W   data=0x3dd805c5          t=11335 ns
MON M00.W   data=0xcb30f773          t=11345 ns
MON M00.W   data=0x17575e12          t=11355 ns
MON CDMA.AR addr=0x00000100 len=15 burst=1 t=11365 ns
MON M00.W   data=0x8c149c7f          t=11365 ns
MON M00.W   data=0xc0769f6d          t=11375 ns
MON M00.W   data=0xe608995d          t=11385 ns
MON M00.W   data=0xfb423ece          t=11395 ns
MON M00.W   data=0x385ca444          t=11405 ns
MON M00.B   resp=0               t=11425 ns
MON M00.AW  addr=0xa0000068            t=11445 ns
MON M00.W   data=0xdbb106e9          t=11445 ns
MON M00.W   data=0xd2999d19          t=11455 ns
MON M00.W   data=0xeb75ddf8          t=11465 ns
MON M01.AR  addr=0xa0010004            t=11475 ns
MON CDMA.AW addr=0xa0000068 len=15 burst=0 t=11475 ns
MON M00.W   data=0x9c27a664          t=11475 ns
MON M00.W   data=0xd19d99a6          t=11485 ns
MON M01.R   data=0x00000000 resp=0 t=11495 ns
MON M00.W   data=0xa6b81d11          t=11495 ns
MON M00.W   data=0xd4844b14          t=11505 ns
MON M00.W   data=0xed4ea101          t=11515 ns
MON M00.W   data=0xd24d1d84          t=11525 ns
MON M00.W   data=0xd8f58c3c          t=11535 ns
MON M00.W   data=0xd43db567          t=11545 ns
MON CDMA.AR addr=0x00000140 len=15 burst=1 t=11555 ns
MON M00.W   data=0xa68f46bd          t=11555 ns
MON M00.W   data=0xe84e501a          t=11565 ns
MON M00.W   data=0x08e7aea1          t=11575 ns
MON M00.W   data=0xfb322b14          t=11585 ns
MON M00.W   data=0xc0e2cbfa          t=11595 ns
MON M00.B   resp=0               t=11615 ns
MON M00.AW  addr=0xa0000068            t=11635 ns
MON M00.W   data=0x90513555          t=11635 ns
MON M00.W   data=0xcf6fe089          t=11645 ns
MON M00.W   data=0x806d761d          t=11655 ns
MON CDMA.AW addr=0xa0000068 len=15 burst=0 t=11665 ns
MON M00.W   data=0xf89f85be          t=11665 ns
MON M00.W   data=0xd8578f78          t=11675 ns
MON M00.W   data=0xfb9fa18c          t=11685 ns
MON M00.W   data=0xf98251e7          t=11695 ns
MON M00.W   data=0xc1a42803          t=11705 ns
MON M00.W   data=0xe40ae58d          t=11715 ns
MON M00.W   data=0xb9efc835          t=11725 ns
MON M00.W   data=0x300100b4          t=11735 ns
MON CDMA.AR addr=0x00000180 len=15 burst=1 t=11745 ns
MON M00.W   data=0x2af6984c          t=11745 ns
MON M00.W   data=0xd23d4f25          t=11755 ns
MON M00.W   data=0xfecf9e77          t=11765 ns
MON M00.W   data=0xf600b292          t=11775 ns
MON M00.W   data=0x8e41d341          t=11785 ns
MON M00.B   resp=0               t=11805 ns
MON M01.AR  addr=0xa0010004            t=11815 ns
MON M00.AW  addr=0xa0000068            t=11825 ns
MON M00.W   data=0xcf202b42          t=11825 ns
MON M01.R   data=0x00000000 resp=0 t=11835 ns
MON M00.W   data=0xe601b38a          t=11835 ns
MON M00.W   data=0xf9386bef          t=11845 ns
MON CDMA.AW addr=0xa0000068 len=15 burst=0 t=11855 ns
MON M00.W   data=0xfa58ddf1          t=11855 ns
MON M00.W   data=0xe4d1523b          t=11865 ns
MON M00.W   data=0x2f391ee9          t=11875 ns
MON M00.W   data=0xc89ab194          t=11885 ns
MON M00.W   data=0xf3f17ddd          t=11895 ns
MON M00.W   data=0xfc3f6f82          t=11905 ns
MON M00.W   data=0x28d7ba94          t=11915 ns
MON M00.W   data=0xf66e7ef2          t=11925 ns
MON CDMA.AR addr=0x000001c0 len=15 burst=1 t=11935 ns
MON M00.W   data=0xd88c6278          t=11935 ns
MON M00.W   data=0xfc20e0dd          t=11945 ns
MON M00.W   data=0x1ecc48fa          t=11955 ns
MON M00.W   data=0x2876cc15          t=11965 ns
MON M00.W   data=0x2121964b          t=11975 ns
MON M00.B   resp=0               t=11995 ns
MON M00.AW  addr=0xa0000068            t=12015 ns
MON M00.W   data=0x846b004e          t=12015 ns
MON M00.W   data=0x37e0ae5b          t=12025 ns
MON M00.W   data=0xd2a95c0c          t=12035 ns
MON CDMA.AW addr=0xa0000068 len=15 burst=0 t=12045 ns
MON M00.W   data=0xc08be18e          t=12045 ns
MON M00.W   data=0x96acf7a2          t=12055 ns
MON M00.W   data=0xd41b8b9f          t=12065 ns
MON M00.W   data=0xfaa8db25          t=12075 ns
MON M00.W   data=0xdb17f858          t=12085 ns
MON M00.W   data=0xf300d725          t=12095 ns
MON M00.W   data=0xb456d47c          t=12105 ns
MON M00.W   data=0x1dbc2c15          t=12115 ns
MON CDMA.AR addr=0x00000200 len=15 burst=1 t=12125 ns
MON M00.W   data=0x08d40a77          t=12125 ns
MON M01.AR  addr=0xa0010004            t=12135 ns
MON M00.W   data=0x219ff4f8          t=12135 ns
MON M00.W   data=0xeb9e277b          t=12145 ns
MON M01.R   data=0x00000000 resp=0 t=12155 ns
MON M00.W   data=0xec67a2fb          t=12155 ns
MON M00.W   data=0x2cb18a29          t=12165 ns
MON M00.B   resp=0               t=12185 ns
MON M00.AW  addr=0xa0000068            t=12205 ns
MON M00.W   data=0xdb24a33e          t=12205 ns
MON M00.W   data=0xa31f3275          t=12215 ns
MON M00.W   data=0x358594a0          t=12225 ns
MON CDMA.AW addr=0xa0000068 len=15 burst=0 t=12235 ns
MON M00.W   data=0x3cc49851          t=12235 ns
MON M00.W   data=0xcebd5a3a          t=12245 ns
MON M00.W   data=0xfae89af5          t=12255 ns
MON M00.W   data=0xa97622c3          t=12265 ns
MON M00.W   data=0x29e1fdb0          t=12275 ns
MON M00.W   data=0xf70330ed          t=12285 ns
MON M00.W   data=0xb7f71ac6          t=12295 ns
MON M00.W   data=0xde8df58e          t=12305 ns
MON CDMA.AR addr=0x00000240 len=15 burst=1 t=12315 ns
MON M00.W   data=0xfbacc37e          t=12315 ns
MON M00.W   data=0x840c46f3          t=12325 ns
MON M00.W   data=0xda8437cf          t=12335 ns
MON M00.W   data=0xe4ed98ec          t=12345 ns
MON M00.W   data=0x9276fa3b          t=12355 ns
MON M00.B   resp=0               t=12375 ns
MON M00.AW  addr=0xa0000068            t=12395 ns
MON M00.W   data=0xf34260fc          t=12395 ns
MON M00.W   data=0x037b8eb6          t=12405 ns
MON M00.W   data=0xb5285af9          t=12415 ns
MON CDMA.AW addr=0xa0000068 len=15 burst=0 t=12425 ns
MON M00.W   data=0xb74ea84f          t=12425 ns
MON M00.W   data=0x1dffc6d0          t=12435 ns
MON M00.W   data=0xda15f421          t=12445 ns
MON M01.AR  addr=0xa0010004            t=12455 ns
MON M00.W   data=0xc9c5a2ca          t=12455 ns
MON M00.W   data=0x91422827          t=12465 ns
MON M01.R   data=0x00000000 resp=0 t=12475 ns
MON M00.W   data=0xdd918300          t=12475 ns
MON M00.W   data=0xd7e9610f          t=12485 ns
MON M00.W   data=0x8981f6f6          t=12495 ns
MON CDMA.AR addr=0x00000280 len=15 burst=1 t=12505 ns
MON M00.W   data=0xef274afb          t=12505 ns
MON M00.W   data=0xc27867f0          t=12515 ns
MON M00.W   data=0xe9776172          t=12525 ns
MON M00.W   data=0xc4bcde7f          t=12535 ns
MON M00.W   data=0xd2d7b388          t=12545 ns
MON M00.B   resp=0               t=12565 ns
MON M00.AW  addr=0xa0000068            t=12585 ns
MON M00.W   data=0x9299c33b          t=12585 ns
MON M00.W   data=0xce3ed5c6          t=12595 ns
MON M00.W   data=0x01fefeae          t=12605 ns
MON CDMA.AW addr=0xa0000068 len=15 burst=0 t=12615 ns
MON M00.W   data=0xee0d8ea8          t=12615 ns
MON M00.W   data=0x10b19a94          t=12625 ns
MON M00.W   data=0x1fb740ad          t=12635 ns
MON M00.W   data=0xc0e54275          t=12645 ns
MON M00.W   data=0xe34b5e42          t=12655 ns
MON M00.W   data=0xedf616da          t=12665 ns
MON M00.W   data=0x1bdfa485          t=12675 ns
MON M00.W   data=0x9549de4b          t=12685 ns
MON CDMA.AR addr=0x000002c0 len=15 burst=1 t=12695 ns
MON M00.W   data=0xe5372021          t=12695 ns
MON M00.W   data=0xf8064f49          t=12705 ns
MON M00.W   data=0x2ddd60fe          t=12715 ns
MON M00.W   data=0x27e6ee9a          t=12725 ns
MON M00.W   data=0xf681c36f          t=12735 ns
MON M00.B   resp=0               t=12755 ns
MON M01.AR  addr=0xa0010004            t=12775 ns
MON M00.AW  addr=0xa0000068            t=12775 ns
MON M00.W   data=0x801fdc1c          t=12775 ns
MON M00.W   data=0xfd30cd28          t=12785 ns
MON M01.R   data=0x00000000 resp=0 t=12795 ns
MON M00.W   data=0xdbb8e3d3          t=12795 ns
MON CDMA.AW addr=0xa0000068 len=15 burst=0 t=12805 ns
MON M00.W   data=0xd1218ea9          t=12805 ns
MON M00.W   data=0x2b0e2eb2          t=12815 ns
MON M00.W   data=0x2aa46f5c          t=12825 ns
MON M00.W   data=0xaea7ef4a          t=12835 ns
MON M00.W   data=0xab2e0ace          t=12845 ns
MON M00.W   data=0xc0d0a016          t=12855 ns
MON M00.W   data=0x235c3657          t=12865 ns
MON M00.W   data=0xa144cdda          t=12875 ns
MON CDMA.AR addr=0x00000300 len=15 burst=1 t=12885 ns
MON M00.W   data=0x1967df66          t=12885 ns
MON M00.W   data=0xf8cbc619          t=12895 ns
MON M00.W   data=0x91cc2e51          t=12905 ns
MON M00.W   data=0xd9f16273          t=12915 ns
MON M00.W   data=0xe179d009          t=12925 ns
MON M00.B   resp=0               t=12945 ns
MON M00.AW  addr=0xa0000068            t=12965 ns
MON M00.W   data=0x0717f273          t=12965 ns
MON M00.W   data=0x143193dd          t=12975 ns
MON M00.W   data=0xbae1afa8          t=12985 ns
MON CDMA.AW addr=0xa0000068 len=15 burst=0 t=12995 ns
MON M00.W   data=0xd8df1c29          t=12995 ns
MON M00.W   data=0xe5fdc277          t=13005 ns
MON M00.W   data=0x2dce75cf          t=13015 ns
MON M00.W   data=0xfa58ec51          t=13025 ns
MON M00.W   data=0x8611183e          t=13035 ns
MON M00.W   data=0xc20009ea          t=13045 ns
MON M00.W   data=0xb53a9c66          t=13055 ns
MON M00.W   data=0xcb07869c          t=13065 ns
MON M00.W   data=0x92e5baf3          t=13075 ns
MON CDMA.AR addr=0x00000340 len=15 burst=1 t=13085 ns
MON M00.W   data=0xcaad5ea4          t=13085 ns
MON M01.AR  addr=0xa0010004            t=13095 ns
MON M00.W   data=0xb0b981f9          t=13095 ns
MON M00.W   data=0x003f4e9a          t=13105 ns
MON M01.R   data=0x00000000 resp=0 t=13115 ns
MON M00.W   data=0x17ec472e          t=13115 ns
MON M00.B   resp=0               t=13135 ns
MON M00.AW  addr=0xa0000068            t=13155 ns
MON M00.W   data=0x2fcc89af          t=13155 ns
MON M00.W   data=0x8b46d583          t=13165 ns
MON M00.W   data=0x83cd65ab          t=13175 ns
MON CDMA.AW addr=0xa0000068 len=15 burst=0 t=13185 ns
MON M00.W   data=0xe17e8568          t=13185 ns
MON M00.W   data=0x14fbbae6          t=13195 ns
MON M00.W   data=0x840cb49b          t=13205 ns
MON M00.W   data=0xd2663038          t=13215 ns
MON M00.W   data=0x1dc3a7f1          t=13225 ns
MON M00.W   data=0xa84eed88          t=13235 ns
MON M00.W   data=0xaf2ef92c          t=13245 ns
MON M00.W   data=0xfb7d37ec          t=13255 ns
MON CDMA.AR addr=0x00000380 len=15 burst=1 t=13265 ns
MON M00.W   data=0x8163adf6          t=13265 ns
MON M00.W   data=0xfc1e9e92          t=13275 ns
MON M00.W   data=0x991e09df          t=13285 ns
MON M00.W   data=0x0a52ad15          t=13295 ns
MON M00.W   data=0x90c59530          t=13305 ns
MON M00.B   resp=0               t=13325 ns
MON M00.AW  addr=0xa0000068            t=13345 ns
MON M00.W   data=0x25d6b7fc          t=13345 ns
MON M00.W   data=0xdecb4872          t=13355 ns
MON M00.W   data=0xd229434e          t=13365 ns
MON CDMA.AW addr=0xa0000068 len=15 burst=0 t=13375 ns
MON M00.W   data=0xe1f556ad          t=13375 ns
MON M00.W   data=0xd0e4b5ab          t=13385 ns
MON M00.W   data=0x1c7bf087          t=13395 ns
MON M00.W   data=0xf2baec28          t=13405 ns
MON M01.AR  addr=0xa0010004            t=13415 ns
MON M00.W   data=0x1dc00aa4          t=13415 ns
MON M00.W   data=0x14429c6d          t=13425 ns
MON M01.R   data=0x00000000 resp=0 t=13435 ns
MON M00.W   data=0xc4e42f96          t=13435 ns
MON M00.W   data=0xf9e07b93          t=13445 ns
MON CDMA.AR addr=0x000003c0 len=15 burst=1 t=13455 ns
MON M00.W   data=0xb4098b7a          t=13455 ns
MON M00.W   data=0xa8d4ebd8          t=13465 ns
MON M00.W   data=0xc0b8a217          t=13475 ns
MON M00.W   data=0xf9fb8c87          t=13485 ns
MON M00.W   data=0xc71f27e5          t=13495 ns
MON M00.B   resp=0               t=13515 ns
MON M00.AW  addr=0xa0000068            t=13535 ns
MON M00.W   data=0x3ac7d894          t=13535 ns
MON M00.W   data=0xf3dc084e          t=13545 ns
MON M00.W   data=0x94241696          t=13555 ns
MON CDMA.AW addr=0xa0000068 len=15 burst=0 t=13565 ns
MON M00.W   data=0x239cc4a6          t=13565 ns
MON M00.W   data=0xf494aa8f          t=13575 ns
MON M00.W   data=0xce1fa364          t=13585 ns
MON M00.W   data=0x2abbeca6          t=13595 ns
MON M00.W   data=0x96612043          t=13605 ns
MON M00.W   data=0x81fbabdc          t=13615 ns
MON M00.W   data=0xe5e4a05c          t=13625 ns
MON M00.W   data=0xfd2b3a7c          t=13635 ns
MON CDMA.AR addr=0x00000400 len=15 burst=1 t=13645 ns
MON M00.W   data=0x8f10277b          t=13645 ns
MON M00.W   data=0xfd894df3          t=13655 ns
MON M00.W   data=0xd759ee19          t=13665 ns
MON M00.W   data=0x273bdf03          t=13675 ns
MON M00.W   data=0xf06a0618          t=13685 ns
MON M00.B   resp=0               t=13705 ns
MON M00.AW  addr=0xa0000068            t=13725 ns
MON M00.W   data=0xca81e17a          t=13725 ns
MON M01.AR  addr=0xa0010004            t=13735 ns
MON M00.W   data=0xa46719c3          t=13735 ns
MON M00.W   data=0x267ecaaf          t=13745 ns
MON M01.R   data=0x00000000 resp=0 t=13755 ns
MON CDMA.AW addr=0xa0000068 len=15 burst=0 t=13755 ns
MON M00.W   data=0x080b2fdd          t=13755 ns
MON M00.W   data=0xd4bc6b3f          t=13765 ns
MON M00.W   data=0xe6b60d4e          t=13775 ns
MON M00.W   data=0x11709925          t=13785 ns
MON M00.W   data=0xdf3e4d29          t=13795 ns
MON M00.W   data=0xe4188a5e          t=13805 ns
MON M00.W   data=0xf7ef644d          t=13815 ns
MON CDMA.AR addr=0x00000440 len=15 burst=1 t=13835 ns
MON M01.AR  addr=0xa0010004            t=14055 ns
MON M01.R   data=0x00000000 resp=0 t=14075 ns
MON M01.AR  addr=0xa0010004            t=14375 ns
MON M01.R   data=0x00000000 resp=0 t=14395 ns
MON M01.AR  addr=0xa0010004            t=14695 ns
MON M01.R   data=0x00000000 resp=0 t=14715 ns
MON M01.AR  addr=0xa0010004            t=15015 ns
MON M01.R   data=0x00000000 resp=0 t=15035 ns
MON M01.AR  addr=0xa0010004            t=15335 ns
MON M01.R   data=0x00000000 resp=0 t=15355 ns
MON M01.AR  addr=0xa0010004            t=15655 ns
MON M01.R   data=0x00000000 resp=0 t=15675 ns
MON M01.AR  addr=0xa0010004            t=15975 ns
MON M01.R   data=0x00000000 resp=0 t=15995 ns
MON M01.AR  addr=0xa0010004            t=16295 ns
MON M01.R   data=0x00000000 resp=0 t=16315 ns
MON M01.AR  addr=0xa0010004            t=16615 ns
MON M01.R   data=0x00000000 resp=0 t=16635 ns
MON M01.AR  addr=0xa0010004            t=16935 ns
MON M01.R   data=0x00000000 resp=0 t=16955 ns
MON M01.AR  addr=0xa0010004            t=17255 ns
MON M01.R   data=0x00000000 resp=0 t=17275 ns
MON M01.AR  addr=0xa0010004            t=17575 ns
MON M01.R   data=0x00000000 resp=0 t=17595 ns
MON M01.AR  addr=0xa0010004            t=17895 ns
MON M01.R   data=0x00000000 resp=0 t=17915 ns
MON M01.AR  addr=0xa0010004            t=18215 ns
MON M01.R   data=0x00000000 resp=0 t=18235 ns
MON M01.AR  addr=0xa0010004            t=18535 ns
MON M01.R   data=0x00000000 resp=0 t=18555 ns
MON M01.AR  addr=0xa0010004            t=18855 ns
MON M01.R   data=0x00000000 resp=0 t=18875 ns
MON M01.AR  addr=0xa0010004            t=19175 ns
MON M01.R   data=0x00000000 resp=0 t=19195 ns
MON M01.AR  addr=0xa0010004            t=19495 ns
MON M01.R   data=0x00000000 resp=0 t=19515 ns
MON M01.AR  addr=0xa0010004            t=19815 ns
MON M01.R   data=0x00000000 resp=0 t=19835 ns
MON M01.AR  addr=0xa0010004            t=20135 ns
MON M01.R   data=0x00000000 resp=0 t=20155 ns
MON M01.AR  addr=0xa0010004            t=20455 ns
MON M01.R   data=0x00000000 resp=0 t=20475 ns
MON M01.AR  addr=0xa0010004            t=20775 ns
MON M01.R   data=0x00000000 resp=0 t=20795 ns
MON M01.AR  addr=0xa0010004            t=21095 ns
MON M01.R   data=0x00000000 resp=0 t=21115 ns
MON M01.AR  addr=0xa0010004            t=21415 ns
MON M01.R   data=0x00000000 resp=0 t=21435 ns
MON M01.AR  addr=0xa0010004            t=21735 ns
MON M01.R   data=0x00000000 resp=0 t=21755 ns
MON M01.AR  addr=0xa0010004            t=22055 ns
MON M01.R   data=0x00000000 resp=0 t=22075 ns
MON M01.AR  addr=0xa0010004            t=22375 ns
MON M01.R   data=0x00000000 resp=0 t=22395 ns
MON M01.AR  addr=0xa0010004            t=22695 ns
MON M01.R   data=0x00000000 resp=0 t=22715 ns
MON M01.AR  addr=0xa0010004            t=23015 ns
MON M01.R   data=0x00000000 resp=0 t=23035 ns
MON M01.AR  addr=0xa0010004            t=23335 ns
MON M01.R   data=0x00000000 resp=0 t=23355 ns
MON M01.AR  addr=0xa0010004            t=23655 ns
MON M01.R   data=0x00000000 resp=0 t=23675 ns
MON M01.AR  addr=0xa0010004            t=23975 ns
MON M01.R   data=0x00000000 resp=0 t=23995 ns
MON M01.AR  addr=0xa0010004            t=24295 ns
MON M01.R   data=0x00000000 resp=0 t=24315 ns
MON M01.AR  addr=0xa0010004            t=24615 ns
MON M01.R   data=0x00000000 resp=0 t=24635 ns
MON M01.AR  addr=0xa0010004            t=24935 ns
MON M01.R   data=0x00000000 resp=0 t=24955 ns
MON M01.AR  addr=0xa0010004            t=25255 ns
MON M01.R   data=0x00000000 resp=0 t=25275 ns
MON M01.AR  addr=0xa0010004            t=25575 ns
MON M01.R   data=0x00000000 resp=0 t=25595 ns
MON M01.AR  addr=0xa0010004            t=25895 ns
MON M01.R   data=0x00000000 resp=0 t=25915 ns
MON M01.AR  addr=0xa0010004            t=26215 ns
MON M01.R   data=0x00000000 resp=0 t=26235 ns
MON M01.AR  addr=0xa0010004            t=26535 ns
MON M01.R   data=0x00000000 resp=0 t=26555 ns
MON M01.AR  addr=0xa0010004            t=26855 ns
MON M01.R   data=0x00000000 resp=0 t=26875 ns
MON M01.AR  addr=0xa0010004            t=27175 ns
MON M01.R   data=0x00000000 resp=0 t=27195 ns
MON M01.AR  addr=0xa0010004            t=27495 ns
MON M01.R   data=0x00000000 resp=0 t=27515 ns
MON M01.AR  addr=0xa0010004            t=27815 ns
MON M01.R   data=0x00000000 resp=0 t=27835 ns
MON M01.AR  addr=0xa0010004            t=28135 ns
MON M01.R   data=0x00000000 resp=0 t=28155 ns
MON M01.AR  addr=0xa0010004            t=28455 ns
MON M01.R   data=0x00000000 resp=0 t=28475 ns
MON M01.AR  addr=0xa0010004            t=28775 ns
MON M01.R   data=0x00000000 resp=0 t=28795 ns
MON M01.AR  addr=0xa0010004            t=29095 ns
MON M01.R   data=0x00000000 resp=0 t=29115 ns
MON M01.AR  addr=0xa0010004            t=29415 ns
MON M01.R   data=0x00000000 resp=0 t=29435 ns
MON M01.AR  addr=0xa0010004            t=29735 ns
MON M01.R   data=0x00000000 resp=0 t=29755 ns
MON M01.AR  addr=0xa0010004            t=30055 ns
MON M01.R   data=0x00000000 resp=0 t=30075 ns
MON M01.AR  addr=0xa0010004            t=30375 ns
MON M01.R   data=0x00000000 resp=0 t=30395 ns
MON M01.AR  addr=0xa0010004            t=30695 ns
MON M01.R   data=0x00000000 resp=0 t=30715 ns
MON M01.AR  addr=0xa0010004            t=31015 ns
MON M01.R   data=0x00000000 resp=0 t=31035 ns
MON M01.AR  addr=0xa0010004            t=31335 ns
MON M01.R   data=0x00000000 resp=0 t=31355 ns
MON M01.AR  addr=0xa0010004            t=31655 ns
MON M01.R   data=0x00000000 resp=0 t=31675 ns
MON M01.AR  addr=0xa0010004            t=31975 ns
MON M01.R   data=0x00000000 resp=0 t=31995 ns
MON M01.AR  addr=0xa0010004            t=32295 ns
MON M01.R   data=0x00000000 resp=0 t=32315 ns
MON M01.AR  addr=0xa0010004            t=32615 ns
MON M01.R   data=0x00000000 resp=0 t=32635 ns
MON M01.AR  addr=0xa0010004            t=32935 ns
MON M01.R   data=0x00000000 resp=0 t=32955 ns
MON M01.AR  addr=0xa0010004            t=33255 ns
MON M01.R   data=0x00000000 resp=0 t=33275 ns
MON M01.AR  addr=0xa0010004            t=33575 ns
MON M01.R   data=0x00000000 resp=0 t=33595 ns
MON M01.AR  addr=0xa0010004            t=33895 ns
MON M01.R   data=0x00000000 resp=0 t=33915 ns
MON M01.AR  addr=0xa0010004            t=34215 ns
MON M01.R   data=0x00000000 resp=0 t=34235 ns
MON M01.AR  addr=0xa0010004            t=34535 ns
MON M01.R   data=0x00000000 resp=0 t=34555 ns
MON M01.AR  addr=0xa0010004            t=34855 ns
MON M01.R   data=0x00000000 resp=0 t=34875 ns
MON M01.AR  addr=0xa0010004            t=35175 ns
MON M01.R   data=0x00000000 resp=0 t=35195 ns
MON M01.AR  addr=0xa0010004            t=35495 ns
MON M01.R   data=0x00000000 resp=0 t=35515 ns
MON M01.AR  addr=0xa0010004            t=35815 ns
MON M01.R   data=0x00000000 resp=0 t=35835 ns
MON M01.AR  addr=0xa0010004            t=36135 ns
MON M01.R   data=0x00000000 resp=0 t=36155 ns
MON M01.AR  addr=0xa0010004            t=36455 ns
MON M01.R   data=0x00000000 resp=0 t=36475 ns
MON M01.AR  addr=0xa0010004            t=36775 ns
MON M01.R   data=0x00000000 resp=0 t=36795 ns
MON M01.AR  addr=0xa0010004            t=37095 ns
MON M01.R   data=0x00000000 resp=0 t=37115 ns
MON M01.AR  addr=0xa0010004            t=37415 ns
MON M01.R   data=0x00000000 resp=0 t=37435 ns
MON M01.AR  addr=0xa0010004            t=37735 ns
MON M01.R   data=0x00000000 resp=0 t=37755 ns
MON M01.AR  addr=0xa0010004            t=38055 ns
MON M01.R   data=0x00000000 resp=0 t=38075 ns
MON M01.AR  addr=0xa0010004            t=38375 ns
MON M01.R   data=0x00000000 resp=0 t=38395 ns
MON M01.AR  addr=0xa0010004            t=38695 ns
MON M01.R   data=0x00000000 resp=0 t=38715 ns
MON M01.AR  addr=0xa0010004            t=39015 ns
MON M01.R   data=0x00000000 resp=0 t=39035 ns
MON M01.AR  addr=0xa0010004            t=39335 ns
MON M01.R   data=0x00000000 resp=0 t=39355 ns
MON M01.AR  addr=0xa0010004            t=39655 ns
MON M01.R   data=0x00000000 resp=0 t=39675 ns
MON M01.AR  addr=0xa0010004            t=39975 ns
MON M01.R   data=0x00000000 resp=0 t=39995 ns
MON M01.AR  addr=0xa0010004            t=40295 ns
MON M01.R   data=0x00000000 resp=0 t=40315 ns
MON M01.AR  addr=0xa0010004            t=40615 ns
MON M01.R   data=0x00000000 resp=0 t=40635 ns
MON M01.AR  addr=0xa0010004            t=40935 ns
MON M01.R   data=0x00000000 resp=0 t=40955 ns
MON M01.AR  addr=0xa0010004            t=41255 ns
MON M01.R   data=0x00000000 resp=0 t=41275 ns
MON M01.AR  addr=0xa0010004            t=41575 ns
MON M01.R   data=0x00000000 resp=0 t=41595 ns
MON M01.AR  addr=0xa0010004            t=41895 ns
MON M01.R   data=0x00000000 resp=0 t=41915 ns
MON M01.AR  addr=0xa0010004            t=42215 ns
MON M01.R   data=0x00000000 resp=0 t=42235 ns
MON M01.AR  addr=0xa0010004            t=42535 ns
MON M01.R   data=0x00000000 resp=0 t=42555 ns
MON M01.AR  addr=0xa0010004            t=42855 ns
MON M01.R   data=0x00000000 resp=0 t=42875 ns
MON M01.AR  addr=0xa0010004            t=43175 ns
MON M01.R   data=0x00000000 resp=0 t=43195 ns
MON M01.AR  addr=0xa0010004            t=43495 ns
MON M01.R   data=0x00000000 resp=0 t=43515 ns
MON M01.AR  addr=0xa0010004            t=43815 ns
MON M01.R   data=0x00000000 resp=0 t=43835 ns
MON M01.AR  addr=0xa0010004            t=44135 ns
MON M01.R   data=0x00000000 resp=0 t=44155 ns
MON M01.AR  addr=0xa0010004            t=44455 ns
MON M01.R   data=0x00000000 resp=0 t=44475 ns
MON M01.AR  addr=0xa0010004            t=44775 ns
MON M01.R   data=0x00000000 resp=0 t=44795 ns
MON M01.AR  addr=0xa0010004            t=45095 ns
MON M01.R   data=0x00000000 resp=0 t=45115 ns
MON M01.AR  addr=0xa0010004            t=45415 ns
MON M01.R   data=0x00000000 resp=0 t=45435 ns
MON M01.AR  addr=0xa0010004            t=45735 ns
MON M01.R   data=0x00000000 resp=0 t=45755 ns
MON M01.AR  addr=0xa0010004            t=46055 ns
MON M01.R   data=0x00000000 resp=0 t=46075 ns
MON M01.AR  addr=0xa0010004            t=46375 ns
MON M01.R   data=0x00000000 resp=0 t=46395 ns
MON M01.AR  addr=0xa0010004            t=46695 ns
MON M01.R   data=0x00000000 resp=0 t=46715 ns
MON M01.AR  addr=0xa0010004            t=47015 ns
MON M01.R   data=0x00000000 resp=0 t=47035 ns
MON M01.AR  addr=0xa0010004            t=47335 ns
MON M01.R   data=0x00000000 resp=0 t=47355 ns
MON M01.AR  addr=0xa0010004            t=47655 ns
MON M01.R   data=0x00000000 resp=0 t=47675 ns
MON M01.AR  addr=0xa0010004            t=47975 ns
MON M01.R   data=0x00000000 resp=0 t=47995 ns
MON M01.AR  addr=0xa0010004            t=48295 ns
MON M01.R   data=0x00000000 resp=0 t=48315 ns
MON M01.AR  addr=0xa0010004            t=48615 ns
MON M01.R   data=0x00000000 resp=0 t=48635 ns
MON M01.AR  addr=0xa0010004            t=48935 ns
MON M01.R   data=0x00000000 resp=0 t=48955 ns
MON M01.AR  addr=0xa0010004            t=49255 ns
MON M01.R   data=0x00000000 resp=0 t=49275 ns
MON M01.AR  addr=0xa0010004            t=49575 ns
MON M01.R   data=0x00000000 resp=0 t=49595 ns
MON M01.AR  addr=0xa0010004            t=49895 ns
MON M01.R   data=0x00000000 resp=0 t=49915 ns
MON M01.AR  addr=0xa0010004            t=50215 ns
MON M01.R   data=0x00000000 resp=0 t=50235 ns
MON M01.AR  addr=0xa0010004            t=50535 ns
MON M01.R   data=0x00000000 resp=0 t=50555 ns
MON M01.AR  addr=0xa0010004            t=50855 ns
MON M01.R   data=0x00000000 resp=0 t=50875 ns
MON M01.AR  addr=0xa0010004            t=51175 ns
MON M01.R   data=0x00000000 resp=0 t=51195 ns
MON M01.AR  addr=0xa0010004            t=51495 ns
MON M01.R   data=0x00000000 resp=0 t=51515 ns
MON M01.AR  addr=0xa0010004            t=51815 ns
MON M01.R   data=0x00000000 resp=0 t=51835 ns
MON M01.AR  addr=0xa0010004            t=52135 ns
MON M01.R   data=0x00000000 resp=0 t=52155 ns
MON M01.AR  addr=0xa0010004            t=52455 ns
MON M01.R   data=0x00000000 resp=0 t=52475 ns
MON M01.AR  addr=0xa0010004            t=52775 ns
MON M01.R   data=0x00000000 resp=0 t=52795 ns
MON M01.AR  addr=0xa0010004            t=53095 ns
MON M01.R   data=0x00000000 resp=0 t=53115 ns
MON M01.AR  addr=0xa0010004            t=53415 ns
MON M01.R   data=0x00000000 resp=0 t=53435 ns
MON M01.AR  addr=0xa0010004            t=53735 ns
MON M01.R   data=0x00000000 resp=0 t=53755 ns
MON M01.AR  addr=0xa0010004            t=54055 ns
MON M01.R   data=0x00000000 resp=0 t=54075 ns
MON M01.AR  addr=0xa0010004            t=54375 ns
MON M01.R   data=0x00000000 resp=0 t=54395 ns
MON M01.AR  addr=0xa0010004            t=54695 ns
MON M01.R   data=0x00000000 resp=0 t=54715 ns
MON M01.AR  addr=0xa0010004            t=55015 ns
MON M01.R   data=0x00000000 resp=0 t=55035 ns
MON M01.AR  addr=0xa0010004            t=55335 ns
MON M01.R   data=0x00000000 resp=0 t=55355 ns
MON M01.AR  addr=0xa0010004            t=55655 ns
MON M01.R   data=0x00000000 resp=0 t=55675 ns
MON M01.AR  addr=0xa0010004            t=55975 ns
MON M01.R   data=0x00000000 resp=0 t=55995 ns
MON M01.AR  addr=0xa0010004            t=56295 ns
MON M01.R   data=0x00000000 resp=0 t=56315 ns
MON M01.AR  addr=0xa0010004            t=56615 ns
MON M01.R   data=0x00000000 resp=0 t=56635 ns
MON M01.AR  addr=0xa0010004            t=56935 ns
MON M01.R   data=0x00000000 resp=0 t=56955 ns
MON M01.AR  addr=0xa0010004            t=57255 ns
MON M01.R   data=0x00000000 resp=0 t=57275 ns
MON M01.AR  addr=0xa0010004            t=57575 ns
MON M01.R   data=0x00000000 resp=0 t=57595 ns
MON M01.AR  addr=0xa0010004            t=57895 ns
MON M01.R   data=0x00000000 resp=0 t=57915 ns
MON M01.AR  addr=0xa0010004            t=58215 ns
MON M01.R   data=0x00000000 resp=0 t=58235 ns
MON M01.AR  addr=0xa0010004            t=58535 ns
MON M01.R   data=0x00000000 resp=0 t=58555 ns
MON M01.AR  addr=0xa0010004            t=58855 ns
MON M01.R   data=0x00000000 resp=0 t=58875 ns
MON M01.AR  addr=0xa0010004            t=59175 ns
MON M01.R   data=0x00000000 resp=0 t=59195 ns
MON M01.AR  addr=0xa0010004            t=59495 ns
MON M01.R   data=0x00000000 resp=0 t=59515 ns
MON M01.AR  addr=0xa0010004            t=59815 ns
MON M01.R   data=0x00000000 resp=0 t=59835 ns
MON M01.AR  addr=0xa0010004            t=60135 ns
MON M01.R   data=0x00000000 resp=0 t=60155 ns
MON M01.AR  addr=0xa0010004            t=60455 ns
MON M01.R   data=0x00000000 resp=0 t=60475 ns
MON M01.AR  addr=0xa0010004            t=60775 ns
MON M01.R   data=0x00000000 resp=0 t=60795 ns
MON M01.AR  addr=0xa0010004            t=61095 ns
MON M01.R   data=0x00000000 resp=0 t=61115 ns
MON M01.AR  addr=0xa0010004            t=61415 ns
MON M01.R   data=0x00000000 resp=0 t=61435 ns
MON M01.AR  addr=0xa0010004            t=61735 ns
MON M01.R   data=0x00000000 resp=0 t=61755 ns
MON M01.AR  addr=0xa0010004            t=62055 ns
MON M01.R   data=0x00000000 resp=0 t=62075 ns
MON M01.AR  addr=0xa0010004            t=62375 ns
MON M01.R   data=0x00000000 resp=0 t=62395 ns
MON M01.AR  addr=0xa0010004            t=62695 ns
MON M01.R   data=0x00000000 resp=0 t=62715 ns
MON M01.AR  addr=0xa0010004            t=63015 ns
MON M01.R   data=0x00000000 resp=0 t=63035 ns
MON M01.AR  addr=0xa0010004            t=63335 ns
MON M01.R   data=0x00000000 resp=0 t=63355 ns
MON M01.AR  addr=0xa0010004            t=63655 ns
MON M01.R   data=0x00000000 resp=0 t=63675 ns
MON M01.AR  addr=0xa0010004            t=63975 ns
MON M01.R   data=0x00000000 resp=0 t=63995 ns
MON M01.AR  addr=0xa0010004            t=64295 ns
MON M01.R   data=0x00000000 resp=0 t=64315 ns
MON M01.AR  addr=0xa0010004            t=64615 ns
MON M01.R   data=0x00000000 resp=0 t=64635 ns
MON M01.AR  addr=0xa0010004            t=64935 ns
MON M01.R   data=0x00000000 resp=0 t=64955 ns
MON M01.AR  addr=0xa0010004            t=65255 ns
MON M01.R   data=0x00000000 resp=0 t=65275 ns
MON M01.AR  addr=0xa0010004            t=65575 ns
MON M01.R   data=0x00000000 resp=0 t=65595 ns
MON M01.AR  addr=0xa0010004            t=65895 ns
MON M01.R   data=0x00000000 resp=0 t=65915 ns
MON M01.AR  addr=0xa0010004            t=66215 ns
MON M01.R   data=0x00000000 resp=0 t=66235 ns
MON M01.AR  addr=0xa0010004            t=66535 ns
MON M01.R   data=0x00000000 resp=0 t=66555 ns
MON M01.AR  addr=0xa0010004            t=66855 ns
MON M01.R   data=0x00000000 resp=0 t=66875 ns
MON M01.AR  addr=0xa0010004            t=67175 ns
MON M01.R   data=0x00000000 resp=0 t=67195 ns
MON M01.AR  addr=0xa0010004            t=67495 ns
MON M01.R   data=0x00000000 resp=0 t=67515 ns
MON M01.AR  addr=0xa0010004            t=67815 ns
MON M01.R   data=0x00000000 resp=0 t=67835 ns
MON M01.AR  addr=0xa0010004            t=68135 ns
MON M01.R   data=0x00000000 resp=0 t=68155 ns
MON M01.AR  addr=0xa0010004            t=68455 ns
MON M01.R   data=0x00000000 resp=0 t=68475 ns
MON M01.AR  addr=0xa0010004            t=68775 ns
MON M01.R   data=0x00000000 resp=0 t=68795 ns
MON M01.AR  addr=0xa0010004            t=69095 ns
MON M01.R   data=0x00000000 resp=0 t=69115 ns
MON M01.AR  addr=0xa0010004            t=69415 ns
MON M01.R   data=0x00000000 resp=0 t=69435 ns
MON M01.AR  addr=0xa0010004            t=69735 ns
MON M01.R   data=0x00000000 resp=0 t=69755 ns
MON M01.AR  addr=0xa0010004            t=70055 ns
MON M01.R   data=0x00000000 resp=0 t=70075 ns
MON M01.AR  addr=0xa0010004            t=70375 ns
MON M01.R   data=0x00000000 resp=0 t=70395 ns
MON M01.AR  addr=0xa0010004            t=70695 ns
MON M01.R   data=0x00000000 resp=0 t=70715 ns
MON M01.AR  addr=0xa0010004            t=71015 ns
MON M01.R   data=0x00000000 resp=0 t=71035 ns
MON M01.AR  addr=0xa0010004            t=71335 ns
MON M01.R   data=0x00000000 resp=0 t=71355 ns
MON M01.AR  addr=0xa0010004            t=71655 ns
MON M01.R   data=0x00000000 resp=0 t=71675 ns
MON M01.AR  addr=0xa0010004            t=71975 ns
MON M01.R   data=0x00000000 resp=0 t=71995 ns
MON M01.AR  addr=0xa0010004            t=72295 ns
MON M01.R   data=0x00000000 resp=0 t=72315 ns
MON M01.AR  addr=0xa0010004            t=72615 ns
MON M01.R   data=0x00000000 resp=0 t=72635 ns
MON M01.AR  addr=0xa0010004            t=72935 ns
MON M01.R   data=0x00000000 resp=0 t=72955 ns
MON M01.AR  addr=0xa0010004            t=73255 ns
MON M01.R   data=0x00000000 resp=0 t=73275 ns
MON M01.AR  addr=0xa0010004            t=73575 ns
MON M01.R   data=0x00000000 resp=0 t=73595 ns
MON M01.AR  addr=0xa0010004            t=73895 ns
MON M01.R   data=0x00000000 resp=0 t=73915 ns
MON M01.AR  addr=0xa0010004            t=74215 ns
MON M01.R   data=0x00000000 resp=0 t=74235 ns
MON M01.AR  addr=0xa0010004            t=74535 ns
MON M01.R   data=0x00000000 resp=0 t=74555 ns
MON M01.AR  addr=0xa0010004            t=74855 ns
MON M01.R   data=0x00000000 resp=0 t=74875 ns
MON M01.AR  addr=0xa0010004            t=75175 ns
MON M01.R   data=0x00000000 resp=0 t=75195 ns
MON M01.AR  addr=0xa0010004            t=75495 ns
MON M01.R   data=0x00000000 resp=0 t=75515 ns
MON M01.AR  addr=0xa0010004            t=75815 ns
MON M01.R   data=0x00000000 resp=0 t=75835 ns
MON M01.AR  addr=0xa0010004            t=76135 ns
MON M01.R   data=0x00000000 resp=0 t=76155 ns
MON M01.AR  addr=0xa0010004            t=76455 ns
MON M01.R   data=0x00000000 resp=0 t=76475 ns
MON M01.AR  addr=0xa0010004            t=76775 ns
MON M01.R   data=0x00000000 resp=0 t=76795 ns
MON M01.AR  addr=0xa0010004            t=77095 ns
MON M01.R   data=0x00000000 resp=0 t=77115 ns
MON M01.AR  addr=0xa0010004            t=77415 ns
MON M01.R   data=0x00000000 resp=0 t=77435 ns
MON M01.AR  addr=0xa0010004            t=77735 ns
MON M01.R   data=0x00000000 resp=0 t=77755 ns
MON M01.AR  addr=0xa0010004            t=78055 ns
MON M01.R   data=0x00000000 resp=0 t=78075 ns
MON M01.AR  addr=0xa0010004            t=78375 ns
MON M01.R   data=0x00000000 resp=0 t=78395 ns
MON M01.AR  addr=0xa0010004            t=78695 ns
MON M01.R   data=0x00000000 resp=0 t=78715 ns
MON M01.AR  addr=0xa0010004            t=79015 ns
MON M01.R   data=0x00000000 resp=0 t=79035 ns
MON M01.AR  addr=0xa0010004            t=79335 ns
MON M01.R   data=0x00000000 resp=0 t=79355 ns
MON M01.AR  addr=0xa0010004            t=79655 ns
MON M01.R   data=0x00000000 resp=0 t=79675 ns
MON M01.AR  addr=0xa0010004            t=79975 ns
MON M01.R   data=0x00000000 resp=0 t=79995 ns
MON M01.AR  addr=0xa0010004            t=80295 ns
MON M01.R   data=0x00000000 resp=0 t=80315 ns
MON M01.AR  addr=0xa0010004            t=80615 ns
MON M01.R   data=0x00000000 resp=0 t=80635 ns
MON M01.AR  addr=0xa0010004            t=80935 ns
MON M01.R   data=0x00000000 resp=0 t=80955 ns
MON M01.AR  addr=0xa0010004            t=81255 ns
MON M01.R   data=0x00000000 resp=0 t=81275 ns
MON M01.AR  addr=0xa0010004            t=81575 ns
MON M01.R   data=0x00000000 resp=0 t=81595 ns
MON M01.AR  addr=0xa0010004            t=81895 ns
MON M01.R   data=0x00000000 resp=0 t=81915 ns
MON M01.AR  addr=0xa0010004            t=82215 ns
MON M01.R   data=0x00000000 resp=0 t=82235 ns
MON M01.AR  addr=0xa0010004            t=82535 ns
MON M01.R   data=0x00000000 resp=0 t=82555 ns
MON M01.AR  addr=0xa0010004            t=82855 ns
MON M01.R   data=0x00000000 resp=0 t=82875 ns
MON M01.AR  addr=0xa0010004            t=83175 ns
MON M01.R   data=0x00000000 resp=0 t=83195 ns
MON M01.AR  addr=0xa0010004            t=83495 ns
MON M01.R   data=0x00000000 resp=0 t=83515 ns
MON M01.AR  addr=0xa0010004            t=83815 ns
MON M01.R   data=0x00000000 resp=0 t=83835 ns
MON M01.AR  addr=0xa0010004            t=84135 ns
MON M01.R   data=0x00000000 resp=0 t=84155 ns
MON M01.AR  addr=0xa0010004            t=84455 ns
MON M01.R   data=0x00000000 resp=0 t=84475 ns
MON M01.AR  addr=0xa0010004            t=84775 ns
MON M01.R   data=0x00000000 resp=0 t=84795 ns
MON M01.AR  addr=0xa0010004            t=85095 ns
MON M01.R   data=0x00000000 resp=0 t=85115 ns
MON M01.AR  addr=0xa0010004            t=85415 ns
MON M01.R   data=0x00000000 resp=0 t=85435 ns
MON M01.AR  addr=0xa0010004            t=85735 ns
MON M01.R   data=0x00000000 resp=0 t=85755 ns
MON M01.AR  addr=0xa0010004            t=86055 ns
MON M01.R   data=0x00000000 resp=0 t=86075 ns
MON M01.AR  addr=0xa0010004            t=86375 ns
MON M01.R   data=0x00000000 resp=0 t=86395 ns
MON M01.AR  addr=0xa0010004            t=86695 ns
MON M01.R   data=0x00000000 resp=0 t=86715 ns
MON M01.AR  addr=0xa0010004            t=87015 ns
MON M01.R   data=0x00000000 resp=0 t=87035 ns
MON M01.AR  addr=0xa0010004            t=87335 ns
MON M01.R   data=0x00000000 resp=0 t=87355 ns
MON M01.AR  addr=0xa0010004            t=87655 ns
MON M01.R   data=0x00000000 resp=0 t=87675 ns
MON M01.AR  addr=0xa0010004            t=87975 ns
MON M01.R   data=0x00000000 resp=0 t=87995 ns
MON M01.AR  addr=0xa0010004            t=88295 ns
MON M01.R   data=0x00000000 resp=0 t=88315 ns
MON M01.AR  addr=0xa0010004            t=88615 ns
MON M01.R   data=0x00000000 resp=0 t=88635 ns
MON M01.AR  addr=0xa0010004            t=88935 ns
MON M01.R   data=0x00000000 resp=0 t=88955 ns
MON M01.AR  addr=0xa0010004            t=89255 ns
MON M01.R   data=0x00000000 resp=0 t=89275 ns
MON M01.AR  addr=0xa0010004            t=89575 ns
MON M01.R   data=0x00000000 resp=0 t=89595 ns
MON M01.AR  addr=0xa0010004            t=89895 ns
MON M01.R   data=0x00000000 resp=0 t=89915 ns
MON M01.AR  addr=0xa0010004            t=90215 ns
MON M01.R   data=0x00000000 resp=0 t=90235 ns
MON M01.AR  addr=0xa0010004            t=90535 ns
MON M01.R   data=0x00000000 resp=0 t=90555 ns
MON M01.AR  addr=0xa0010004            t=90855 ns
MON M01.R   data=0x00000000 resp=0 t=90875 ns
MON M01.AR  addr=0xa0010004            t=91175 ns
MON M01.R   data=0x00000000 resp=0 t=91195 ns
MON M01.AR  addr=0xa0010004            t=91495 ns
MON M01.R   data=0x00000000 resp=0 t=91515 ns
MON M01.AR  addr=0xa0010004            t=91815 ns
MON M01.R   data=0x00000000 resp=0 t=91835 ns
MON M01.AR  addr=0xa0010004            t=92135 ns
MON M01.R   data=0x00000000 resp=0 t=92155 ns
MON M01.AR  addr=0xa0010004            t=92455 ns
MON M01.R   data=0x00000000 resp=0 t=92475 ns
MON M01.AR  addr=0xa0010004            t=92775 ns
MON M01.R   data=0x00000000 resp=0 t=92795 ns
MON M01.AR  addr=0xa0010004            t=93095 ns
MON M01.R   data=0x00000000 resp=0 t=93115 ns
MON M01.AR  addr=0xa0010004            t=93415 ns
MON M01.R   data=0x00000000 resp=0 t=93435 ns
MON M01.AR  addr=0xa0010004            t=93735 ns
MON M01.R   data=0x00000000 resp=0 t=93755 ns
MON M01.AR  addr=0xa0010004            t=94055 ns
MON M01.R   data=0x00000000 resp=0 t=94075 ns
MON M01.AR  addr=0xa0010004            t=94375 ns
MON M01.R   data=0x00000000 resp=0 t=94395 ns
MON M01.AR  addr=0xa0010004            t=94695 ns
MON M01.R   data=0x00000000 resp=0 t=94715 ns
MON M01.AR  addr=0xa0010004            t=95015 ns
MON M01.R   data=0x00000000 resp=0 t=95035 ns
MON M01.AR  addr=0xa0010004            t=95335 ns
MON M01.R   data=0x00000000 resp=0 t=95355 ns
MON M01.AR  addr=0xa0010004            t=95655 ns
MON M01.R   data=0x00000000 resp=0 t=95675 ns
MON M01.AR  addr=0xa0010004            t=95975 ns
MON M01.R   data=0x00000000 resp=0 t=95995 ns
MON M01.AR  addr=0xa0010004            t=96295 ns
MON M01.R   data=0x00000000 resp=0 t=96315 ns
MON M01.AR  addr=0xa0010004            t=96615 ns
MON M01.R   data=0x00000000 resp=0 t=96635 ns
MON M01.AR  addr=0xa0010004            t=96935 ns
MON M01.R   data=0x00000000 resp=0 t=96955 ns
MON M01.AR  addr=0xa0010004            t=97255 ns
MON M01.R   data=0x00000000 resp=0 t=97275 ns
MON M01.AR  addr=0xa0010004            t=97575 ns
MON M01.R   data=0x00000000 resp=0 t=97595 ns
MON M01.AR  addr=0xa0010004            t=97895 ns
MON M01.R   data=0x00000000 resp=0 t=97915 ns
MON M01.AR  addr=0xa0010004            t=98215 ns
MON M01.R   data=0x00000000 resp=0 t=98235 ns
MON M01.AR  addr=0xa0010004            t=98535 ns
MON M01.R   data=0x00000000 resp=0 t=98555 ns
MON M01.AR  addr=0xa0010004            t=98855 ns
MON M01.R   data=0x00000000 resp=0 t=98875 ns
MON M01.AR  addr=0xa0010004            t=99175 ns
MON M01.R   data=0x00000000 resp=0 t=99195 ns
MON M01.AR  addr=0xa0010004            t=99495 ns
MON M01.R   data=0x00000000 resp=0 t=99515 ns
MON M01.AR  addr=0xa0010004            t=99815 ns
MON M01.R   data=0x00000000 resp=0 t=99835 ns
MON M01.AR  addr=0xa0010004            t=100135 ns
MON M01.R   data=0x00000000 resp=0 t=100155 ns
MON M01.AR  addr=0xa0010004            t=100455 ns
MON M01.R   data=0x00000000 resp=0 t=100475 ns
MON M01.AR  addr=0xa0010004            t=100775 ns
MON M01.R   data=0x00000000 resp=0 t=100795 ns
MON M01.AR  addr=0xa0010004            t=101095 ns
MON M01.R   data=0x00000000 resp=0 t=101115 ns
MON M01.AR  addr=0xa0010004            t=101415 ns
MON M01.R   data=0x00000000 resp=0 t=101435 ns
MON M01.AR  addr=0xa0010004            t=101735 ns
MON M01.R   data=0x00000000 resp=0 t=101755 ns
MON M01.AR  addr=0xa0010004            t=102055 ns
MON M01.R   data=0x00000000 resp=0 t=102075 ns
MON M01.AR  addr=0xa0010004            t=102375 ns
MON M01.R   data=0x00000000 resp=0 t=102395 ns
MON M01.AR  addr=0xa0010004            t=102695 ns
MON M01.R   data=0x00000000 resp=0 t=102715 ns
MON M01.AR  addr=0xa0010004            t=103015 ns
MON M01.R   data=0x00000000 resp=0 t=103035 ns
MON M01.AR  addr=0xa0010004            t=103335 ns
MON M01.R   data=0x00000000 resp=0 t=103355 ns
MON M01.AR  addr=0xa0010004            t=103655 ns
MON M01.R   data=0x00000000 resp=0 t=103675 ns
MON M01.AR  addr=0xa0010004            t=103975 ns
MON M01.R   data=0x00000000 resp=0 t=103995 ns
MON M01.AR  addr=0xa0010004            t=104295 ns
MON M01.R   data=0x00000000 resp=0 t=104315 ns
MON M01.AR  addr=0xa0010004            t=104615 ns
MON M01.R   data=0x00000000 resp=0 t=104635 ns
MON M01.AR  addr=0xa0010004            t=104935 ns
MON M01.R   data=0x00000000 resp=0 t=104955 ns
MON M01.AR  addr=0xa0010004            t=105255 ns
MON M01.R   data=0x00000000 resp=0 t=105275 ns
MON M01.AR  addr=0xa0010004            t=105575 ns
MON M01.R   data=0x00000000 resp=0 t=105595 ns
MON M01.AR  addr=0xa0010004            t=105895 ns
MON M01.R   data=0x00000000 resp=0 t=105915 ns
MON M01.AR  addr=0xa0010004            t=106215 ns
MON M01.R   data=0x00000000 resp=0 t=106235 ns
MON M01.AR  addr=0xa0010004            t=106535 ns
MON M01.R   data=0x00000000 resp=0 t=106555 ns
MON M01.AR  addr=0xa0010004            t=106855 ns
MON M01.R   data=0x00000000 resp=0 t=106875 ns
MON M01.AR  addr=0xa0010004            t=107175 ns
MON M01.R   data=0x00000000 resp=0 t=107195 ns
MON M01.AR  addr=0xa0010004            t=107495 ns
MON M01.R   data=0x00000000 resp=0 t=107515 ns
MON M01.AR  addr=0xa0010004            t=107815 ns
MON M01.R   data=0x00000000 resp=0 t=107835 ns
MON M01.AR  addr=0xa0010004            t=108135 ns
MON M01.R   data=0x00000000 resp=0 t=108155 ns
MON M01.AR  addr=0xa0010004            t=108455 ns
MON M01.R   data=0x00000000 resp=0 t=108475 ns
MON M01.AR  addr=0xa0010004            t=108775 ns
MON M01.R   data=0x00000000 resp=0 t=108795 ns
MON M01.AR  addr=0xa0010004            t=109095 ns
MON M01.R   data=0x00000000 resp=0 t=109115 ns
MON M01.AR  addr=0xa0010004            t=109415 ns
MON M01.R   data=0x00000000 resp=0 t=109435 ns
MON M01.AR  addr=0xa0010004            t=109735 ns
MON M01.R   data=0x00000000 resp=0 t=109755 ns
MON M01.AR  addr=0xa0010004            t=110055 ns
MON M01.R   data=0x00000000 resp=0 t=110075 ns
MON M01.AR  addr=0xa0010004            t=110375 ns
MON M01.R   data=0x00000000 resp=0 t=110395 ns
MON M01.AR  addr=0xa0010004            t=110695 ns
MON M01.R   data=0x00000000 resp=0 t=110715 ns
MON M01.AR  addr=0xa0010004            t=111015 ns
MON M01.R   data=0x00000000 resp=0 t=111035 ns
MON M01.AR  addr=0xa0010004            t=111335 ns
MON M01.R   data=0x00000000 resp=0 t=111355 ns
MON M01.AR  addr=0xa0010004            t=111655 ns
MON M01.R   data=0x00000000 resp=0 t=111675 ns
MON M01.AR  addr=0xa0010004            t=111975 ns
MON M01.R   data=0x00000000 resp=0 t=111995 ns
MON M01.AR  addr=0xa0010004            t=112295 ns
MON M01.R   data=0x00000000 resp=0 t=112315 ns
MON M01.AR  addr=0xa0010004            t=112615 ns
MON M01.R   data=0x00000000 resp=0 t=112635 ns
MON M01.AR  addr=0xa0010004            t=112935 ns
MON M01.R   data=0x00000000 resp=0 t=112955 ns
MON M01.AR  addr=0xa0010004            t=113255 ns
MON M01.R   data=0x00000000 resp=0 t=113275 ns
MON M01.AR  addr=0xa0010004            t=113575 ns
MON M01.R   data=0x00000000 resp=0 t=113595 ns
MON M01.AR  addr=0xa0010004            t=113895 ns
MON M01.R   data=0x00000000 resp=0 t=113915 ns
MON M01.AR  addr=0xa0010004            t=114215 ns
MON M01.R   data=0x00000000 resp=0 t=114235 ns
MON M01.AR  addr=0xa0010004            t=114535 ns
MON M01.R   data=0x00000000 resp=0 t=114555 ns
MON M01.AR  addr=0xa0010004            t=114855 ns
MON M01.R   data=0x00000000 resp=0 t=114875 ns
MON M01.AR  addr=0xa0010004            t=115175 ns
MON M01.R   data=0x00000000 resp=0 t=115195 ns
MON M01.AR  addr=0xa0010004            t=115495 ns
MON M01.R   data=0x00000000 resp=0 t=115515 ns
MON M01.AR  addr=0xa0010004            t=115815 ns
MON M01.R   data=0x00000000 resp=0 t=115835 ns
MON M01.AR  addr=0xa0010004            t=116135 ns
MON M01.R   data=0x00000000 resp=0 t=116155 ns
MON M01.AR  addr=0xa0010004            t=116455 ns
MON M01.R   data=0x00000000 resp=0 t=116475 ns
MON M01.AR  addr=0xa0010004            t=116775 ns
MON M01.R   data=0x00000000 resp=0 t=116795 ns
MON M01.AR  addr=0xa0010004            t=117095 ns
MON M01.R   data=0x00000000 resp=0 t=117115 ns
MON M01.AR  addr=0xa0010004            t=117415 ns
MON M01.R   data=0x00000000 resp=0 t=117435 ns
MON M01.AR  addr=0xa0010004            t=117735 ns
MON M01.R   data=0x00000000 resp=0 t=117755 ns
MON M01.AR  addr=0xa0010004            t=118055 ns
MON M01.R   data=0x00000000 resp=0 t=118075 ns
MON M01.AR  addr=0xa0010004            t=118375 ns
MON M01.R   data=0x00000000 resp=0 t=118395 ns
MON M01.AR  addr=0xa0010004            t=118695 ns
MON M01.R   data=0x00000000 resp=0 t=118715 ns
MON M01.AR  addr=0xa0010004            t=119015 ns
MON M01.R   data=0x00000000 resp=0 t=119035 ns
MON M01.AR  addr=0xa0010004            t=119335 ns
MON M01.R   data=0x00000000 resp=0 t=119355 ns
MON M01.AR  addr=0xa0010004            t=119655 ns
MON M01.R   data=0x00000000 resp=0 t=119675 ns
MON M01.AR  addr=0xa0010004            t=119975 ns
MON M01.R   data=0x00000000 resp=0 t=119995 ns
MON M01.AR  addr=0xa0010004            t=120295 ns
MON M01.R   data=0x00000000 resp=0 t=120315 ns
MON M01.AR  addr=0xa0010004            t=120615 ns
MON M01.R   data=0x00000000 resp=0 t=120635 ns
MON M01.AR  addr=0xa0010004            t=120935 ns
MON M01.R   data=0x00000000 resp=0 t=120955 ns
MON M01.AR  addr=0xa0010004            t=121255 ns
MON M01.R   data=0x00000000 resp=0 t=121275 ns
MON M01.AR  addr=0xa0010004            t=121575 ns
MON M01.R   data=0x00000000 resp=0 t=121595 ns
MON M01.AR  addr=0xa0010004            t=121895 ns
MON M01.R   data=0x00000000 resp=0 t=121915 ns
MON M01.AR  addr=0xa0010004            t=122215 ns
MON M01.R   data=0x00000000 resp=0 t=122235 ns
MON M01.AR  addr=0xa0010004            t=122535 ns
MON M01.R   data=0x00000000 resp=0 t=122555 ns
MON M01.AR  addr=0xa0010004            t=122855 ns
MON M01.R   data=0x00000000 resp=0 t=122875 ns
MON M01.AR  addr=0xa0010004            t=123175 ns
MON M01.R   data=0x00000000 resp=0 t=123195 ns
MON M01.AR  addr=0xa0010004            t=123495 ns
MON M01.R   data=0x00000000 resp=0 t=123515 ns
MON M01.AR  addr=0xa0010004            t=123815 ns
MON M01.R   data=0x00000000 resp=0 t=123835 ns
MON M01.AR  addr=0xa0010004            t=124135 ns
MON M01.R   data=0x00000000 resp=0 t=124155 ns
MON M01.AR  addr=0xa0010004            t=124455 ns
MON M01.R   data=0x00000000 resp=0 t=124475 ns
MON M01.AR  addr=0xa0010004            t=124775 ns
MON M01.R   data=0x00000000 resp=0 t=124795 ns
MON M01.AR  addr=0xa0010004            t=125095 ns
MON M01.R   data=0x00000000 resp=0 t=125115 ns
MON M01.AR  addr=0xa0010004            t=125415 ns
MON M01.R   data=0x00000000 resp=0 t=125435 ns
MON M01.AR  addr=0xa0010004            t=125735 ns
MON M01.R   data=0x00000000 resp=0 t=125755 ns
MON M01.AR  addr=0xa0010004            t=126055 ns
MON M01.R   data=0x00000000 resp=0 t=126075 ns
MON M01.AR  addr=0xa0010004            t=126375 ns
MON M01.R   data=0x00000000 resp=0 t=126395 ns
MON M01.AR  addr=0xa0010004            t=126695 ns
MON M01.R   data=0x00000000 resp=0 t=126715 ns
MON M01.AR  addr=0xa0010004            t=127015 ns
MON M01.R   data=0x00000000 resp=0 t=127035 ns
MON M01.AR  addr=0xa0010004            t=127335 ns
MON M01.R   data=0x00000000 resp=0 t=127355 ns
MON M01.AR  addr=0xa0010004            t=127655 ns
MON M01.R   data=0x00000000 resp=0 t=127675 ns
MON M01.AR  addr=0xa0010004            t=127975 ns
MON M01.R   data=0x00000000 resp=0 t=127995 ns
MON M01.AR  addr=0xa0010004            t=128295 ns
MON M01.R   data=0x00000000 resp=0 t=128315 ns
MON M01.AR  addr=0xa0010004            t=128615 ns
MON M01.R   data=0x00000000 resp=0 t=128635 ns
MON M01.AR  addr=0xa0010004            t=128935 ns
MON M01.R   data=0x00000000 resp=0 t=128955 ns
MON M01.AR  addr=0xa0010004            t=129255 ns
MON M01.R   data=0x00000000 resp=0 t=129275 ns
MON M01.AR  addr=0xa0010004            t=129575 ns
MON M01.R   data=0x00000000 resp=0 t=129595 ns
MON M01.AR  addr=0xa0010004            t=129895 ns
MON M01.R   data=0x00000000 resp=0 t=129915 ns
MON M01.AR  addr=0xa0010004            t=130215 ns
MON M01.R   data=0x00000000 resp=0 t=130235 ns
MON M01.AR  addr=0xa0010004            t=130535 ns
MON M01.R   data=0x00000000 resp=0 t=130555 ns
MON M01.AR  addr=0xa0010004            t=130855 ns
MON M01.R   data=0x00000000 resp=0 t=130875 ns
MON M01.AR  addr=0xa0010004            t=131175 ns
MON M01.R   data=0x00000000 resp=0 t=131195 ns
MON M01.AR  addr=0xa0010004            t=131495 ns
MON M01.R   data=0x00000000 resp=0 t=131515 ns
MON M01.AR  addr=0xa0010004            t=131815 ns
MON M01.R   data=0x00000000 resp=0 t=131835 ns
MON M01.AR  addr=0xa0010004            t=132135 ns
MON M01.R   data=0x00000000 resp=0 t=132155 ns
MON M01.AR  addr=0xa0010004            t=132455 ns
MON M01.R   data=0x00000000 resp=0 t=132475 ns
MON M01.AR  addr=0xa0010004            t=132775 ns
MON M01.R   data=0x00000000 resp=0 t=132795 ns
MON M01.AR  addr=0xa0010004            t=133095 ns
MON M01.R   data=0x00000000 resp=0 t=133115 ns
MON M01.AR  addr=0xa0010004            t=133415 ns
MON M01.R   data=0x00000000 resp=0 t=133435 ns
MON M01.AR  addr=0xa0010004            t=133735 ns
MON M01.R   data=0x00000000 resp=0 t=133755 ns
MON M01.AR  addr=0xa0010004            t=134055 ns
MON M01.R   data=0x00000000 resp=0 t=134075 ns
MON M01.AR  addr=0xa0010004            t=134375 ns
MON M01.R   data=0x00000000 resp=0 t=134395 ns
MON M01.AR  addr=0xa0010004            t=134695 ns
MON M01.R   data=0x00000000 resp=0 t=134715 ns
MON M01.AR  addr=0xa0010004            t=135015 ns
MON M01.R   data=0x00000000 resp=0 t=135035 ns
MON M01.AR  addr=0xa0010004            t=135335 ns
MON M01.R   data=0x00000000 resp=0 t=135355 ns
MON M01.AR  addr=0xa0010004            t=135655 ns
MON M01.R   data=0x00000000 resp=0 t=135675 ns
MON M01.AR  addr=0xa0010004            t=135975 ns
MON M01.R   data=0x00000000 resp=0 t=135995 ns
MON M01.AR  addr=0xa0010004            t=136295 ns
MON M01.R   data=0x00000000 resp=0 t=136315 ns
MON M01.AR  addr=0xa0010004            t=136615 ns
MON M01.R   data=0x00000000 resp=0 t=136635 ns
MON M01.AR  addr=0xa0010004            t=136935 ns
MON M01.R   data=0x00000000 resp=0 t=136955 ns
MON M01.AR  addr=0xa0010004            t=137255 ns
MON M01.R   data=0x00000000 resp=0 t=137275 ns
MON M01.AR  addr=0xa0010004            t=137575 ns
MON M01.R   data=0x00000000 resp=0 t=137595 ns
MON M01.AR  addr=0xa0010004            t=137895 ns
MON M01.R   data=0x00000000 resp=0 t=137915 ns
MON M01.AR  addr=0xa0010004            t=138215 ns
MON M01.R   data=0x00000000 resp=0 t=138235 ns
MON M01.AR  addr=0xa0010004            t=138535 ns
MON M01.R   data=0x00000000 resp=0 t=138555 ns
MON M01.AR  addr=0xa0010004            t=138855 ns
MON M01.R   data=0x00000000 resp=0 t=138875 ns
MON M01.AR  addr=0xa0010004            t=139175 ns
MON M01.R   data=0x00000000 resp=0 t=139195 ns
MON M01.AR  addr=0xa0010004            t=139495 ns
MON M01.R   data=0x00000000 resp=0 t=139515 ns
MON M01.AR  addr=0xa0010004            t=139815 ns
MON M01.R   data=0x00000000 resp=0 t=139835 ns
MON M01.AR  addr=0xa0010004            t=140135 ns
MON M01.R   data=0x00000000 resp=0 t=140155 ns
MON M01.AR  addr=0xa0010004            t=140455 ns
MON M01.R   data=0x00000000 resp=0 t=140475 ns
MON M01.AR  addr=0xa0010004            t=140775 ns
MON M01.R   data=0x00000000 resp=0 t=140795 ns
MON M01.AR  addr=0xa0010004            t=141095 ns
MON M01.R   data=0x00000000 resp=0 t=141115 ns
MON M01.AR  addr=0xa0010004            t=141415 ns
MON M01.R   data=0x00000000 resp=0 t=141435 ns
MON M01.AR  addr=0xa0010004            t=141735 ns
MON M01.R   data=0x00000000 resp=0 t=141755 ns
MON M01.AR  addr=0xa0010004            t=142055 ns
MON M01.R   data=0x00000000 resp=0 t=142075 ns
MON M01.AR  addr=0xa0010004            t=142375 ns
MON M01.R   data=0x00000000 resp=0 t=142395 ns
MON M01.AR  addr=0xa0010004            t=142695 ns
MON M01.R   data=0x00000000 resp=0 t=142715 ns
MON M01.AR  addr=0xa0010004            t=143015 ns
MON M01.R   data=0x00000000 resp=0 t=143035 ns
MON M01.AR  addr=0xa0010004            t=143335 ns
MON M01.R   data=0x00000000 resp=0 t=143355 ns
MON M01.AR  addr=0xa0010004            t=143655 ns
MON M01.R   data=0x00000000 resp=0 t=143675 ns
MON M01.AR  addr=0xa0010004            t=143975 ns
MON M01.R   data=0x00000000 resp=0 t=143995 ns
MON M01.AR  addr=0xa0010004            t=144295 ns
MON M01.R   data=0x00000000 resp=0 t=144315 ns
MON M01.AR  addr=0xa0010004            t=144615 ns
MON M01.R   data=0x00000000 resp=0 t=144635 ns
MON M01.AR  addr=0xa0010004            t=144935 ns
MON M01.R   data=0x00000000 resp=0 t=144955 ns
MON M01.AR  addr=0xa0010004            t=145255 ns
MON M01.R   data=0x00000000 resp=0 t=145275 ns
MON M01.AR  addr=0xa0010004            t=145575 ns
MON M01.R   data=0x00000000 resp=0 t=145595 ns
MON M01.AR  addr=0xa0010004            t=145895 ns
MON M01.R   data=0x00000000 resp=0 t=145915 ns
MON M01.AR  addr=0xa0010004            t=146215 ns
MON M01.R   data=0x00000000 resp=0 t=146235 ns
MON M01.AR  addr=0xa0010004            t=146535 ns
MON M01.R   data=0x00000000 resp=0 t=146555 ns
MON M01.AR  addr=0xa0010004            t=146855 ns
MON M01.R   data=0x00000000 resp=0 t=146875 ns
MON M01.AR  addr=0xa0010004            t=147175 ns
MON M01.R   data=0x00000000 resp=0 t=147195 ns
MON M01.AR  addr=0xa0010004            t=147495 ns
MON M01.R   data=0x00000000 resp=0 t=147515 ns
MON M01.AR  addr=0xa0010004            t=147815 ns
MON M01.R   data=0x00000000 resp=0 t=147835 ns
MON M01.AR  addr=0xa0010004            t=148135 ns
MON M01.R   data=0x00000000 resp=0 t=148155 ns
MON M01.AR  addr=0xa0010004            t=148455 ns
MON M01.R   data=0x00000000 resp=0 t=148475 ns
MON M01.AR  addr=0xa0010004            t=148775 ns
MON M01.R   data=0x00000000 resp=0 t=148795 ns
MON M01.AR  addr=0xa0010004            t=149095 ns
MON M01.R   data=0x00000000 resp=0 t=149115 ns
MON M01.AR  addr=0xa0010004            t=149415 ns
MON M01.R   data=0x00000000 resp=0 t=149435 ns
MON M01.AR  addr=0xa0010004            t=149735 ns
MON M01.R   data=0x00000000 resp=0 t=149755 ns
MON M01.AR  addr=0xa0010004            t=150055 ns
MON M01.R   data=0x00000000 resp=0 t=150075 ns
MON M01.AR  addr=0xa0010004            t=150375 ns
MON M01.R   data=0x00000000 resp=0 t=150395 ns
MON M01.AR  addr=0xa0010004            t=150695 ns
MON M01.R   data=0x00000000 resp=0 t=150715 ns
MON M01.AR  addr=0xa0010004            t=151015 ns
MON M01.R   data=0x00000000 resp=0 t=151035 ns
MON M01.AR  addr=0xa0010004            t=151335 ns
MON M01.R   data=0x00000000 resp=0 t=151355 ns
MON M01.AR  addr=0xa0010004            t=151655 ns
MON M01.R   data=0x00000000 resp=0 t=151675 ns
MON M01.AR  addr=0xa0010004            t=151975 ns
MON M01.R   data=0x00000000 resp=0 t=151995 ns
MON M01.AR  addr=0xa0010004            t=152295 ns
MON M01.R   data=0x00000000 resp=0 t=152315 ns
MON M01.AR  addr=0xa0010004            t=152615 ns
MON M01.R   data=0x00000000 resp=0 t=152635 ns
MON M01.AR  addr=0xa0010004            t=152935 ns
MON M01.R   data=0x00000000 resp=0 t=152955 ns
MON M01.AR  addr=0xa0010004            t=153255 ns
MON M01.R   data=0x00000000 resp=0 t=153275 ns
MON M01.AR  addr=0xa0010004            t=153575 ns
MON M01.R   data=0x00000000 resp=0 t=153595 ns
MON M01.AR  addr=0xa0010004            t=153895 ns
MON M01.R   data=0x00000000 resp=0 t=153915 ns
MON M01.AR  addr=0xa0010004            t=154215 ns
MON M01.R   data=0x00000000 resp=0 t=154235 ns
MON M01.AR  addr=0xa0010004            t=154535 ns
MON M01.R   data=0x00000000 resp=0 t=154555 ns
MON M01.AR  addr=0xa0010004            t=154855 ns
MON M01.R   data=0x00000000 resp=0 t=154875 ns
MON M01.AR  addr=0xa0010004            t=155175 ns
MON M01.R   data=0x00000000 resp=0 t=155195 ns
MON M01.AR  addr=0xa0010004            t=155495 ns
MON M01.R   data=0x00000000 resp=0 t=155515 ns
MON M01.AR  addr=0xa0010004            t=155815 ns
MON M01.R   data=0x00000000 resp=0 t=155835 ns
MON M01.AR  addr=0xa0010004            t=156135 ns
MON M01.R   data=0x00000000 resp=0 t=156155 ns
MON M01.AR  addr=0xa0010004            t=156455 ns
MON M01.R   data=0x00000000 resp=0 t=156475 ns
MON M01.AR  addr=0xa0010004            t=156775 ns
MON M01.R   data=0x00000000 resp=0 t=156795 ns
MON M01.AR  addr=0xa0010004            t=157095 ns
MON M01.R   data=0x00000000 resp=0 t=157115 ns
MON M01.AR  addr=0xa0010004            t=157415 ns
MON M01.R   data=0x00000000 resp=0 t=157435 ns
MON M01.AR  addr=0xa0010004            t=157735 ns
MON M01.R   data=0x00000000 resp=0 t=157755 ns
MON M01.AR  addr=0xa0010004            t=158055 ns
MON M01.R   data=0x00000000 resp=0 t=158075 ns
MON M01.AR  addr=0xa0010004            t=158375 ns
MON M01.R   data=0x00000000 resp=0 t=158395 ns
MON M01.AR  addr=0xa0010004            t=158695 ns
MON M01.R   data=0x00000000 resp=0 t=158715 ns
MON M01.AR  addr=0xa0010004            t=159015 ns
MON M01.R   data=0x00000000 resp=0 t=159035 ns
MON M01.AR  addr=0xa0010004            t=159335 ns
MON M01.R   data=0x00000000 resp=0 t=159355 ns
MON M01.AR  addr=0xa0010004            t=159655 ns
MON M01.R   data=0x00000000 resp=0 t=159675 ns
MON M01.AR  addr=0xa0010004            t=159975 ns
MON M01.R   data=0x00000000 resp=0 t=159995 ns
MON M01.AR  addr=0xa0010004            t=160295 ns
MON M01.R   data=0x00000000 resp=0 t=160315 ns
MON M01.AR  addr=0xa0010004            t=160615 ns
MON M01.R   data=0x00000000 resp=0 t=160635 ns
MON M01.AR  addr=0xa0010004            t=160935 ns
MON M01.R   data=0x00000000 resp=0 t=160955 ns
MON M01.AR  addr=0xa0010004            t=161255 ns
MON M01.R   data=0x00000000 resp=0 t=161275 ns
MON M01.AR  addr=0xa0010004            t=161575 ns
MON M01.R   data=0x00000000 resp=0 t=161595 ns
MON M01.AR  addr=0xa0010004            t=161895 ns
MON M01.R   data=0x00000000 resp=0 t=161915 ns
MON M01.AR  addr=0xa0010004            t=162215 ns
MON M01.R   data=0x00000000 resp=0 t=162235 ns
MON M01.AR  addr=0xa0010004            t=162535 ns
MON M01.R   data=0x00000000 resp=0 t=162555 ns
MON M01.AR  addr=0xa0010004            t=162855 ns
MON M01.R   data=0x00000000 resp=0 t=162875 ns
MON M01.AR  addr=0xa0010004            t=163175 ns
MON M01.R   data=0x00000000 resp=0 t=163195 ns
MON M01.AR  addr=0xa0010004            t=163495 ns
MON M01.R   data=0x00000000 resp=0 t=163515 ns
MON M01.AR  addr=0xa0010004            t=163815 ns
MON M01.R   data=0x00000000 resp=0 t=163835 ns
MON M01.AR  addr=0xa0010004            t=164135 ns
MON M01.R   data=0x00000000 resp=0 t=164155 ns
MON M01.AR  addr=0xa0010004            t=164455 ns
MON M01.R   data=0x00000000 resp=0 t=164475 ns
MON M01.AR  addr=0xa0010004            t=164775 ns
MON M01.R   data=0x00000000 resp=0 t=164795 ns
MON M01.AR  addr=0xa0010004            t=165095 ns
MON M01.R   data=0x00000000 resp=0 t=165115 ns
MON M01.AR  addr=0xa0010004            t=165415 ns
MON M01.R   data=0x00000000 resp=0 t=165435 ns
MON M01.AR  addr=0xa0010004            t=165735 ns
MON M01.R   data=0x00000000 resp=0 t=165755 ns
MON M01.AR  addr=0xa0010004            t=166055 ns
MON M01.R   data=0x00000000 resp=0 t=166075 ns
MON M01.AR  addr=0xa0010004            t=166375 ns
MON M01.R   data=0x00000000 resp=0 t=166395 ns
MON M01.AR  addr=0xa0010004            t=166695 ns
MON M01.R   data=0x00000000 resp=0 t=166715 ns
MON M01.AR  addr=0xa0010004            t=167015 ns
MON M01.R   data=0x00000000 resp=0 t=167035 ns
MON M01.AR  addr=0xa0010004            t=167335 ns
MON M01.R   data=0x00000000 resp=0 t=167355 ns
MON M01.AR  addr=0xa0010004            t=167655 ns
MON M01.R   data=0x00000000 resp=0 t=167675 ns
MON M01.AR  addr=0xa0010004            t=167975 ns
MON M01.R   data=0x00000000 resp=0 t=167995 ns
MON M01.AR  addr=0xa0010004            t=168295 ns
MON M01.R   data=0x00000000 resp=0 t=168315 ns
MON M01.AR  addr=0xa0010004            t=168615 ns
MON M01.R   data=0x00000000 resp=0 t=168635 ns
MON M01.AR  addr=0xa0010004            t=168935 ns
MON M01.R   data=0x00000000 resp=0 t=168955 ns
MON M01.AR  addr=0xa0010004            t=169255 ns
MON M01.R   data=0x00000000 resp=0 t=169275 ns
MON M01.AR  addr=0xa0010004            t=169575 ns
MON M01.R   data=0x00000000 resp=0 t=169595 ns
MON M01.AR  addr=0xa0010004            t=169895 ns
MON M01.R   data=0x00000000 resp=0 t=169915 ns
MON M01.AR  addr=0xa0010004            t=170215 ns
MON M01.R   data=0x00000000 resp=0 t=170235 ns
MON M01.AR  addr=0xa0010004            t=170535 ns
MON M01.R   data=0x00000000 resp=0 t=170555 ns
MON M01.AR  addr=0xa0010004            t=170855 ns
MON M01.R   data=0x00000000 resp=0 t=170875 ns
MON M01.AR  addr=0xa0010004            t=171175 ns
MON M01.R   data=0x00000000 resp=0 t=171195 ns
MON M01.AR  addr=0xa0010004            t=171495 ns
MON M01.R   data=0x00000000 resp=0 t=171515 ns
MON M01.AR  addr=0xa0010004            t=171815 ns
MON M01.R   data=0x00000000 resp=0 t=171835 ns
MON M01.AR  addr=0xa0010004            t=172135 ns
MON M01.R   data=0x00000000 resp=0 t=172155 ns
MON M01.AR  addr=0xa0010004            t=172455 ns
MON M01.R   data=0x00000000 resp=0 t=172475 ns
MON M01.AR  addr=0xa0010004            t=172775 ns
MON M01.R   data=0x00000000 resp=0 t=172795 ns
MON M01.AR  addr=0xa0010004            t=173095 ns
MON M01.R   data=0x00000000 resp=0 t=173115 ns
MON M01.AR  addr=0xa0010004            t=173415 ns
MON M01.R   data=0x00000000 resp=0 t=173435 ns
MON M01.AR  addr=0xa0010004            t=173735 ns
MON M01.R   data=0x00000000 resp=0 t=173755 ns
MON M01.AR  addr=0xa0010004            t=174055 ns
MON M01.R   data=0x00000000 resp=0 t=174075 ns
MON M01.AR  addr=0xa0010004            t=174375 ns
MON M01.R   data=0x00000000 resp=0 t=174395 ns
MON M01.AR  addr=0xa0010004            t=174695 ns
MON M01.R   data=0x00000000 resp=0 t=174715 ns
MON M01.AR  addr=0xa0010004            t=175015 ns
MON M01.R   data=0x00000000 resp=0 t=175035 ns
MON M01.AR  addr=0xa0010004            t=175335 ns
MON M01.R   data=0x00000000 resp=0 t=175355 ns
MON M01.AR  addr=0xa0010004            t=175655 ns
MON M01.R   data=0x00000000 resp=0 t=175675 ns
MON M01.AR  addr=0xa0010004            t=175975 ns
MON M01.R   data=0x00000000 resp=0 t=175995 ns
MON M01.AR  addr=0xa0010004            t=176295 ns
MON M01.R   data=0x00000000 resp=0 t=176315 ns
MON M01.AR  addr=0xa0010004            t=176615 ns
MON M01.R   data=0x00000000 resp=0 t=176635 ns
MON M01.AR  addr=0xa0010004            t=176935 ns
MON M01.R   data=0x00000000 resp=0 t=176955 ns
MON M01.AR  addr=0xa0010004            t=177255 ns
MON M01.R   data=0x00000000 resp=0 t=177275 ns
MON M01.AR  addr=0xa0010004            t=177575 ns
MON M01.R   data=0x00000000 resp=0 t=177595 ns
MON M01.AR  addr=0xa0010004            t=177895 ns
MON M01.R   data=0x00000000 resp=0 t=177915 ns
MON M01.AR  addr=0xa0010004            t=178215 ns
MON M01.R   data=0x00000000 resp=0 t=178235 ns
MON M01.AR  addr=0xa0010004            t=178535 ns
MON M01.R   data=0x00000000 resp=0 t=178555 ns
MON M01.AR  addr=0xa0010004            t=178855 ns
MON M01.R   data=0x00000000 resp=0 t=178875 ns
MON M01.AR  addr=0xa0010004            t=179175 ns
MON M01.R   data=0x00000000 resp=0 t=179195 ns
MON M01.AR  addr=0xa0010004            t=179495 ns
MON M01.R   data=0x00000000 resp=0 t=179515 ns
MON M01.AR  addr=0xa0010004            t=179815 ns
MON M01.R   data=0x00000000 resp=0 t=179835 ns
MON M01.AR  addr=0xa0010004            t=180135 ns
MON M01.R   data=0x00000000 resp=0 t=180155 ns
MON M01.AR  addr=0xa0010004            t=180455 ns
MON M01.R   data=0x00000000 resp=0 t=180475 ns
MON M01.AR  addr=0xa0010004            t=180775 ns
MON M01.R   data=0x00000000 resp=0 t=180795 ns
MON M01.AR  addr=0xa0010004            t=181095 ns
MON M01.R   data=0x00000000 resp=0 t=181115 ns
MON M01.AR  addr=0xa0010004            t=181415 ns
MON M01.R   data=0x00000000 resp=0 t=181435 ns
MON M01.AR  addr=0xa0010004            t=181735 ns
MON M01.R   data=0x00000000 resp=0 t=181755 ns
MON M01.AR  addr=0xa0010004            t=182055 ns
MON M01.R   data=0x00000000 resp=0 t=182075 ns
MON M01.AR  addr=0xa0010004            t=182375 ns
MON M01.R   data=0x00000000 resp=0 t=182395 ns
MON M01.AR  addr=0xa0010004            t=182695 ns
MON M01.R   data=0x00000000 resp=0 t=182715 ns
MON M01.AR  addr=0xa0010004            t=183015 ns
MON M01.R   data=0x00000000 resp=0 t=183035 ns
MON M01.AR  addr=0xa0010004            t=183335 ns
MON M01.R   data=0x00000000 resp=0 t=183355 ns
MON M01.AR  addr=0xa0010004            t=183655 ns
MON M01.R   data=0x00000000 resp=0 t=183675 ns
MON M01.AR  addr=0xa0010004            t=183975 ns
MON M01.R   data=0x00000000 resp=0 t=183995 ns
MON M01.AR  addr=0xa0010004            t=184295 ns
MON M01.R   data=0x00000000 resp=0 t=184315 ns
MON M01.AR  addr=0xa0010004            t=184615 ns
MON M01.R   data=0x00000000 resp=0 t=184635 ns
MON M01.AR  addr=0xa0010004            t=184935 ns
MON M01.R   data=0x00000000 resp=0 t=184955 ns
MON M01.AR  addr=0xa0010004            t=185255 ns
MON M01.R   data=0x00000000 resp=0 t=185275 ns
MON M01.AR  addr=0xa0010004            t=185575 ns
MON M01.R   data=0x00000000 resp=0 t=185595 ns
MON M01.AR  addr=0xa0010004            t=185895 ns
MON M01.R   data=0x00000000 resp=0 t=185915 ns
MON M01.AR  addr=0xa0010004            t=186215 ns
MON M01.R   data=0x00000000 resp=0 t=186235 ns
MON M01.AR  addr=0xa0010004            t=186535 ns
MON M01.R   data=0x00000000 resp=0 t=186555 ns
MON M01.AR  addr=0xa0010004            t=186855 ns
MON M01.R   data=0x00000000 resp=0 t=186875 ns
MON M01.AR  addr=0xa0010004            t=187175 ns
MON M01.R   data=0x00000000 resp=0 t=187195 ns
MON M01.AR  addr=0xa0010004            t=187495 ns
MON M01.R   data=0x00000000 resp=0 t=187515 ns
MON M01.AR  addr=0xa0010004            t=187815 ns
MON M01.R   data=0x00000000 resp=0 t=187835 ns
MON M01.AR  addr=0xa0010004            t=188135 ns
MON M01.R   data=0x00000000 resp=0 t=188155 ns
MON M01.AR  addr=0xa0010004            t=188455 ns
MON M01.R   data=0x00000000 resp=0 t=188475 ns
MON M01.AR  addr=0xa0010004            t=188775 ns
MON M01.R   data=0x00000000 resp=0 t=188795 ns
MON M01.AR  addr=0xa0010004            t=189095 ns
MON M01.R   data=0x00000000 resp=0 t=189115 ns
MON M01.AR  addr=0xa0010004            t=189415 ns
MON M01.R   data=0x00000000 resp=0 t=189435 ns
MON M01.AR  addr=0xa0010004            t=189735 ns
MON M01.R   data=0x00000000 resp=0 t=189755 ns
MON M01.AR  addr=0xa0010004            t=190055 ns
MON M01.R   data=0x00000000 resp=0 t=190075 ns
MON M01.AR  addr=0xa0010004            t=190375 ns
MON M01.R   data=0x00000000 resp=0 t=190395 ns
MON M01.AR  addr=0xa0010004            t=190695 ns
MON M01.R   data=0x00000000 resp=0 t=190715 ns
MON M01.AR  addr=0xa0010004            t=191015 ns
MON M01.R   data=0x00000000 resp=0 t=191035 ns
MON M01.AR  addr=0xa0010004            t=191335 ns
MON M01.R   data=0x00000000 resp=0 t=191355 ns
MON M01.AR  addr=0xa0010004            t=191655 ns
MON M01.R   data=0x00000000 resp=0 t=191675 ns
MON M01.AR  addr=0xa0010004            t=191975 ns
MON M01.R   data=0x00000000 resp=0 t=191995 ns
MON M01.AR  addr=0xa0010004            t=192295 ns
MON M01.R   data=0x00000000 resp=0 t=192315 ns
MON M01.AR  addr=0xa0010004            t=192615 ns
MON M01.R   data=0x00000000 resp=0 t=192635 ns
MON M01.AR  addr=0xa0010004            t=192935 ns
MON M01.R   data=0x00000000 resp=0 t=192955 ns
MON M01.AR  addr=0xa0010004            t=193255 ns
MON M01.R   data=0x00000000 resp=0 t=193275 ns
MON M01.AR  addr=0xa0010004            t=193575 ns
MON M01.R   data=0x00000000 resp=0 t=193595 ns
MON M01.AR  addr=0xa0010004            t=193895 ns
MON M01.R   data=0x00000000 resp=0 t=193915 ns
MON M01.AR  addr=0xa0010004            t=194215 ns
MON M01.R   data=0x00000000 resp=0 t=194235 ns
MON M01.AR  addr=0xa0010004            t=194535 ns
MON M01.R   data=0x00000000 resp=0 t=194555 ns
MON M01.AR  addr=0xa0010004            t=194855 ns
MON M01.R   data=0x00000000 resp=0 t=194875 ns
MON M01.AR  addr=0xa0010004            t=195175 ns
MON M01.R   data=0x00000000 resp=0 t=195195 ns
MON M01.AR  addr=0xa0010004            t=195495 ns
MON M01.R   data=0x00000000 resp=0 t=195515 ns
MON M01.AR  addr=0xa0010004            t=195815 ns
MON M01.R   data=0x00000000 resp=0 t=195835 ns
MON M01.AR  addr=0xa0010004            t=196135 ns
MON M01.R   data=0x00000000 resp=0 t=196155 ns
MON M01.AR  addr=0xa0010004            t=196455 ns
MON M01.R   data=0x00000000 resp=0 t=196475 ns
MON M01.AR  addr=0xa0010004            t=196775 ns
MON M01.R   data=0x00000000 resp=0 t=196795 ns
MON M01.AR  addr=0xa0010004            t=197095 ns
MON M01.R   data=0x00000000 resp=0 t=197115 ns
MON M01.AR  addr=0xa0010004            t=197415 ns
MON M01.R   data=0x00000000 resp=0 t=197435 ns
MON M01.AR  addr=0xa0010004            t=197735 ns
MON M01.R   data=0x00000000 resp=0 t=197755 ns
MON M01.AR  addr=0xa0010004            t=198055 ns
MON M01.R   data=0x00000000 resp=0 t=198075 ns
MON M01.AR  addr=0xa0010004            t=198375 ns
MON M01.R   data=0x00000000 resp=0 t=198395 ns
MON M01.AR  addr=0xa0010004            t=198695 ns
MON M01.R   data=0x00000000 resp=0 t=198715 ns
MON M01.AR  addr=0xa0010004            t=199015 ns
MON M01.R   data=0x00000000 resp=0 t=199035 ns
MON M01.AR  addr=0xa0010004            t=199335 ns
MON M01.R   data=0x00000000 resp=0 t=199355 ns
MON M01.AR  addr=0xa0010004            t=199655 ns
MON M01.R   data=0x00000000 resp=0 t=199675 ns
MON M01.AR  addr=0xa0010004            t=199975 ns
MON M01.R   data=0x00000000 resp=0 t=199995 ns
MON M01.AR  addr=0xa0010004            t=200295 ns
MON M01.R   data=0x00000000 resp=0 t=200315 ns
MON M01.AR  addr=0xa0010004            t=200615 ns
MON M01.R   data=0x00000000 resp=0 t=200635 ns
MON M01.AR  addr=0xa0010004            t=200935 ns
MON M01.R   data=0x00000000 resp=0 t=200955 ns
MON M01.AR  addr=0xa0010004            t=201255 ns
MON M01.R   data=0x00000000 resp=0 t=201275 ns
MON M01.AR  addr=0xa0010004            t=201575 ns
MON M01.R   data=0x00000000 resp=0 t=201595 ns
MON M01.AR  addr=0xa0010004            t=201895 ns
MON M01.R   data=0x00000000 resp=0 t=201915 ns
MON M01.AR  addr=0xa0010004            t=202215 ns
MON M01.R   data=0x00000000 resp=0 t=202235 ns
MON M01.AR  addr=0xa0010004            t=202535 ns
MON M01.R   data=0x00000000 resp=0 t=202555 ns
MON M01.AR  addr=0xa0010004            t=202855 ns
MON M01.R   data=0x00000000 resp=0 t=202875 ns
MON M01.AR  addr=0xa0010004            t=203175 ns
MON M01.R   data=0x00000000 resp=0 t=203195 ns
MON M01.AR  addr=0xa0010004            t=203495 ns
MON M01.R   data=0x00000000 resp=0 t=203515 ns
MON M01.AR  addr=0xa0010004            t=203815 ns
MON M01.R   data=0x00000000 resp=0 t=203835 ns
MON M01.AR  addr=0xa0010004            t=204135 ns
MON M01.R   data=0x00000000 resp=0 t=204155 ns
MON M01.AR  addr=0xa0010004            t=204455 ns
MON M01.R   data=0x00000000 resp=0 t=204475 ns
MON M01.AR  addr=0xa0010004            t=204775 ns
MON M01.R   data=0x00000000 resp=0 t=204795 ns
MON M01.AR  addr=0xa0010004            t=205095 ns
MON M01.R   data=0x00000000 resp=0 t=205115 ns
MON M01.AR  addr=0xa0010004            t=205415 ns
MON M01.R   data=0x00000000 resp=0 t=205435 ns
MON M01.AR  addr=0xa0010004            t=205735 ns
MON M01.R   data=0x00000000 resp=0 t=205755 ns
MON M01.AR  addr=0xa0010004            t=206055 ns
MON M01.R   data=0x00000000 resp=0 t=206075 ns
MON M01.AR  addr=0xa0010004            t=206375 ns
MON M01.R   data=0x00000000 resp=0 t=206395 ns
MON M01.AR  addr=0xa0010004            t=206695 ns
MON M01.R   data=0x00000000 resp=0 t=206715 ns
MON M01.AR  addr=0xa0010004            t=207015 ns
MON M01.R   data=0x00000000 resp=0 t=207035 ns
MON M01.AR  addr=0xa0010004            t=207335 ns
MON M01.R   data=0x00000000 resp=0 t=207355 ns
MON M01.AR  addr=0xa0010004            t=207655 ns
MON M01.R   data=0x00000000 resp=0 t=207675 ns
MON M01.AR  addr=0xa0010004            t=207975 ns
MON M01.R   data=0x00000000 resp=0 t=207995 ns
MON M01.AR  addr=0xa0010004            t=208295 ns
MON M01.R   data=0x00000000 resp=0 t=208315 ns
MON M01.AR  addr=0xa0010004            t=208615 ns
MON M01.R   data=0x00000000 resp=0 t=208635 ns
MON M01.AR  addr=0xa0010004            t=208935 ns
MON M01.R   data=0x00000000 resp=0 t=208955 ns
MON M01.AR  addr=0xa0010004            t=209255 ns
MON M01.R   data=0x00000000 resp=0 t=209275 ns
MON M01.AR  addr=0xa0010004            t=209575 ns
MON M01.R   data=0x00000000 resp=0 t=209595 ns
MON M01.AR  addr=0xa0010004            t=209895 ns
MON M01.R   data=0x00000000 resp=0 t=209915 ns
MON M01.AR  addr=0xa0010004            t=210215 ns
MON M01.R   data=0x00000000 resp=0 t=210235 ns
MON M01.AR  addr=0xa0010004            t=210535 ns
MON M01.R   data=0x00000000 resp=0 t=210555 ns
MON M01.AR  addr=0xa0010004            t=210855 ns
MON M01.R   data=0x00000000 resp=0 t=210875 ns
MON M01.AR  addr=0xa0010004            t=211175 ns
MON M01.R   data=0x00000000 resp=0 t=211195 ns
MON M01.AR  addr=0xa0010004            t=211495 ns
MON M01.R   data=0x00000000 resp=0 t=211515 ns
MON M01.AR  addr=0xa0010004            t=211815 ns
MON M01.R   data=0x00000000 resp=0 t=211835 ns
MON M01.AR  addr=0xa0010004            t=212135 ns
MON M01.R   data=0x00000000 resp=0 t=212155 ns
MON M01.AR  addr=0xa0010004            t=212455 ns
MON M01.R   data=0x00000000 resp=0 t=212475 ns
MON M01.AR  addr=0xa0010004            t=212775 ns
MON M01.R   data=0x00000000 resp=0 t=212795 ns
MON M01.AR  addr=0xa0010004            t=213095 ns
MON M01.R   data=0x00000000 resp=0 t=213115 ns
MON M01.AR  addr=0xa0010004            t=213415 ns
MON M01.R   data=0x00000000 resp=0 t=213435 ns
MON M01.AR  addr=0xa0010004            t=213735 ns
MON M01.R   data=0x00000000 resp=0 t=213755 ns
MON M01.AR  addr=0xa0010004            t=214055 ns
MON M01.R   data=0x00000000 resp=0 t=214075 ns
MON M01.AR  addr=0xa0010004            t=214375 ns
MON M01.R   data=0x00000000 resp=0 t=214395 ns
MON M01.AR  addr=0xa0010004            t=214695 ns
MON M01.R   data=0x00000000 resp=0 t=214715 ns
MON M01.AR  addr=0xa0010004            t=215015 ns
MON M01.R   data=0x00000000 resp=0 t=215035 ns
MON M01.AR  addr=0xa0010004            t=215335 ns
MON M01.R   data=0x00000000 resp=0 t=215355 ns
MON M01.AR  addr=0xa0010004            t=215655 ns
MON M01.R   data=0x00000000 resp=0 t=215675 ns
MON M01.AR  addr=0xa0010004            t=215975 ns
MON M01.R   data=0x00000000 resp=0 t=215995 ns
MON M01.AR  addr=0xa0010004            t=216295 ns
MON M01.R   data=0x00000000 resp=0 t=216315 ns
MON M01.AR  addr=0xa0010004            t=216615 ns
MON M01.R   data=0x00000000 resp=0 t=216635 ns
MON M01.AR  addr=0xa0010004            t=216935 ns
MON M01.R   data=0x00000000 resp=0 t=216955 ns
MON M01.AR  addr=0xa0010004            t=217255 ns
MON M01.R   data=0x00000000 resp=0 t=217275 ns
MON M01.AR  addr=0xa0010004            t=217575 ns
MON M01.R   data=0x00000000 resp=0 t=217595 ns
MON M01.AR  addr=0xa0010004            t=217895 ns
MON M01.R   data=0x00000000 resp=0 t=217915 ns
MON M01.AR  addr=0xa0010004            t=218215 ns
MON M01.R   data=0x00000000 resp=0 t=218235 ns
MON M01.AR  addr=0xa0010004            t=218535 ns
MON M01.R   data=0x00000000 resp=0 t=218555 ns
MON M01.AR  addr=0xa0010004            t=218855 ns
MON M01.R   data=0x00000000 resp=0 t=218875 ns
MON M01.AR  addr=0xa0010004            t=219175 ns
MON M01.R   data=0x00000000 resp=0 t=219195 ns
MON M01.AR  addr=0xa0010004            t=219495 ns
MON M01.R   data=0x00000000 resp=0 t=219515 ns
MON M01.AR  addr=0xa0010004            t=219815 ns
MON M01.R   data=0x00000000 resp=0 t=219835 ns
MON M01.AR  addr=0xa0010004            t=220135 ns
MON M01.R   data=0x00000000 resp=0 t=220155 ns
MON M01.AR  addr=0xa0010004            t=220455 ns
MON M01.R   data=0x00000000 resp=0 t=220475 ns
MON M01.AR  addr=0xa0010004            t=220775 ns
MON M01.R   data=0x00000000 resp=0 t=220795 ns
MON M01.AR  addr=0xa0010004            t=221095 ns
MON M01.R   data=0x00000000 resp=0 t=221115 ns
MON M01.AR  addr=0xa0010004            t=221415 ns
MON M01.R   data=0x00000000 resp=0 t=221435 ns
MON M01.AR  addr=0xa0010004            t=221735 ns
MON M01.R   data=0x00000000 resp=0 t=221755 ns
MON M01.AR  addr=0xa0010004            t=222055 ns
MON M01.R   data=0x00000000 resp=0 t=222075 ns
MON M01.AR  addr=0xa0010004            t=222375 ns
MON M01.R   data=0x00000000 resp=0 t=222395 ns
MON M01.AR  addr=0xa0010004            t=222695 ns
MON M01.R   data=0x00000000 resp=0 t=222715 ns
MON M01.AR  addr=0xa0010004            t=223015 ns
MON M01.R   data=0x00000000 resp=0 t=223035 ns
MON M01.AR  addr=0xa0010004            t=223335 ns
MON M01.R   data=0x00000000 resp=0 t=223355 ns
MON M01.AR  addr=0xa0010004            t=223655 ns
MON M01.R   data=0x00000000 resp=0 t=223675 ns
MON M01.AR  addr=0xa0010004            t=223975 ns
MON M01.R   data=0x00000000 resp=0 t=223995 ns
MON M01.AR  addr=0xa0010004            t=224295 ns
MON M01.R   data=0x00000000 resp=0 t=224315 ns
MON M01.AR  addr=0xa0010004            t=224615 ns
MON M01.R   data=0x00000000 resp=0 t=224635 ns
MON M01.AR  addr=0xa0010004            t=224935 ns
MON M01.R   data=0x00000000 resp=0 t=224955 ns
MON M01.AR  addr=0xa0010004            t=225255 ns
MON M01.R   data=0x00000000 resp=0 t=225275 ns
MON M01.AR  addr=0xa0010004            t=225575 ns
MON M01.R   data=0x00000000 resp=0 t=225595 ns
MON M01.AR  addr=0xa0010004            t=225895 ns
MON M01.R   data=0x00000000 resp=0 t=225915 ns
MON M01.AR  addr=0xa0010004            t=226215 ns
MON M01.R   data=0x00000000 resp=0 t=226235 ns
MON M01.AR  addr=0xa0010004            t=226535 ns
MON M01.R   data=0x00000000 resp=0 t=226555 ns
MON M01.AR  addr=0xa0010004            t=226855 ns
MON M01.R   data=0x00000000 resp=0 t=226875 ns
MON M01.AR  addr=0xa0010004            t=227175 ns
MON M01.R   data=0x00000000 resp=0 t=227195 ns
MON M01.AR  addr=0xa0010004            t=227495 ns
MON M01.R   data=0x00000000 resp=0 t=227515 ns
MON M01.AR  addr=0xa0010004            t=227815 ns
MON M01.R   data=0x00000000 resp=0 t=227835 ns
MON M01.AR  addr=0xa0010004            t=228135 ns
MON M01.R   data=0x00000000 resp=0 t=228155 ns
MON M01.AR  addr=0xa0010004            t=228455 ns
MON M01.R   data=0x00000000 resp=0 t=228475 ns
MON M01.AR  addr=0xa0010004            t=228775 ns
MON M01.R   data=0x00000000 resp=0 t=228795 ns
MON M01.AR  addr=0xa0010004            t=229095 ns
MON M01.R   data=0x00000000 resp=0 t=229115 ns
MON M01.AR  addr=0xa0010004            t=229415 ns
MON M01.R   data=0x00000000 resp=0 t=229435 ns
MON M01.AR  addr=0xa0010004            t=229735 ns
MON M01.R   data=0x00000000 resp=0 t=229755 ns
MON M01.AR  addr=0xa0010004            t=230055 ns
MON M01.R   data=0x00000000 resp=0 t=230075 ns
MON M01.AR  addr=0xa0010004            t=230375 ns
MON M01.R   data=0x00000000 resp=0 t=230395 ns
MON M01.AR  addr=0xa0010004            t=230695 ns
MON M01.R   data=0x00000000 resp=0 t=230715 ns
MON M01.AR  addr=0xa0010004            t=231015 ns
MON M01.R   data=0x00000000 resp=0 t=231035 ns
MON M01.AR  addr=0xa0010004            t=231335 ns
MON M01.R   data=0x00000000 resp=0 t=231355 ns
MON M01.AR  addr=0xa0010004            t=231655 ns
MON M01.R   data=0x00000000 resp=0 t=231675 ns
MON M01.AR  addr=0xa0010004            t=231975 ns
MON M01.R   data=0x00000000 resp=0 t=231995 ns
MON M01.AR  addr=0xa0010004            t=232295 ns
MON M01.R   data=0x00000000 resp=0 t=232315 ns
MON M01.AR  addr=0xa0010004            t=232615 ns
MON M01.R   data=0x00000000 resp=0 t=232635 ns
MON M01.AR  addr=0xa0010004            t=232935 ns
MON M01.R   data=0x00000000 resp=0 t=232955 ns
MON M01.AR  addr=0xa0010004            t=233255 ns
MON M01.R   data=0x00000000 resp=0 t=233275 ns
MON M01.AR  addr=0xa0010004            t=233575 ns
MON M01.R   data=0x00000000 resp=0 t=233595 ns
MON M01.AR  addr=0xa0010004            t=233895 ns
MON M01.R   data=0x00000000 resp=0 t=233915 ns
MON M01.AR  addr=0xa0010004            t=234215 ns
MON M01.R   data=0x00000000 resp=0 t=234235 ns
MON M01.AR  addr=0xa0010004            t=234535 ns
MON M01.R   data=0x00000000 resp=0 t=234555 ns
MON M01.AR  addr=0xa0010004            t=234855 ns
MON M01.R   data=0x00000000 resp=0 t=234875 ns
MON M01.AR  addr=0xa0010004            t=235175 ns
MON M01.R   data=0x00000000 resp=0 t=235195 ns
MON M01.AR  addr=0xa0010004            t=235495 ns
MON M01.R   data=0x00000000 resp=0 t=235515 ns
MON M01.AR  addr=0xa0010004            t=235815 ns
MON M01.R   data=0x00000000 resp=0 t=235835 ns
MON M01.AR  addr=0xa0010004            t=236135 ns
MON M01.R   data=0x00000000 resp=0 t=236155 ns
MON M01.AR  addr=0xa0010004            t=236455 ns
MON M01.R   data=0x00000000 resp=0 t=236475 ns
MON M01.AR  addr=0xa0010004            t=236775 ns
MON M01.R   data=0x00000000 resp=0 t=236795 ns
MON M01.AR  addr=0xa0010004            t=237095 ns
MON M01.R   data=0x00000000 resp=0 t=237115 ns
MON M01.AR  addr=0xa0010004            t=237415 ns
MON M01.R   data=0x00000000 resp=0 t=237435 ns
MON M01.AR  addr=0xa0010004            t=237735 ns
MON M01.R   data=0x00000000 resp=0 t=237755 ns
MON M01.AR  addr=0xa0010004            t=238055 ns
MON M01.R   data=0x00000000 resp=0 t=238075 ns
MON M01.AR  addr=0xa0010004            t=238375 ns
MON M01.R   data=0x00000000 resp=0 t=238395 ns
MON M01.AR  addr=0xa0010004            t=238695 ns
MON M01.R   data=0x00000000 resp=0 t=238715 ns
MON M01.AR  addr=0xa0010004            t=239015 ns
MON M01.R   data=0x00000000 resp=0 t=239035 ns
MON M01.AR  addr=0xa0010004            t=239335 ns
MON M01.R   data=0x00000000 resp=0 t=239355 ns
MON M01.AR  addr=0xa0010004            t=239655 ns
MON M01.R   data=0x00000000 resp=0 t=239675 ns
MON M01.AR  addr=0xa0010004            t=239975 ns
MON M01.R   data=0x00000000 resp=0 t=239995 ns
MON M01.AR  addr=0xa0010004            t=240295 ns
MON M01.R   data=0x00000000 resp=0 t=240315 ns
MON M01.AR  addr=0xa0010004            t=240615 ns
MON M01.R   data=0x00000000 resp=0 t=240635 ns
MON M01.AR  addr=0xa0010004            t=240935 ns
MON M01.R   data=0x00000000 resp=0 t=240955 ns
MON M01.AR  addr=0xa0010004            t=241255 ns
MON M01.R   data=0x00000000 resp=0 t=241275 ns
MON M01.AR  addr=0xa0010004            t=241575 ns
MON M01.R   data=0x00000000 resp=0 t=241595 ns
MON M01.AR  addr=0xa0010004            t=241895 ns
MON M01.R   data=0x00000000 resp=0 t=241915 ns
MON M01.AR  addr=0xa0010004            t=242215 ns
MON M01.R   data=0x00000000 resp=0 t=242235 ns
MON M01.AR  addr=0xa0010004            t=242535 ns
MON M01.R   data=0x00000000 resp=0 t=242555 ns
MON M01.AR  addr=0xa0010004            t=242855 ns
MON M01.R   data=0x00000000 resp=0 t=242875 ns
MON M01.AR  addr=0xa0010004            t=243175 ns
MON M01.R   data=0x00000000 resp=0 t=243195 ns
MON M01.AR  addr=0xa0010004            t=243495 ns
MON M01.R   data=0x00000000 resp=0 t=243515 ns
MON M01.AR  addr=0xa0010004            t=243815 ns
MON M01.R   data=0x00000000 resp=0 t=243835 ns
MON M01.AR  addr=0xa0010004            t=244135 ns
MON M01.R   data=0x00000000 resp=0 t=244155 ns
MON M01.AR  addr=0xa0010004            t=244455 ns
MON M01.R   data=0x00000000 resp=0 t=244475 ns
MON M01.AR  addr=0xa0010004            t=244775 ns
MON M01.R   data=0x00000000 resp=0 t=244795 ns
MON M01.AR  addr=0xa0010004            t=245095 ns
MON M01.R   data=0x00000000 resp=0 t=245115 ns
MON M01.AR  addr=0xa0010004            t=245415 ns
MON M01.R   data=0x00000000 resp=0 t=245435 ns
MON M01.AR  addr=0xa0010004            t=245735 ns
MON M01.R   data=0x00000000 resp=0 t=245755 ns
MON M01.AR  addr=0xa0010004            t=246055 ns
MON M01.R   data=0x00000000 resp=0 t=246075 ns
MON M01.AR  addr=0xa0010004            t=246375 ns
MON M01.R   data=0x00000000 resp=0 t=246395 ns
MON M01.AR  addr=0xa0010004            t=246695 ns
MON M01.R   data=0x00000000 resp=0 t=246715 ns
MON M01.AR  addr=0xa0010004            t=247015 ns
MON M01.R   data=0x00000000 resp=0 t=247035 ns
MON M01.AR  addr=0xa0010004            t=247335 ns
MON M01.R   data=0x00000000 resp=0 t=247355 ns
MON M01.AR  addr=0xa0010004            t=247655 ns
MON M01.R   data=0x00000000 resp=0 t=247675 ns
MON M01.AR  addr=0xa0010004            t=247975 ns
MON M01.R   data=0x00000000 resp=0 t=247995 ns
MON M01.AR  addr=0xa0010004            t=248295 ns
MON M01.R   data=0x00000000 resp=0 t=248315 ns
MON M01.AR  addr=0xa0010004            t=248615 ns
MON M01.R   data=0x00000000 resp=0 t=248635 ns
MON M01.AR  addr=0xa0010004            t=248935 ns
MON M01.R   data=0x00000000 resp=0 t=248955 ns
MON M01.AR  addr=0xa0010004            t=249255 ns
MON M01.R   data=0x00000000 resp=0 t=249275 ns
MON M01.AR  addr=0xa0010004            t=249575 ns
MON M01.R   data=0x00000000 resp=0 t=249595 ns
MON M01.AR  addr=0xa0010004            t=249895 ns
MON M01.R   data=0x00000000 resp=0 t=249915 ns
MON M01.AR  addr=0xa0010004            t=250215 ns
MON M01.R   data=0x00000000 resp=0 t=250235 ns
MON M01.AR  addr=0xa0010004            t=250535 ns
MON M01.R   data=0x00000000 resp=0 t=250555 ns
MON M01.AR  addr=0xa0010004            t=250855 ns
MON M01.R   data=0x00000000 resp=0 t=250875 ns
MON M01.AR  addr=0xa0010004            t=251175 ns
MON M01.R   data=0x00000000 resp=0 t=251195 ns
MON M01.AR  addr=0xa0010004            t=251495 ns
MON M01.R   data=0x00000000 resp=0 t=251515 ns
MON M01.AR  addr=0xa0010004            t=251815 ns
MON M01.R   data=0x00000000 resp=0 t=251835 ns
MON M01.AR  addr=0xa0010004            t=252135 ns
MON M01.R   data=0x00000000 resp=0 t=252155 ns
MON M01.AR  addr=0xa0010004            t=252455 ns
MON M01.R   data=0x00000000 resp=0 t=252475 ns
MON M01.AR  addr=0xa0010004            t=252775 ns
MON M01.R   data=0x00000000 resp=0 t=252795 ns
MON M01.AR  addr=0xa0010004            t=253095 ns
MON M01.R   data=0x00000000 resp=0 t=253115 ns
MON M01.AR  addr=0xa0010004            t=253415 ns
MON M01.R   data=0x00000000 resp=0 t=253435 ns
MON M01.AR  addr=0xa0010004            t=253735 ns
MON M01.R   data=0x00000000 resp=0 t=253755 ns
MON M01.AR  addr=0xa0010004            t=254055 ns
MON M01.R   data=0x00000000 resp=0 t=254075 ns
MON M01.AR  addr=0xa0010004            t=254375 ns
MON M01.R   data=0x00000000 resp=0 t=254395 ns
MON M01.AR  addr=0xa0010004            t=254695 ns
MON M01.R   data=0x00000000 resp=0 t=254715 ns
MON M01.AR  addr=0xa0010004            t=255015 ns
MON M01.R   data=0x00000000 resp=0 t=255035 ns
MON M01.AR  addr=0xa0010004            t=255335 ns
MON M01.R   data=0x00000000 resp=0 t=255355 ns
MON M01.AR  addr=0xa0010004            t=255655 ns
MON M01.R   data=0x00000000 resp=0 t=255675 ns
MON M01.AR  addr=0xa0010004            t=255975 ns
MON M01.R   data=0x00000000 resp=0 t=255995 ns
MON M01.AR  addr=0xa0010004            t=256295 ns
MON M01.R   data=0x00000000 resp=0 t=256315 ns
MON M01.AR  addr=0xa0010004            t=256615 ns
MON M01.R   data=0x00000000 resp=0 t=256635 ns
MON M01.AR  addr=0xa0010004            t=256935 ns
MON M01.R   data=0x00000000 resp=0 t=256955 ns
MON M01.AR  addr=0xa0010004            t=257255 ns
MON M01.R   data=0x00000000 resp=0 t=257275 ns
MON M01.AR  addr=0xa0010004            t=257575 ns
MON M01.R   data=0x00000000 resp=0 t=257595 ns
MON M01.AR  addr=0xa0010004            t=257895 ns
MON M01.R   data=0x00000000 resp=0 t=257915 ns
MON M01.AR  addr=0xa0010004            t=258215 ns
MON M01.R   data=0x00000000 resp=0 t=258235 ns
MON M01.AR  addr=0xa0010004            t=258535 ns
MON M01.R   data=0x00000000 resp=0 t=258555 ns
MON M01.AR  addr=0xa0010004            t=258855 ns
MON M01.R   data=0x00000000 resp=0 t=258875 ns
MON M01.AR  addr=0xa0010004            t=259175 ns
MON M01.R   data=0x00000000 resp=0 t=259195 ns
MON M01.AR  addr=0xa0010004            t=259495 ns
MON M01.R   data=0x00000000 resp=0 t=259515 ns
MON M01.AR  addr=0xa0010004            t=259815 ns
MON M01.R   data=0x00000000 resp=0 t=259835 ns
MON M01.AR  addr=0xa0010004            t=260135 ns
MON M01.R   data=0x00000000 resp=0 t=260155 ns
MON M01.AR  addr=0xa0010004            t=260455 ns
MON M01.R   data=0x00000000 resp=0 t=260475 ns
MON M01.AR  addr=0xa0010004            t=260775 ns
MON M01.R   data=0x00000000 resp=0 t=260795 ns
MON M01.AR  addr=0xa0010004            t=261095 ns
MON M01.R   data=0x00000000 resp=0 t=261115 ns
MON M01.AR  addr=0xa0010004            t=261415 ns
MON M01.R   data=0x00000000 resp=0 t=261435 ns
MON M01.AR  addr=0xa0010004            t=261735 ns
MON M01.R   data=0x00000000 resp=0 t=261755 ns
MON M01.AR  addr=0xa0010004            t=262055 ns
MON M01.R   data=0x00000000 resp=0 t=262075 ns
MON M01.AR  addr=0xa0010004            t=262375 ns
MON M01.R   data=0x00000000 resp=0 t=262395 ns
MON M01.AR  addr=0xa0010004            t=262695 ns
MON M01.R   data=0x00000000 resp=0 t=262715 ns
MON M01.AR  addr=0xa0010004            t=263015 ns
MON M01.R   data=0x00000000 resp=0 t=263035 ns
MON M01.AR  addr=0xa0010004            t=263335 ns
MON M01.R   data=0x00000000 resp=0 t=263355 ns
MON M01.AR  addr=0xa0010004            t=263655 ns
MON M01.R   data=0x00000000 resp=0 t=263675 ns
MON M01.AR  addr=0xa0010004            t=263975 ns
MON M01.R   data=0x00000000 resp=0 t=263995 ns
MON M01.AR  addr=0xa0010004            t=264295 ns
MON M01.R   data=0x00000000 resp=0 t=264315 ns
MON M01.AR  addr=0xa0010004            t=264615 ns
MON M01.R   data=0x00000000 resp=0 t=264635 ns
MON M01.AR  addr=0xa0010004            t=264935 ns
MON M01.R   data=0x00000000 resp=0 t=264955 ns
MON M01.AR  addr=0xa0010004            t=265255 ns
MON M01.R   data=0x00000000 resp=0 t=265275 ns
MON M01.AR  addr=0xa0010004            t=265575 ns
MON M01.R   data=0x00000000 resp=0 t=265595 ns
MON M01.AR  addr=0xa0010004            t=265895 ns
MON M01.R   data=0x00000000 resp=0 t=265915 ns
MON M01.AR  addr=0xa0010004            t=266215 ns
MON M01.R   data=0x00000000 resp=0 t=266235 ns
MON M01.AR  addr=0xa0010004            t=266535 ns
MON M01.R   data=0x00000000 resp=0 t=266555 ns
MON M01.AR  addr=0xa0010004            t=266855 ns
MON M01.R   data=0x00000000 resp=0 t=266875 ns
MON M01.AR  addr=0xa0010004            t=267175 ns
MON M01.R   data=0x00000000 resp=0 t=267195 ns
MON M01.AR  addr=0xa0010004            t=267495 ns
MON M01.R   data=0x00000000 resp=0 t=267515 ns
MON M01.AR  addr=0xa0010004            t=267815 ns
MON M01.R   data=0x00000000 resp=0 t=267835 ns
MON M01.AR  addr=0xa0010004            t=268135 ns
MON M01.R   data=0x00000000 resp=0 t=268155 ns
MON M01.AR  addr=0xa0010004            t=268455 ns
MON M01.R   data=0x00000000 resp=0 t=268475 ns
MON M01.AR  addr=0xa0010004            t=268775 ns
MON M01.R   data=0x00000000 resp=0 t=268795 ns
MON M01.AR  addr=0xa0010004            t=269095 ns
MON M01.R   data=0x00000000 resp=0 t=269115 ns
MON M01.AR  addr=0xa0010004            t=269415 ns
MON M01.R   data=0x00000000 resp=0 t=269435 ns
MON M01.AR  addr=0xa0010004            t=269735 ns
MON M01.R   data=0x00000000 resp=0 t=269755 ns
MON M01.AR  addr=0xa0010004            t=270055 ns
MON M01.R   data=0x00000000 resp=0 t=270075 ns
MON M01.AR  addr=0xa0010004            t=270375 ns
MON M01.R   data=0x00000000 resp=0 t=270395 ns
MON M01.AR  addr=0xa0010004            t=270695 ns
MON M01.R   data=0x00000000 resp=0 t=270715 ns
MON M01.AR  addr=0xa0010004            t=271015 ns
MON M01.R   data=0x00000000 resp=0 t=271035 ns
MON M01.AR  addr=0xa0010004            t=271335 ns
MON M01.R   data=0x00000000 resp=0 t=271355 ns
MON M01.AR  addr=0xa0010004            t=271655 ns
MON M01.R   data=0x00000000 resp=0 t=271675 ns
MON M01.AR  addr=0xa0010004            t=271975 ns
MON M01.R   data=0x00000000 resp=0 t=271995 ns
MON M01.AR  addr=0xa0010004            t=272295 ns
MON M01.R   data=0x00000000 resp=0 t=272315 ns
MON M01.AR  addr=0xa0010004            t=272615 ns
MON M01.R   data=0x00000000 resp=0 t=272635 ns
MON M01.AR  addr=0xa0010004            t=272935 ns
MON M01.R   data=0x00000000 resp=0 t=272955 ns
MON M01.AR  addr=0xa0010004            t=273255 ns
MON M01.R   data=0x00000000 resp=0 t=273275 ns
MON M01.AR  addr=0xa0010004            t=273575 ns
MON M01.R   data=0x00000000 resp=0 t=273595 ns
MON M01.AR  addr=0xa0010004            t=273895 ns
MON M01.R   data=0x00000000 resp=0 t=273915 ns
MON M01.AR  addr=0xa0010004            t=274215 ns
MON M01.R   data=0x00000000 resp=0 t=274235 ns
MON M01.AR  addr=0xa0010004            t=274535 ns
MON M01.R   data=0x00000000 resp=0 t=274555 ns
MON M01.AR  addr=0xa0010004            t=274855 ns
MON M01.R   data=0x00000000 resp=0 t=274875 ns
MON M01.AR  addr=0xa0010004            t=275175 ns
MON M01.R   data=0x00000000 resp=0 t=275195 ns
MON M01.AR  addr=0xa0010004            t=275495 ns
MON M01.R   data=0x00000000 resp=0 t=275515 ns
MON M01.AR  addr=0xa0010004            t=275815 ns
MON M01.R   data=0x00000000 resp=0 t=275835 ns
MON M01.AR  addr=0xa0010004            t=276135 ns
MON M01.R   data=0x00000000 resp=0 t=276155 ns
MON M01.AR  addr=0xa0010004            t=276455 ns
MON M01.R   data=0x00000000 resp=0 t=276475 ns
MON M01.AR  addr=0xa0010004            t=276775 ns
MON M01.R   data=0x00000000 resp=0 t=276795 ns
MON M01.AR  addr=0xa0010004            t=277095 ns
MON M01.R   data=0x00000000 resp=0 t=277115 ns
MON M01.AR  addr=0xa0010004            t=277415 ns
MON M01.R   data=0x00000000 resp=0 t=277435 ns
MON M01.AR  addr=0xa0010004            t=277735 ns
MON M01.R   data=0x00000000 resp=0 t=277755 ns
MON M01.AR  addr=0xa0010004            t=278055 ns
MON M01.R   data=0x00000000 resp=0 t=278075 ns
MON M01.AR  addr=0xa0010004            t=278375 ns
MON M01.R   data=0x00000000 resp=0 t=278395 ns
MON M01.AR  addr=0xa0010004            t=278695 ns
MON M01.R   data=0x00000000 resp=0 t=278715 ns
MON M01.AR  addr=0xa0010004            t=279015 ns
MON M01.R   data=0x00000000 resp=0 t=279035 ns
MON M01.AR  addr=0xa0010004            t=279335 ns
MON M01.R   data=0x00000000 resp=0 t=279355 ns
MON M01.AR  addr=0xa0010004            t=279655 ns
MON M01.R   data=0x00000000 resp=0 t=279675 ns
MON M01.AR  addr=0xa0010004            t=279975 ns
MON M01.R   data=0x00000000 resp=0 t=279995 ns
MON M01.AR  addr=0xa0010004            t=280295 ns
MON M01.R   data=0x00000000 resp=0 t=280315 ns
MON M01.AR  addr=0xa0010004            t=280615 ns
MON M01.R   data=0x00000000 resp=0 t=280635 ns
MON M01.AR  addr=0xa0010004            t=280935 ns
MON M01.R   data=0x00000000 resp=0 t=280955 ns
MON M01.AR  addr=0xa0010004            t=281255 ns
MON M01.R   data=0x00000000 resp=0 t=281275 ns
MON M01.AR  addr=0xa0010004            t=281575 ns
MON M01.R   data=0x00000000 resp=0 t=281595 ns
MON M01.AR  addr=0xa0010004            t=281895 ns
MON M01.R   data=0x00000000 resp=0 t=281915 ns
MON M01.AR  addr=0xa0010004            t=282215 ns
MON M01.R   data=0x00000000 resp=0 t=282235 ns
MON M01.AR  addr=0xa0010004            t=282535 ns
MON M01.R   data=0x00000000 resp=0 t=282555 ns
MON M01.AR  addr=0xa0010004            t=282855 ns
MON M01.R   data=0x00000000 resp=0 t=282875 ns
MON M01.AR  addr=0xa0010004            t=283175 ns
MON M01.R   data=0x00000000 resp=0 t=283195 ns
MON M01.AR  addr=0xa0010004            t=283495 ns
MON M01.R   data=0x00000000 resp=0 t=283515 ns
MON M01.AR  addr=0xa0010004            t=283815 ns
MON M01.R   data=0x00000000 resp=0 t=283835 ns
MON M01.AR  addr=0xa0010004            t=284135 ns
MON M01.R   data=0x00000000 resp=0 t=284155 ns
MON M01.AR  addr=0xa0010004            t=284455 ns
MON M01.R   data=0x00000000 resp=0 t=284475 ns
MON M01.AR  addr=0xa0010004            t=284775 ns
MON M01.R   data=0x00000000 resp=0 t=284795 ns
MON M01.AR  addr=0xa0010004            t=285095 ns
MON M01.R   data=0x00000000 resp=0 t=285115 ns
MON M01.AR  addr=0xa0010004            t=285415 ns
MON M01.R   data=0x00000000 resp=0 t=285435 ns
MON M01.AR  addr=0xa0010004            t=285735 ns
MON M01.R   data=0x00000000 resp=0 t=285755 ns
MON M01.AR  addr=0xa0010004            t=286055 ns
MON M01.R   data=0x00000000 resp=0 t=286075 ns
MON M01.AR  addr=0xa0010004            t=286375 ns
MON M01.R   data=0x00000000 resp=0 t=286395 ns
MON M01.AR  addr=0xa0010004            t=286695 ns
MON M01.R   data=0x00000000 resp=0 t=286715 ns
MON M01.AR  addr=0xa0010004            t=287015 ns
MON M01.R   data=0x00000000 resp=0 t=287035 ns
MON M01.AR  addr=0xa0010004            t=287335 ns
MON M01.R   data=0x00000000 resp=0 t=287355 ns
MON M01.AR  addr=0xa0010004            t=287655 ns
MON M01.R   data=0x00000000 resp=0 t=287675 ns
MON M01.AR  addr=0xa0010004            t=287975 ns
MON M01.R   data=0x00000000 resp=0 t=287995 ns
MON M01.AR  addr=0xa0010004            t=288295 ns
MON M01.R   data=0x00000000 resp=0 t=288315 ns
MON M01.AR  addr=0xa0010004            t=288615 ns
MON M01.R   data=0x00000000 resp=0 t=288635 ns
MON M01.AR  addr=0xa0010004            t=288935 ns
MON M01.R   data=0x00000000 resp=0 t=288955 ns
MON M01.AR  addr=0xa0010004            t=289255 ns
MON M01.R   data=0x00000000 resp=0 t=289275 ns
MON M01.AR  addr=0xa0010004            t=289575 ns
MON M01.R   data=0x00000000 resp=0 t=289595 ns
MON M01.AR  addr=0xa0010004            t=289895 ns
MON M01.R   data=0x00000000 resp=0 t=289915 ns
MON M01.AR  addr=0xa0010004            t=290215 ns
MON M01.R   data=0x00000000 resp=0 t=290235 ns
MON M01.AR  addr=0xa0010004            t=290535 ns
MON M01.R   data=0x00000000 resp=0 t=290555 ns
MON M01.AR  addr=0xa0010004            t=290855 ns
MON M01.R   data=0x00000000 resp=0 t=290875 ns
MON M01.AR  addr=0xa0010004            t=291175 ns
MON M01.R   data=0x00000000 resp=0 t=291195 ns
MON M01.AR  addr=0xa0010004            t=291495 ns
MON M01.R   data=0x00000000 resp=0 t=291515 ns
MON M01.AR  addr=0xa0010004            t=291815 ns
MON M01.R   data=0x00000000 resp=0 t=291835 ns
MON M01.AR  addr=0xa0010004            t=292135 ns
MON M01.R   data=0x00000000 resp=0 t=292155 ns
MON M01.AR  addr=0xa0010004            t=292455 ns
MON M01.R   data=0x00000000 resp=0 t=292475 ns
MON M01.AR  addr=0xa0010004            t=292775 ns
MON M01.R   data=0x00000000 resp=0 t=292795 ns
MON M01.AR  addr=0xa0010004            t=293095 ns
MON M01.R   data=0x00000000 resp=0 t=293115 ns
MON M01.AR  addr=0xa0010004            t=293415 ns
MON M01.R   data=0x00000000 resp=0 t=293435 ns
MON M01.AR  addr=0xa0010004            t=293735 ns
MON M01.R   data=0x00000000 resp=0 t=293755 ns
MON M01.AR  addr=0xa0010004            t=294055 ns
MON M01.R   data=0x00000000 resp=0 t=294075 ns
MON M01.AR  addr=0xa0010004            t=294375 ns
MON M01.R   data=0x00000000 resp=0 t=294395 ns
MON M01.AR  addr=0xa0010004            t=294695 ns
MON M01.R   data=0x00000000 resp=0 t=294715 ns
MON M01.AR  addr=0xa0010004            t=295015 ns
MON M01.R   data=0x00000000 resp=0 t=295035 ns
MON M01.AR  addr=0xa0010004            t=295335 ns
MON M01.R   data=0x00000000 resp=0 t=295355 ns
MON M01.AR  addr=0xa0010004            t=295655 ns
MON M01.R   data=0x00000000 resp=0 t=295675 ns
MON M01.AR  addr=0xa0010004            t=295975 ns
MON M01.R   data=0x00000000 resp=0 t=295995 ns
MON M01.AR  addr=0xa0010004            t=296295 ns
MON M01.R   data=0x00000000 resp=0 t=296315 ns
MON M01.AR  addr=0xa0010004            t=296615 ns
MON M01.R   data=0x00000000 resp=0 t=296635 ns
MON M01.AR  addr=0xa0010004            t=296935 ns
MON M01.R   data=0x00000000 resp=0 t=296955 ns
MON M01.AR  addr=0xa0010004            t=297255 ns
MON M01.R   data=0x00000000 resp=0 t=297275 ns
MON M01.AR  addr=0xa0010004            t=297575 ns
MON M01.R   data=0x00000000 resp=0 t=297595 ns
MON M01.AR  addr=0xa0010004            t=297895 ns
MON M01.R   data=0x00000000 resp=0 t=297915 ns
MON M01.AR  addr=0xa0010004            t=298215 ns
MON M01.R   data=0x00000000 resp=0 t=298235 ns
MON M01.AR  addr=0xa0010004            t=298535 ns
MON M01.R   data=0x00000000 resp=0 t=298555 ns
MON M01.AR  addr=0xa0010004            t=298855 ns
MON M01.R   data=0x00000000 resp=0 t=298875 ns
MON M01.AR  addr=0xa0010004            t=299175 ns
MON M01.R   data=0x00000000 resp=0 t=299195 ns
MON M01.AR  addr=0xa0010004            t=299495 ns
MON M01.R   data=0x00000000 resp=0 t=299515 ns
MON M01.AR  addr=0xa0010004            t=299815 ns
MON M01.R   data=0x00000000 resp=0 t=299835 ns
MON M01.AR  addr=0xa0010004            t=300135 ns
MON M01.R   data=0x00000000 resp=0 t=300155 ns
MON M01.AR  addr=0xa0010004            t=300455 ns
MON M01.R   data=0x00000000 resp=0 t=300475 ns
MON M01.AR  addr=0xa0010004            t=300775 ns
MON M01.R   data=0x00000000 resp=0 t=300795 ns
MON M01.AR  addr=0xa0010004            t=301095 ns
MON M01.R   data=0x00000000 resp=0 t=301115 ns
MON M01.AR  addr=0xa0010004            t=301415 ns
MON M01.R   data=0x00000000 resp=0 t=301435 ns
MON M01.AR  addr=0xa0010004            t=301735 ns
MON M01.R   data=0x00000000 resp=0 t=301755 ns
MON M01.AR  addr=0xa0010004            t=302055 ns
MON M01.R   data=0x00000000 resp=0 t=302075 ns
MON M01.AR  addr=0xa0010004            t=302375 ns
MON M01.R   data=0x00000000 resp=0 t=302395 ns
MON M01.AR  addr=0xa0010004            t=302695 ns
MON M01.R   data=0x00000000 resp=0 t=302715 ns
MON M01.AR  addr=0xa0010004            t=303015 ns
MON M01.R   data=0x00000000 resp=0 t=303035 ns
MON M01.AR  addr=0xa0010004            t=303335 ns
MON M01.R   data=0x00000000 resp=0 t=303355 ns
MON M01.AR  addr=0xa0010004            t=303655 ns
MON M01.R   data=0x00000000 resp=0 t=303675 ns
MON M01.AR  addr=0xa0010004            t=303975 ns
MON M01.R   data=0x00000000 resp=0 t=303995 ns
MON M01.AR  addr=0xa0010004            t=304295 ns
MON M01.R   data=0x00000000 resp=0 t=304315 ns
MON M01.AR  addr=0xa0010004            t=304615 ns
MON M01.R   data=0x00000000 resp=0 t=304635 ns
MON M01.AR  addr=0xa0010004            t=304935 ns
MON M01.R   data=0x00000000 resp=0 t=304955 ns
MON M01.AR  addr=0xa0010004            t=305255 ns
MON M01.R   data=0x00000000 resp=0 t=305275 ns
MON M01.AR  addr=0xa0010004            t=305575 ns
MON M01.R   data=0x00000000 resp=0 t=305595 ns
MON M01.AR  addr=0xa0010004            t=305895 ns
MON M01.R   data=0x00000000 resp=0 t=305915 ns
MON M01.AR  addr=0xa0010004            t=306215 ns
MON M01.R   data=0x00000000 resp=0 t=306235 ns
MON M01.AR  addr=0xa0010004            t=306535 ns
MON M01.R   data=0x00000000 resp=0 t=306555 ns
MON M01.AR  addr=0xa0010004            t=306855 ns
MON M01.R   data=0x00000000 resp=0 t=306875 ns
MON M01.AR  addr=0xa0010004            t=307175 ns
MON M01.R   data=0x00000000 resp=0 t=307195 ns
MON M01.AR  addr=0xa0010004            t=307495 ns
MON M01.R   data=0x00000000 resp=0 t=307515 ns
MON M01.AR  addr=0xa0010004            t=307815 ns
MON M01.R   data=0x00000000 resp=0 t=307835 ns
MON M01.AR  addr=0xa0010004            t=308135 ns
MON M01.R   data=0x00000000 resp=0 t=308155 ns
MON M01.AR  addr=0xa0010004            t=308455 ns
MON M01.R   data=0x00000000 resp=0 t=308475 ns
MON M01.AR  addr=0xa0010004            t=308775 ns
MON M01.R   data=0x00000000 resp=0 t=308795 ns
MON M01.AR  addr=0xa0010004            t=309095 ns
MON M01.R   data=0x00000000 resp=0 t=309115 ns
MON M01.AR  addr=0xa0010004            t=309415 ns
MON M01.R   data=0x00000000 resp=0 t=309435 ns
MON M01.AR  addr=0xa0010004            t=309735 ns
MON M01.R   data=0x00000000 resp=0 t=309755 ns
MON M01.AR  addr=0xa0010004            t=310055 ns
MON M01.R   data=0x00000000 resp=0 t=310075 ns
MON M01.AR  addr=0xa0010004            t=310375 ns
MON M01.R   data=0x00000000 resp=0 t=310395 ns
MON M01.AR  addr=0xa0010004            t=310695 ns
MON M01.R   data=0x00000000 resp=0 t=310715 ns
MON M01.AR  addr=0xa0010004            t=311015 ns
MON M01.R   data=0x00000000 resp=0 t=311035 ns
MON M01.AR  addr=0xa0010004            t=311335 ns
MON M01.R   data=0x00000000 resp=0 t=311355 ns
MON M01.AR  addr=0xa0010004            t=311655 ns
MON M01.R   data=0x00000000 resp=0 t=311675 ns
MON M01.AR  addr=0xa0010004            t=311975 ns
MON M01.R   data=0x00000000 resp=0 t=311995 ns
MON M01.AR  addr=0xa0010004            t=312295 ns
MON M01.R   data=0x00000000 resp=0 t=312315 ns
MON M01.AR  addr=0xa0010004            t=312615 ns
MON M01.R   data=0x00000000 resp=0 t=312635 ns
MON M01.AR  addr=0xa0010004            t=312935 ns
MON M01.R   data=0x00000000 resp=0 t=312955 ns
MON M01.AR  addr=0xa0010004            t=313255 ns
MON M01.R   data=0x00000000 resp=0 t=313275 ns
MON M01.AR  addr=0xa0010004            t=313575 ns
MON M01.R   data=0x00000000 resp=0 t=313595 ns
MON M01.AR  addr=0xa0010004            t=313895 ns
MON M01.R   data=0x00000000 resp=0 t=313915 ns
MON M01.AR  addr=0xa0010004            t=314215 ns
MON M01.R   data=0x00000000 resp=0 t=314235 ns
MON M01.AR  addr=0xa0010004            t=314535 ns
MON M01.R   data=0x00000000 resp=0 t=314555 ns
MON M01.AR  addr=0xa0010004            t=314855 ns
MON M01.R   data=0x00000000 resp=0 t=314875 ns
MON M01.AR  addr=0xa0010004            t=315175 ns
MON M01.R   data=0x00000000 resp=0 t=315195 ns
MON M01.AR  addr=0xa0010004            t=315495 ns
MON M01.R   data=0x00000000 resp=0 t=315515 ns
MON M01.AR  addr=0xa0010004            t=315815 ns
MON M01.R   data=0x00000000 resp=0 t=315835 ns
MON M01.AR  addr=0xa0010004            t=316135 ns
MON M01.R   data=0x00000000 resp=0 t=316155 ns
MON M01.AR  addr=0xa0010004            t=316455 ns
MON M01.R   data=0x00000000 resp=0 t=316475 ns
MON M01.AR  addr=0xa0010004            t=316775 ns
MON M01.R   data=0x00000000 resp=0 t=316795 ns
MON M01.AR  addr=0xa0010004            t=317095 ns
MON M01.R   data=0x00000000 resp=0 t=317115 ns
MON M01.AR  addr=0xa0010004            t=317415 ns
MON M01.R   data=0x00000000 resp=0 t=317435 ns
MON M01.AR  addr=0xa0010004            t=317735 ns
MON M01.R   data=0x00000000 resp=0 t=317755 ns
MON M01.AR  addr=0xa0010004            t=318055 ns
MON M01.R   data=0x00000000 resp=0 t=318075 ns
MON M01.AR  addr=0xa0010004            t=318375 ns
MON M01.R   data=0x00000000 resp=0 t=318395 ns
MON M01.AR  addr=0xa0010004            t=318695 ns
MON M01.R   data=0x00000000 resp=0 t=318715 ns
MON M01.AR  addr=0xa0010004            t=319015 ns
MON M01.R   data=0x00000000 resp=0 t=319035 ns
MON M01.AR  addr=0xa0010004            t=319335 ns
MON M01.R   data=0x00000000 resp=0 t=319355 ns
MON M01.AR  addr=0xa0010004            t=319655 ns
MON M01.R   data=0x00000000 resp=0 t=319675 ns
MON M01.AR  addr=0xa0010004            t=319975 ns
MON M01.R   data=0x00000000 resp=0 t=319995 ns
MON M01.AR  addr=0xa0010004            t=320295 ns
MON M01.R   data=0x00000000 resp=0 t=320315 ns
MON M01.AR  addr=0xa0010004            t=320615 ns
MON M01.R   data=0x00000000 resp=0 t=320635 ns
MON M01.AR  addr=0xa0010004            t=320935 ns
MON M01.R   data=0x00000000 resp=0 t=320955 ns
MON M01.AR  addr=0xa0010004            t=321255 ns
MON M01.R   data=0x00000000 resp=0 t=321275 ns
MON M01.AR  addr=0xa0010004            t=321575 ns
MON M01.R   data=0x00000000 resp=0 t=321595 ns
MON M01.AR  addr=0xa0010004            t=321895 ns
MON M01.R   data=0x00000000 resp=0 t=321915 ns
MON M01.AR  addr=0xa0010004            t=322215 ns
MON M01.R   data=0x00000000 resp=0 t=322235 ns
MON M01.AR  addr=0xa0010004            t=322535 ns
MON M01.R   data=0x00000000 resp=0 t=322555 ns
MON M01.AR  addr=0xa0010004            t=322855 ns
MON M01.R   data=0x00000000 resp=0 t=322875 ns
MON M01.AR  addr=0xa0010004            t=323175 ns
MON M01.R   data=0x00000000 resp=0 t=323195 ns
MON M01.AR  addr=0xa0010004            t=323495 ns
MON M01.R   data=0x00000000 resp=0 t=323515 ns
MON M01.AR  addr=0xa0010004            t=323815 ns
MON M01.R   data=0x00000000 resp=0 t=323835 ns
MON M01.AR  addr=0xa0010004            t=324135 ns
MON M01.R   data=0x00000000 resp=0 t=324155 ns
MON M01.AR  addr=0xa0010004            t=324455 ns
MON M01.R   data=0x00000000 resp=0 t=324475 ns
MON M01.AR  addr=0xa0010004            t=324775 ns
MON M01.R   data=0x00000000 resp=0 t=324795 ns
MON M01.AR  addr=0xa0010004            t=325095 ns
MON M01.R   data=0x00000000 resp=0 t=325115 ns
MON M01.AR  addr=0xa0010004            t=325415 ns
MON M01.R   data=0x00000000 resp=0 t=325435 ns
MON M01.AR  addr=0xa0010004            t=325735 ns
MON M01.R   data=0x00000000 resp=0 t=325755 ns
MON M01.AR  addr=0xa0010004            t=326055 ns
MON M01.R   data=0x00000000 resp=0 t=326075 ns
MON M01.AR  addr=0xa0010004            t=326375 ns
MON M01.R   data=0x00000000 resp=0 t=326395 ns
MON M01.AR  addr=0xa0010004            t=326695 ns
MON M01.R   data=0x00000000 resp=0 t=326715 ns
MON M01.AR  addr=0xa0010004            t=327015 ns
MON M01.R   data=0x00000000 resp=0 t=327035 ns
MON M01.AR  addr=0xa0010004            t=327335 ns
MON M01.R   data=0x00000000 resp=0 t=327355 ns
MON M01.AR  addr=0xa0010004            t=327655 ns
MON M01.R   data=0x00000000 resp=0 t=327675 ns
MON M01.AR  addr=0xa0010004            t=327975 ns
MON M01.R   data=0x00000000 resp=0 t=327995 ns
MON M01.AR  addr=0xa0010004            t=328295 ns
MON M01.R   data=0x00000000 resp=0 t=328315 ns
MON M01.AR  addr=0xa0010004            t=328615 ns
MON M01.R   data=0x00000000 resp=0 t=328635 ns
MON M01.AR  addr=0xa0010004            t=328935 ns
MON M01.R   data=0x00000000 resp=0 t=328955 ns
MON M01.AR  addr=0xa0010004            t=329255 ns
MON M01.R   data=0x00000000 resp=0 t=329275 ns
MON M01.AR  addr=0xa0010004            t=329575 ns
MON M01.R   data=0x00000000 resp=0 t=329595 ns
MON M01.AR  addr=0xa0010004            t=329895 ns
MON M01.R   data=0x00000000 resp=0 t=329915 ns
MON M01.AR  addr=0xa0010004            t=330215 ns
MON M01.R   data=0x00000000 resp=0 t=330235 ns
MON M01.AR  addr=0xa0010004            t=330535 ns
MON M01.R   data=0x00000000 resp=0 t=330555 ns
MON M01.AR  addr=0xa0010004            t=330855 ns
MON M01.R   data=0x00000000 resp=0 t=330875 ns
MON M01.AR  addr=0xa0010004            t=331175 ns
MON M01.R   data=0x00000000 resp=0 t=331195 ns
MON M01.AR  addr=0xa0010004            t=331495 ns
MON M01.R   data=0x00000000 resp=0 t=331515 ns
MON M01.AR  addr=0xa0010004            t=331815 ns
MON M01.R   data=0x00000000 resp=0 t=331835 ns
MON M01.AR  addr=0xa0010004            t=332135 ns
MON M01.R   data=0x00000000 resp=0 t=332155 ns
MON M01.AR  addr=0xa0010004            t=332455 ns
MON M01.R   data=0x00000000 resp=0 t=332475 ns
MON M01.AR  addr=0xa0010004            t=332775 ns
MON M01.R   data=0x00000000 resp=0 t=332795 ns
MON M01.AR  addr=0xa0010004            t=333095 ns
MON M01.R   data=0x00000000 resp=0 t=333115 ns
MON M01.AR  addr=0xa0010004            t=333415 ns
MON M01.R   data=0x00000000 resp=0 t=333435 ns
MON M01.AR  addr=0xa0010004            t=333735 ns
MON M01.R   data=0x00000000 resp=0 t=333755 ns
MON M01.AR  addr=0xa0010004            t=334055 ns
MON M01.R   data=0x00000000 resp=0 t=334075 ns
MON M01.AR  addr=0xa0010004            t=334375 ns
MON M01.R   data=0x00000000 resp=0 t=334395 ns
MON M01.AR  addr=0xa0010004            t=334695 ns
MON M01.R   data=0x00000000 resp=0 t=334715 ns
MON M01.AR  addr=0xa0010004            t=335015 ns
MON M01.R   data=0x00000000 resp=0 t=335035 ns
MON M01.AR  addr=0xa0010004            t=335335 ns
MON M01.R   data=0x00000000 resp=0 t=335355 ns
MON M01.AR  addr=0xa0010004            t=335655 ns
MON M01.R   data=0x00000000 resp=0 t=335675 ns
MON M01.AR  addr=0xa0010004            t=335975 ns
MON M01.R   data=0x00000000 resp=0 t=335995 ns
MON M01.AR  addr=0xa0010004            t=336295 ns
MON M01.R   data=0x00000000 resp=0 t=336315 ns
MON M01.AR  addr=0xa0010004            t=336615 ns
MON M01.R   data=0x00000000 resp=0 t=336635 ns
MON M01.AR  addr=0xa0010004            t=336935 ns
MON M01.R   data=0x00000000 resp=0 t=336955 ns
MON M01.AR  addr=0xa0010004            t=337255 ns
MON M01.R   data=0x00000000 resp=0 t=337275 ns
MON M01.AR  addr=0xa0010004            t=337575 ns
MON M01.R   data=0x00000000 resp=0 t=337595 ns
MON M01.AR  addr=0xa0010004            t=337895 ns
MON M01.R   data=0x00000000 resp=0 t=337915 ns
MON M01.AR  addr=0xa0010004            t=338215 ns
MON M01.R   data=0x00000000 resp=0 t=338235 ns
MON M01.AR  addr=0xa0010004            t=338535 ns
MON M01.R   data=0x00000000 resp=0 t=338555 ns
MON M01.AR  addr=0xa0010004            t=338855 ns
MON M01.R   data=0x00000000 resp=0 t=338875 ns
MON M01.AR  addr=0xa0010004            t=339175 ns
MON M01.R   data=0x00000000 resp=0 t=339195 ns
MON M01.AR  addr=0xa0010004            t=339495 ns
MON M01.R   data=0x00000000 resp=0 t=339515 ns
MON M01.AR  addr=0xa0010004            t=339815 ns
MON M01.R   data=0x00000000 resp=0 t=339835 ns
MON M01.AR  addr=0xa0010004            t=340135 ns
MON M01.R   data=0x00000000 resp=0 t=340155 ns
MON M01.AR  addr=0xa0010004            t=340455 ns
MON M01.R   data=0x00000000 resp=0 t=340475 ns
MON M01.AR  addr=0xa0010004            t=340775 ns
MON M01.R   data=0x00000000 resp=0 t=340795 ns
MON M01.AR  addr=0xa0010004            t=341095 ns
MON M01.R   data=0x00000000 resp=0 t=341115 ns
MON M01.AR  addr=0xa0010004            t=341415 ns
MON M01.R   data=0x00000000 resp=0 t=341435 ns
MON M01.AR  addr=0xa0010004            t=341735 ns
MON M01.R   data=0x00000000 resp=0 t=341755 ns
MON M01.AR  addr=0xa0010004            t=342055 ns
MON M01.R   data=0x00000000 resp=0 t=342075 ns
MON M01.AR  addr=0xa0010004            t=342375 ns
MON M01.R   data=0x00000000 resp=0 t=342395 ns
MON M01.AR  addr=0xa0010004            t=342695 ns
MON M01.R   data=0x00000000 resp=0 t=342715 ns
MON M01.AR  addr=0xa0010004            t=343015 ns
MON M01.R   data=0x00000000 resp=0 t=343035 ns
MON M01.AR  addr=0xa0010004            t=343335 ns
MON M01.R   data=0x00000000 resp=0 t=343355 ns
MON M01.AR  addr=0xa0010004            t=343655 ns
MON M01.R   data=0x00000000 resp=0 t=343675 ns
MON M01.AR  addr=0xa0010004            t=343975 ns
MON M01.R   data=0x00000000 resp=0 t=343995 ns
MON M01.AR  addr=0xa0010004            t=344295 ns
MON M01.R   data=0x00000000 resp=0 t=344315 ns
MON M01.AR  addr=0xa0010004            t=344615 ns
MON M01.R   data=0x00000000 resp=0 t=344635 ns
MON M01.AR  addr=0xa0010004            t=344935 ns
MON M01.R   data=0x00000000 resp=0 t=344955 ns
MON M01.AR  addr=0xa0010004            t=345255 ns
MON M01.R   data=0x00000000 resp=0 t=345275 ns
MON M01.AR  addr=0xa0010004            t=345575 ns
MON M01.R   data=0x00000000 resp=0 t=345595 ns
MON M01.AR  addr=0xa0010004            t=345895 ns
MON M01.R   data=0x00000000 resp=0 t=345915 ns
MON M01.AR  addr=0xa0010004            t=346215 ns
MON M01.R   data=0x00000000 resp=0 t=346235 ns
MON M01.AR  addr=0xa0010004            t=346535 ns
MON M01.R   data=0x00000000 resp=0 t=346555 ns
MON M01.AR  addr=0xa0010004            t=346855 ns
MON M01.R   data=0x00000000 resp=0 t=346875 ns
MON M01.AR  addr=0xa0010004            t=347175 ns
MON M01.R   data=0x00000000 resp=0 t=347195 ns
MON M01.AR  addr=0xa0010004            t=347495 ns
MON M01.R   data=0x00000000 resp=0 t=347515 ns
MON M01.AR  addr=0xa0010004            t=347815 ns
MON M01.R   data=0x00000000 resp=0 t=347835 ns
MON M01.AR  addr=0xa0010004            t=348135 ns
MON M01.R   data=0x00000000 resp=0 t=348155 ns
MON M01.AR  addr=0xa0010004            t=348455 ns
MON M01.R   data=0x00000000 resp=0 t=348475 ns
MON M01.AR  addr=0xa0010004            t=348775 ns
MON M01.R   data=0x00000000 resp=0 t=348795 ns
MON M01.AR  addr=0xa0010004            t=349095 ns
MON M01.R   data=0x00000000 resp=0 t=349115 ns
MON M01.AR  addr=0xa0010004            t=349415 ns
MON M01.R   data=0x00000000 resp=0 t=349435 ns
MON M01.AR  addr=0xa0010004            t=349735 ns
MON M01.R   data=0x00000000 resp=0 t=349755 ns
MON M01.AR  addr=0xa0010004            t=350055 ns
MON M01.R   data=0x00000000 resp=0 t=350075 ns
MON M01.AR  addr=0xa0010004            t=350375 ns
MON M01.R   data=0x00000000 resp=0 t=350395 ns
MON M01.AR  addr=0xa0010004            t=350695 ns
MON M01.R   data=0x00000000 resp=0 t=350715 ns
MON M01.AR  addr=0xa0010004            t=351015 ns
MON M01.R   data=0x00000000 resp=0 t=351035 ns
MON M01.AR  addr=0xa0010004            t=351335 ns
MON M01.R   data=0x00000000 resp=0 t=351355 ns
MON M01.AR  addr=0xa0010004            t=351655 ns
MON M01.R   data=0x00000000 resp=0 t=351675 ns
MON M01.AR  addr=0xa0010004            t=351975 ns
MON M01.R   data=0x00000000 resp=0 t=351995 ns
MON M01.AR  addr=0xa0010004            t=352295 ns
MON M01.R   data=0x00000000 resp=0 t=352315 ns
MON M01.AR  addr=0xa0010004            t=352615 ns
MON M01.R   data=0x00000000 resp=0 t=352635 ns
MON M01.AR  addr=0xa0010004            t=352935 ns
MON M01.R   data=0x00000000 resp=0 t=352955 ns
MON M01.AR  addr=0xa0010004            t=353255 ns
MON M01.R   data=0x00000000 resp=0 t=353275 ns
MON M01.AR  addr=0xa0010004            t=353575 ns
MON M01.R   data=0x00000000 resp=0 t=353595 ns
MON M01.AR  addr=0xa0010004            t=353895 ns
MON M01.R   data=0x00000000 resp=0 t=353915 ns
MON M01.AR  addr=0xa0010004            t=354215 ns
MON M01.R   data=0x00000000 resp=0 t=354235 ns
MON M01.AR  addr=0xa0010004            t=354535 ns
MON M01.R   data=0x00000000 resp=0 t=354555 ns
MON M01.AR  addr=0xa0010004            t=354855 ns
MON M01.R   data=0x00000000 resp=0 t=354875 ns
MON M01.AR  addr=0xa0010004            t=355175 ns
MON M01.R   data=0x00000000 resp=0 t=355195 ns
MON M01.AR  addr=0xa0010004            t=355495 ns
MON M01.R   data=0x00000000 resp=0 t=355515 ns
MON M01.AR  addr=0xa0010004            t=355815 ns
MON M01.R   data=0x00000000 resp=0 t=355835 ns
MON M01.AR  addr=0xa0010004            t=356135 ns
MON M01.R   data=0x00000000 resp=0 t=356155 ns
MON M01.AR  addr=0xa0010004            t=356455 ns
MON M01.R   data=0x00000000 resp=0 t=356475 ns
MON M01.AR  addr=0xa0010004            t=356775 ns
MON M01.R   data=0x00000000 resp=0 t=356795 ns
MON M01.AR  addr=0xa0010004            t=357095 ns
MON M01.R   data=0x00000000 resp=0 t=357115 ns
MON M01.AR  addr=0xa0010004            t=357415 ns
MON M01.R   data=0x00000000 resp=0 t=357435 ns
MON M01.AR  addr=0xa0010004            t=357735 ns
MON M01.R   data=0x00000000 resp=0 t=357755 ns
MON M01.AR  addr=0xa0010004            t=358055 ns
MON M01.R   data=0x00000000 resp=0 t=358075 ns
MON M01.AR  addr=0xa0010004            t=358375 ns
MON M01.R   data=0x00000000 resp=0 t=358395 ns
MON M01.AR  addr=0xa0010004            t=358695 ns
MON M01.R   data=0x00000000 resp=0 t=358715 ns
MON M01.AR  addr=0xa0010004            t=359015 ns
MON M01.R   data=0x00000000 resp=0 t=359035 ns
MON M01.AR  addr=0xa0010004            t=359335 ns
MON M01.R   data=0x00000000 resp=0 t=359355 ns
MON M01.AR  addr=0xa0010004            t=359655 ns
MON M01.R   data=0x00000000 resp=0 t=359675 ns
MON M01.AR  addr=0xa0010004            t=359975 ns
MON M01.R   data=0x00000000 resp=0 t=359995 ns
MON M01.AR  addr=0xa0010004            t=360295 ns
MON M01.R   data=0x00000000 resp=0 t=360315 ns
MON M01.AR  addr=0xa0010004            t=360615 ns
MON M01.R   data=0x00000000 resp=0 t=360635 ns
MON M01.AR  addr=0xa0010004            t=360935 ns
MON M01.R   data=0x00000000 resp=0 t=360955 ns
MON M01.AR  addr=0xa0010004            t=361255 ns
MON M01.R   data=0x00000000 resp=0 t=361275 ns
MON M01.AR  addr=0xa0010004            t=361575 ns
MON M01.R   data=0x00000000 resp=0 t=361595 ns
MON M01.AR  addr=0xa0010004            t=361895 ns
MON M01.R   data=0x00000000 resp=0 t=361915 ns
MON M01.AR  addr=0xa0010004            t=362215 ns
MON M01.R   data=0x00000000 resp=0 t=362235 ns
MON M01.AR  addr=0xa0010004            t=362535 ns
MON M01.R   data=0x00000000 resp=0 t=362555 ns
MON M01.AR  addr=0xa0010004            t=362855 ns
MON M01.R   data=0x00000000 resp=0 t=362875 ns
MON M01.AR  addr=0xa0010004            t=363175 ns
MON M01.R   data=0x00000000 resp=0 t=363195 ns
MON M01.AR  addr=0xa0010004            t=363495 ns
MON M01.R   data=0x00000000 resp=0 t=363515 ns
MON M01.AR  addr=0xa0010004            t=363815 ns
MON M01.R   data=0x00000000 resp=0 t=363835 ns
MON M01.AR  addr=0xa0010004            t=364135 ns
MON M01.R   data=0x00000000 resp=0 t=364155 ns
MON M01.AR  addr=0xa0010004            t=364455 ns
MON M01.R   data=0x00000000 resp=0 t=364475 ns
MON M01.AR  addr=0xa0010004            t=364775 ns
MON M01.R   data=0x00000000 resp=0 t=364795 ns
MON M01.AR  addr=0xa0010004            t=365095 ns
MON M01.R   data=0x00000000 resp=0 t=365115 ns
MON M01.AR  addr=0xa0010004            t=365415 ns
MON M01.R   data=0x00000000 resp=0 t=365435 ns
MON M01.AR  addr=0xa0010004            t=365735 ns
MON M01.R   data=0x00000000 resp=0 t=365755 ns
MON M01.AR  addr=0xa0010004            t=366055 ns
MON M01.R   data=0x00000000 resp=0 t=366075 ns
MON M01.AR  addr=0xa0010004            t=366375 ns
MON M01.R   data=0x00000000 resp=0 t=366395 ns
MON M01.AR  addr=0xa0010004            t=366695 ns
MON M01.R   data=0x00000000 resp=0 t=366715 ns
MON M01.AR  addr=0xa0010004            t=367015 ns
MON M01.R   data=0x00000000 resp=0 t=367035 ns
MON M01.AR  addr=0xa0010004            t=367335 ns
MON M01.R   data=0x00000000 resp=0 t=367355 ns
MON M01.AR  addr=0xa0010004            t=367655 ns
MON M01.R   data=0x00000000 resp=0 t=367675 ns
MON M01.AR  addr=0xa0010004            t=367975 ns
MON M01.R   data=0x00000000 resp=0 t=367995 ns
MON M01.AR  addr=0xa0010004            t=368295 ns
MON M01.R   data=0x00000000 resp=0 t=368315 ns
MON M01.AR  addr=0xa0010004            t=368615 ns
MON M01.R   data=0x00000000 resp=0 t=368635 ns
MON M01.AR  addr=0xa0010004            t=368935 ns
MON M01.R   data=0x00000000 resp=0 t=368955 ns
MON M01.AR  addr=0xa0010004            t=369255 ns
MON M01.R   data=0x00000000 resp=0 t=369275 ns
MON M01.AR  addr=0xa0010004            t=369575 ns
MON M01.R   data=0x00000000 resp=0 t=369595 ns
MON M01.AR  addr=0xa0010004            t=369895 ns
MON M01.R   data=0x00000000 resp=0 t=369915 ns
MON M01.AR  addr=0xa0010004            t=370215 ns
MON M01.R   data=0x00000000 resp=0 t=370235 ns
MON M01.AR  addr=0xa0010004            t=370535 ns
MON M01.R   data=0x00000000 resp=0 t=370555 ns
MON M01.AR  addr=0xa0010004            t=370855 ns
MON M01.R   data=0x00000000 resp=0 t=370875 ns
MON M01.AR  addr=0xa0010004            t=371175 ns
MON M01.R   data=0x00000000 resp=0 t=371195 ns
MON M01.AR  addr=0xa0010004            t=371495 ns
MON M01.R   data=0x00000000 resp=0 t=371515 ns
MON M01.AR  addr=0xa0010004            t=371815 ns
MON M01.R   data=0x00000000 resp=0 t=371835 ns
MON M01.AR  addr=0xa0010004            t=372135 ns
MON M01.R   data=0x00000000 resp=0 t=372155 ns
MON M01.AR  addr=0xa0010004            t=372455 ns
MON M01.R   data=0x00000000 resp=0 t=372475 ns
MON M01.AR  addr=0xa0010004            t=372775 ns
MON M01.R   data=0x00000000 resp=0 t=372795 ns
MON M01.AR  addr=0xa0010004            t=373095 ns
MON M01.R   data=0x00000000 resp=0 t=373115 ns
MON M01.AR  addr=0xa0010004            t=373415 ns
MON M01.R   data=0x00000000 resp=0 t=373435 ns
MON M01.AR  addr=0xa0010004            t=373735 ns
MON M01.R   data=0x00000000 resp=0 t=373755 ns
MON M01.AR  addr=0xa0010004            t=374055 ns
MON M01.R   data=0x00000000 resp=0 t=374075 ns
MON M01.AR  addr=0xa0010004            t=374375 ns
MON M01.R   data=0x00000000 resp=0 t=374395 ns
MON M01.AR  addr=0xa0010004            t=374695 ns
MON M01.R   data=0x00000000 resp=0 t=374715 ns
MON M01.AR  addr=0xa0010004            t=375015 ns
MON M01.R   data=0x00000000 resp=0 t=375035 ns
MON M01.AR  addr=0xa0010004            t=375335 ns
MON M01.R   data=0x00000000 resp=0 t=375355 ns
MON M01.AR  addr=0xa0010004            t=375655 ns
MON M01.R   data=0x00000000 resp=0 t=375675 ns
MON M01.AR  addr=0xa0010004            t=375975 ns
MON M01.R   data=0x00000000 resp=0 t=375995 ns
MON M01.AR  addr=0xa0010004            t=376295 ns
MON M01.R   data=0x00000000 resp=0 t=376315 ns
MON M01.AR  addr=0xa0010004            t=376615 ns
MON M01.R   data=0x00000000 resp=0 t=376635 ns
MON M01.AR  addr=0xa0010004            t=376935 ns
MON M01.R   data=0x00000000 resp=0 t=376955 ns
MON M01.AR  addr=0xa0010004            t=377255 ns
MON M01.R   data=0x00000000 resp=0 t=377275 ns
MON M01.AR  addr=0xa0010004            t=377575 ns
MON M01.R   data=0x00000000 resp=0 t=377595 ns
MON M01.AR  addr=0xa0010004            t=377895 ns
MON M01.R   data=0x00000000 resp=0 t=377915 ns
MON M01.AR  addr=0xa0010004            t=378215 ns
MON M01.R   data=0x00000000 resp=0 t=378235 ns
MON M01.AR  addr=0xa0010004            t=378535 ns
MON M01.R   data=0x00000000 resp=0 t=378555 ns
MON M01.AR  addr=0xa0010004            t=378855 ns
MON M01.R   data=0x00000000 resp=0 t=378875 ns
MON M01.AR  addr=0xa0010004            t=379175 ns
MON M01.R   data=0x00000000 resp=0 t=379195 ns
MON M01.AR  addr=0xa0010004            t=379495 ns
MON M01.R   data=0x00000000 resp=0 t=379515 ns
MON M01.AR  addr=0xa0010004            t=379815 ns
MON M01.R   data=0x00000000 resp=0 t=379835 ns
MON M01.AR  addr=0xa0010004            t=380135 ns
MON M01.R   data=0x00000000 resp=0 t=380155 ns
MON M01.AR  addr=0xa0010004            t=380455 ns
MON M01.R   data=0x00000000 resp=0 t=380475 ns
MON M01.AR  addr=0xa0010004            t=380775 ns
MON M01.R   data=0x00000000 resp=0 t=380795 ns
MON M01.AR  addr=0xa0010004            t=381095 ns
MON M01.R   data=0x00000000 resp=0 t=381115 ns
MON M01.AR  addr=0xa0010004            t=381415 ns
MON M01.R   data=0x00000000 resp=0 t=381435 ns
MON M01.AR  addr=0xa0010004            t=381735 ns
MON M01.R   data=0x00000000 resp=0 t=381755 ns
MON M01.AR  addr=0xa0010004            t=382055 ns
MON M01.R   data=0x00000000 resp=0 t=382075 ns
MON M01.AR  addr=0xa0010004            t=382375 ns
MON M01.R   data=0x00000000 resp=0 t=382395 ns
MON M01.AR  addr=0xa0010004            t=382695 ns
MON M01.R   data=0x00000000 resp=0 t=382715 ns
MON M01.AR  addr=0xa0010004            t=383015 ns
MON M01.R   data=0x00000000 resp=0 t=383035 ns
MON M01.AR  addr=0xa0010004            t=383335 ns
MON M01.R   data=0x00000000 resp=0 t=383355 ns
MON M01.AR  addr=0xa0010004            t=383655 ns
MON M01.R   data=0x00000000 resp=0 t=383675 ns
MON M01.AR  addr=0xa0010004            t=383975 ns
MON M01.R   data=0x00000000 resp=0 t=383995 ns
MON M01.AR  addr=0xa0010004            t=384295 ns
MON M01.R   data=0x00000000 resp=0 t=384315 ns
MON M01.AR  addr=0xa0010004            t=384615 ns
MON M01.R   data=0x00000000 resp=0 t=384635 ns
MON M01.AR  addr=0xa0010004            t=384935 ns
MON M01.R   data=0x00000000 resp=0 t=384955 ns
MON M01.AR  addr=0xa0010004            t=385255 ns
MON M01.R   data=0x00000000 resp=0 t=385275 ns
MON M01.AR  addr=0xa0010004            t=385575 ns
MON M01.R   data=0x00000000 resp=0 t=385595 ns
MON M01.AR  addr=0xa0010004            t=385895 ns
MON M01.R   data=0x00000000 resp=0 t=385915 ns
MON M01.AR  addr=0xa0010004            t=386215 ns
MON M01.R   data=0x00000000 resp=0 t=386235 ns
MON M01.AR  addr=0xa0010004            t=386535 ns
MON M01.R   data=0x00000000 resp=0 t=386555 ns
MON M01.AR  addr=0xa0010004            t=386855 ns
MON M01.R   data=0x00000000 resp=0 t=386875 ns
MON M01.AR  addr=0xa0010004            t=387175 ns
MON M01.R   data=0x00000000 resp=0 t=387195 ns
MON M01.AR  addr=0xa0010004            t=387495 ns
MON M01.R   data=0x00000000 resp=0 t=387515 ns
MON M01.AR  addr=0xa0010004            t=387815 ns
MON M01.R   data=0x00000000 resp=0 t=387835 ns
MON M01.AR  addr=0xa0010004            t=388135 ns
MON M01.R   data=0x00000000 resp=0 t=388155 ns
MON M01.AR  addr=0xa0010004            t=388455 ns
MON M01.R   data=0x00000000 resp=0 t=388475 ns
MON M01.AR  addr=0xa0010004            t=388775 ns
MON M01.R   data=0x00000000 resp=0 t=388795 ns
MON M01.AR  addr=0xa0010004            t=389095 ns
MON M01.R   data=0x00000000 resp=0 t=389115 ns
MON M01.AR  addr=0xa0010004            t=389415 ns
MON M01.R   data=0x00000000 resp=0 t=389435 ns
MON M01.AR  addr=0xa0010004            t=389735 ns
MON M01.R   data=0x00000000 resp=0 t=389755 ns
MON M01.AR  addr=0xa0010004            t=390055 ns
MON M01.R   data=0x00000000 resp=0 t=390075 ns
MON M01.AR  addr=0xa0010004            t=390375 ns
MON M01.R   data=0x00000000 resp=0 t=390395 ns
MON M01.AR  addr=0xa0010004            t=390695 ns
MON M01.R   data=0x00000000 resp=0 t=390715 ns
MON M01.AR  addr=0xa0010004            t=391015 ns
MON M01.R   data=0x00000000 resp=0 t=391035 ns
MON M01.AR  addr=0xa0010004            t=391335 ns
MON M01.R   data=0x00000000 resp=0 t=391355 ns
MON M01.AR  addr=0xa0010004            t=391655 ns
MON M01.R   data=0x00000000 resp=0 t=391675 ns
MON M01.AR  addr=0xa0010004            t=391975 ns
MON M01.R   data=0x00000000 resp=0 t=391995 ns
MON M01.AR  addr=0xa0010004            t=392295 ns
MON M01.R   data=0x00000000 resp=0 t=392315 ns
MON M01.AR  addr=0xa0010004            t=392615 ns
MON M01.R   data=0x00000000 resp=0 t=392635 ns
MON M01.AR  addr=0xa0010004            t=392935 ns
MON M01.R   data=0x00000000 resp=0 t=392955 ns
MON M01.AR  addr=0xa0010004            t=393255 ns
MON M01.R   data=0x00000000 resp=0 t=393275 ns
MON M01.AR  addr=0xa0010004            t=393575 ns
MON M01.R   data=0x00000000 resp=0 t=393595 ns
MON M01.AR  addr=0xa0010004            t=393895 ns
MON M01.R   data=0x00000000 resp=0 t=393915 ns
MON M01.AR  addr=0xa0010004            t=394215 ns
MON M01.R   data=0x00000000 resp=0 t=394235 ns
MON M01.AR  addr=0xa0010004            t=394535 ns
MON M01.R   data=0x00000000 resp=0 t=394555 ns
MON M01.AR  addr=0xa0010004            t=394855 ns
MON M01.R   data=0x00000000 resp=0 t=394875 ns
MON M01.AR  addr=0xa0010004            t=395175 ns
MON M01.R   data=0x00000000 resp=0 t=395195 ns
MON M01.AR  addr=0xa0010004            t=395495 ns
MON M01.R   data=0x00000000 resp=0 t=395515 ns
MON M01.AR  addr=0xa0010004            t=395815 ns
MON M01.R   data=0x00000000 resp=0 t=395835 ns
MON M01.AR  addr=0xa0010004            t=396135 ns
MON M01.R   data=0x00000000 resp=0 t=396155 ns
MON M01.AR  addr=0xa0010004            t=396455 ns
MON M01.R   data=0x00000000 resp=0 t=396475 ns
MON M01.AR  addr=0xa0010004            t=396775 ns
MON M01.R   data=0x00000000 resp=0 t=396795 ns
MON M01.AR  addr=0xa0010004            t=397095 ns
MON M01.R   data=0x00000000 resp=0 t=397115 ns
MON M01.AR  addr=0xa0010004            t=397415 ns
MON M01.R   data=0x00000000 resp=0 t=397435 ns
MON M01.AR  addr=0xa0010004            t=397735 ns
MON M01.R   data=0x00000000 resp=0 t=397755 ns
MON M01.AR  addr=0xa0010004            t=398055 ns
MON M01.R   data=0x00000000 resp=0 t=398075 ns
MON M01.AR  addr=0xa0010004            t=398375 ns
MON M01.R   data=0x00000000 resp=0 t=398395 ns
MON M01.AR  addr=0xa0010004            t=398695 ns
MON M01.R   data=0x00000000 resp=0 t=398715 ns
MON M01.AR  addr=0xa0010004            t=399015 ns
MON M01.R   data=0x00000000 resp=0 t=399035 ns
MON M01.AR  addr=0xa0010004            t=399335 ns
MON M01.R   data=0x00000000 resp=0 t=399355 ns
MON M01.AR  addr=0xa0010004            t=399655 ns
MON M01.R   data=0x00000000 resp=0 t=399675 ns
MON M01.AR  addr=0xa0010004            t=399975 ns
MON M01.R   data=0x00000000 resp=0 t=399995 ns
MON M01.AR  addr=0xa0010004            t=400295 ns
MON M01.R   data=0x00000000 resp=0 t=400315 ns
MON M01.AR  addr=0xa0010004            t=400615 ns
MON M01.R   data=0x00000000 resp=0 t=400635 ns
MON M01.AR  addr=0xa0010004            t=400935 ns
MON M01.R   data=0x00000000 resp=0 t=400955 ns
MON M01.AR  addr=0xa0010004            t=401255 ns
MON M01.R   data=0x00000000 resp=0 t=401275 ns
MON M01.AR  addr=0xa0010004            t=401575 ns
MON M01.R   data=0x00000000 resp=0 t=401595 ns
MON M01.AR  addr=0xa0010004            t=401895 ns
MON M01.R   data=0x00000000 resp=0 t=401915 ns
MON M01.AR  addr=0xa0010004            t=402215 ns
MON M01.R   data=0x00000000 resp=0 t=402235 ns
MON M01.AR  addr=0xa0010004            t=402535 ns
MON M01.R   data=0x00000000 resp=0 t=402555 ns
MON M01.AR  addr=0xa0010004            t=402855 ns
MON M01.R   data=0x00000000 resp=0 t=402875 ns
MON M01.AR  addr=0xa0010004            t=403175 ns
MON M01.R   data=0x00000000 resp=0 t=403195 ns
MON M01.AR  addr=0xa0010004            t=403495 ns
MON M01.R   data=0x00000000 resp=0 t=403515 ns
MON M01.AR  addr=0xa0010004            t=403815 ns
MON M01.R   data=0x00000000 resp=0 t=403835 ns
MON M01.AR  addr=0xa0010004            t=404135 ns
MON M01.R   data=0x00000000 resp=0 t=404155 ns
MON M01.AR  addr=0xa0010004            t=404455 ns
MON M01.R   data=0x00000000 resp=0 t=404475 ns
MON M01.AR  addr=0xa0010004            t=404775 ns
MON M01.R   data=0x00000000 resp=0 t=404795 ns
MON M01.AR  addr=0xa0010004            t=405095 ns
MON M01.R   data=0x00000000 resp=0 t=405115 ns
MON M01.AR  addr=0xa0010004            t=405415 ns
MON M01.R   data=0x00000000 resp=0 t=405435 ns
MON M01.AR  addr=0xa0010004            t=405735 ns
MON M01.R   data=0x00000000 resp=0 t=405755 ns
MON M01.AR  addr=0xa0010004            t=406055 ns
MON M01.R   data=0x00000000 resp=0 t=406075 ns
MON M01.AR  addr=0xa0010004            t=406375 ns
MON M01.R   data=0x00000000 resp=0 t=406395 ns
MON M01.AR  addr=0xa0010004            t=406695 ns
MON M01.R   data=0x00000000 resp=0 t=406715 ns
MON M01.AR  addr=0xa0010004            t=407015 ns
MON M01.R   data=0x00000000 resp=0 t=407035 ns
MON M01.AR  addr=0xa0010004            t=407335 ns
MON M01.R   data=0x00000000 resp=0 t=407355 ns
MON M01.AR  addr=0xa0010004            t=407655 ns
MON M01.R   data=0x00000000 resp=0 t=407675 ns
MON M01.AR  addr=0xa0010004            t=407975 ns
MON M01.R   data=0x00000000 resp=0 t=407995 ns
MON M01.AR  addr=0xa0010004            t=408295 ns
MON M01.R   data=0x00000000 resp=0 t=408315 ns
MON M01.AR  addr=0xa0010004            t=408615 ns
MON M01.R   data=0x00000000 resp=0 t=408635 ns
MON M01.AR  addr=0xa0010004            t=408935 ns
MON M01.R   data=0x00000000 resp=0 t=408955 ns
MON M01.AR  addr=0xa0010004            t=409255 ns
MON M01.R   data=0x00000000 resp=0 t=409275 ns
MON M01.AR  addr=0xa0010004            t=409575 ns
MON M01.R   data=0x00000000 resp=0 t=409595 ns
MON M01.AR  addr=0xa0010004            t=409895 ns
MON M01.R   data=0x00000000 resp=0 t=409915 ns
MON M01.AR  addr=0xa0010004            t=410215 ns
MON M01.R   data=0x00000000 resp=0 t=410235 ns
MON M01.AR  addr=0xa0010004            t=410535 ns
MON M01.R   data=0x00000000 resp=0 t=410555 ns
MON M01.AR  addr=0xa0010004            t=410855 ns
MON M01.R   data=0x00000000 resp=0 t=410875 ns
MON M01.AR  addr=0xa0010004            t=411175 ns
MON M01.R   data=0x00000000 resp=0 t=411195 ns
MON M01.AR  addr=0xa0010004            t=411495 ns
MON M01.R   data=0x00000000 resp=0 t=411515 ns
MON M01.AR  addr=0xa0010004            t=411815 ns
MON M01.R   data=0x00000000 resp=0 t=411835 ns
MON M01.AR  addr=0xa0010004            t=412135 ns
MON M01.R   data=0x00000000 resp=0 t=412155 ns
MON M01.AR  addr=0xa0010004            t=412455 ns
MON M01.R   data=0x00000000 resp=0 t=412475 ns
MON M01.AR  addr=0xa0010004            t=412775 ns
MON M01.R   data=0x00000000 resp=0 t=412795 ns
MON M01.AR  addr=0xa0010004            t=413095 ns
MON M01.R   data=0x00000000 resp=0 t=413115 ns
MON M01.AR  addr=0xa0010004            t=413415 ns
MON M01.R   data=0x00000000 resp=0 t=413435 ns
MON M01.AR  addr=0xa0010004            t=413735 ns
MON M01.R   data=0x00000000 resp=0 t=413755 ns
MON M01.AR  addr=0xa0010004            t=414055 ns
MON M01.R   data=0x00000000 resp=0 t=414075 ns
MON M01.AR  addr=0xa0010004            t=414375 ns
MON M01.R   data=0x00000000 resp=0 t=414395 ns
MON M01.AR  addr=0xa0010004            t=414695 ns
MON M01.R   data=0x00000000 resp=0 t=414715 ns
MON M01.AR  addr=0xa0010004            t=415015 ns
MON M01.R   data=0x00000000 resp=0 t=415035 ns
MON M01.AR  addr=0xa0010004            t=415335 ns
MON M01.R   data=0x00000000 resp=0 t=415355 ns
MON M01.AR  addr=0xa0010004            t=415655 ns
MON M01.R   data=0x00000000 resp=0 t=415675 ns
MON M01.AR  addr=0xa0010004            t=415975 ns
MON M01.R   data=0x00000000 resp=0 t=415995 ns
MON M01.AR  addr=0xa0010004            t=416295 ns
MON M01.R   data=0x00000000 resp=0 t=416315 ns
MON M01.AR  addr=0xa0010004            t=416615 ns
MON M01.R   data=0x00000000 resp=0 t=416635 ns
MON M01.AR  addr=0xa0010004            t=416935 ns
MON M01.R   data=0x00000000 resp=0 t=416955 ns
MON M01.AR  addr=0xa0010004            t=417255 ns
MON M01.R   data=0x00000000 resp=0 t=417275 ns
MON M01.AR  addr=0xa0010004            t=417575 ns
MON M01.R   data=0x00000000 resp=0 t=417595 ns
MON M01.AR  addr=0xa0010004            t=417895 ns
MON M01.R   data=0x00000000 resp=0 t=417915 ns
MON M01.AR  addr=0xa0010004            t=418215 ns
MON M01.R   data=0x00000000 resp=0 t=418235 ns
MON M01.AR  addr=0xa0010004            t=418535 ns
MON M01.R   data=0x00000000 resp=0 t=418555 ns
MON M01.AR  addr=0xa0010004            t=418855 ns
MON M01.R   data=0x00000000 resp=0 t=418875 ns
MON M01.AR  addr=0xa0010004            t=419175 ns
MON M01.R   data=0x00000000 resp=0 t=419195 ns
MON M01.AR  addr=0xa0010004            t=419495 ns
MON M01.R   data=0x00000000 resp=0 t=419515 ns
MON M01.AR  addr=0xa0010004            t=419815 ns
MON M01.R   data=0x00000000 resp=0 t=419835 ns
MON M01.AR  addr=0xa0010004            t=420135 ns
MON M01.R   data=0x00000000 resp=0 t=420155 ns
MON M01.AR  addr=0xa0010004            t=420455 ns
MON M01.R   data=0x00000000 resp=0 t=420475 ns
MON M01.AR  addr=0xa0010004            t=420775 ns
MON M01.R   data=0x00000000 resp=0 t=420795 ns
MON M01.AR  addr=0xa0010004            t=421095 ns
MON M01.R   data=0x00000000 resp=0 t=421115 ns
MON M01.AR  addr=0xa0010004            t=421415 ns
MON M01.R   data=0x00000000 resp=0 t=421435 ns
MON M01.AR  addr=0xa0010004            t=421735 ns
MON M01.R   data=0x00000000 resp=0 t=421755 ns
MON M01.AR  addr=0xa0010004            t=422055 ns
MON M01.R   data=0x00000000 resp=0 t=422075 ns
MON M01.AR  addr=0xa0010004            t=422375 ns
MON M01.R   data=0x00000000 resp=0 t=422395 ns
MON M01.AR  addr=0xa0010004            t=422695 ns
MON M01.R   data=0x00000000 resp=0 t=422715 ns
MON M01.AR  addr=0xa0010004            t=423015 ns
MON M01.R   data=0x00000000 resp=0 t=423035 ns
MON M01.AR  addr=0xa0010004            t=423335 ns
MON M01.R   data=0x00000000 resp=0 t=423355 ns
MON M01.AR  addr=0xa0010004            t=423655 ns
MON M01.R   data=0x00000000 resp=0 t=423675 ns
MON M01.AR  addr=0xa0010004            t=423975 ns
MON M01.R   data=0x00000000 resp=0 t=423995 ns
MON M01.AR  addr=0xa0010004            t=424295 ns
MON M01.R   data=0x00000000 resp=0 t=424315 ns
MON M01.AR  addr=0xa0010004            t=424615 ns
MON M01.R   data=0x00000000 resp=0 t=424635 ns
MON M01.AR  addr=0xa0010004            t=424935 ns
MON M01.R   data=0x00000000 resp=0 t=424955 ns
MON M01.AR  addr=0xa0010004            t=425255 ns
MON M01.R   data=0x00000000 resp=0 t=425275 ns
MON M01.AR  addr=0xa0010004            t=425575 ns
MON M01.R   data=0x00000000 resp=0 t=425595 ns
MON M01.AR  addr=0xa0010004            t=425895 ns
MON M01.R   data=0x00000000 resp=0 t=425915 ns
MON M01.AR  addr=0xa0010004            t=426215 ns
MON M01.R   data=0x00000000 resp=0 t=426235 ns
MON M01.AR  addr=0xa0010004            t=426535 ns
MON M01.R   data=0x00000000 resp=0 t=426555 ns
MON M01.AR  addr=0xa0010004            t=426855 ns
MON M01.R   data=0x00000000 resp=0 t=426875 ns
MON M01.AR  addr=0xa0010004            t=427175 ns
MON M01.R   data=0x00000000 resp=0 t=427195 ns
MON M01.AR  addr=0xa0010004            t=427495 ns
MON M01.R   data=0x00000000 resp=0 t=427515 ns
MON M01.AR  addr=0xa0010004            t=427815 ns
MON M01.R   data=0x00000000 resp=0 t=427835 ns
MON M01.AR  addr=0xa0010004            t=428135 ns
MON M01.R   data=0x00000000 resp=0 t=428155 ns
MON M01.AR  addr=0xa0010004            t=428455 ns
MON M01.R   data=0x00000000 resp=0 t=428475 ns
MON M01.AR  addr=0xa0010004            t=428775 ns
MON M01.R   data=0x00000000 resp=0 t=428795 ns
MON M01.AR  addr=0xa0010004            t=429095 ns
MON M01.R   data=0x00000000 resp=0 t=429115 ns
MON M01.AR  addr=0xa0010004            t=429415 ns
MON M01.R   data=0x00000000 resp=0 t=429435 ns
MON M01.AR  addr=0xa0010004            t=429735 ns
MON M01.R   data=0x00000000 resp=0 t=429755 ns
MON M01.AR  addr=0xa0010004            t=430055 ns
MON M01.R   data=0x00000000 resp=0 t=430075 ns
MON M01.AR  addr=0xa0010004            t=430375 ns
MON M01.R   data=0x00000000 resp=0 t=430395 ns
MON M01.AR  addr=0xa0010004            t=430695 ns
MON M01.R   data=0x00000000 resp=0 t=430715 ns
MON M01.AR  addr=0xa0010004            t=431015 ns
MON M01.R   data=0x00000000 resp=0 t=431035 ns
MON M01.AR  addr=0xa0010004            t=431335 ns
MON M01.R   data=0x00000000 resp=0 t=431355 ns
MON M01.AR  addr=0xa0010004            t=431655 ns
MON M01.R   data=0x00000000 resp=0 t=431675 ns
MON M01.AR  addr=0xa0010004            t=431975 ns
MON M01.R   data=0x00000000 resp=0 t=431995 ns
MON M01.AR  addr=0xa0010004            t=432295 ns
MON M01.R   data=0x00000000 resp=0 t=432315 ns
MON M01.AR  addr=0xa0010004            t=432615 ns
MON M01.R   data=0x00000000 resp=0 t=432635 ns
MON M01.AR  addr=0xa0010004            t=432935 ns
MON M01.R   data=0x00000000 resp=0 t=432955 ns
MON M01.AR  addr=0xa0010004            t=433255 ns
MON M01.R   data=0x00000000 resp=0 t=433275 ns
MON M01.AR  addr=0xa0010004            t=433575 ns
MON M01.R   data=0x00000000 resp=0 t=433595 ns
MON M01.AR  addr=0xa0010004            t=433895 ns
MON M01.R   data=0x00000000 resp=0 t=433915 ns
MON M01.AR  addr=0xa0010004            t=434215 ns
MON M01.R   data=0x00000000 resp=0 t=434235 ns
MON M01.AR  addr=0xa0010004            t=434535 ns
MON M01.R   data=0x00000000 resp=0 t=434555 ns
MON M01.AR  addr=0xa0010004            t=434855 ns
MON M01.R   data=0x00000000 resp=0 t=434875 ns
MON M01.AR  addr=0xa0010004            t=435175 ns
MON M01.R   data=0x00000000 resp=0 t=435195 ns
MON M01.AR  addr=0xa0010004            t=435495 ns
MON M01.R   data=0x00000000 resp=0 t=435515 ns
MON M01.AR  addr=0xa0010004            t=435815 ns
MON M01.R   data=0x00000000 resp=0 t=435835 ns
MON M01.AR  addr=0xa0010004            t=436135 ns
MON M01.R   data=0x00000000 resp=0 t=436155 ns
MON M01.AR  addr=0xa0010004            t=436455 ns
MON M01.R   data=0x00000000 resp=0 t=436475 ns
MON M01.AR  addr=0xa0010004            t=436775 ns
MON M01.R   data=0x00000000 resp=0 t=436795 ns
MON M01.AR  addr=0xa0010004            t=437095 ns
MON M01.R   data=0x00000000 resp=0 t=437115 ns
MON M01.AR  addr=0xa0010004            t=437415 ns
MON M01.R   data=0x00000000 resp=0 t=437435 ns
MON M01.AR  addr=0xa0010004            t=437735 ns
MON M01.R   data=0x00000000 resp=0 t=437755 ns
MON M01.AR  addr=0xa0010004            t=438055 ns
MON M01.R   data=0x00000000 resp=0 t=438075 ns
MON M01.AR  addr=0xa0010004            t=438375 ns
MON M01.R   data=0x00000000 resp=0 t=438395 ns
MON M01.AR  addr=0xa0010004            t=438695 ns
MON M01.R   data=0x00000000 resp=0 t=438715 ns
MON M01.AR  addr=0xa0010004            t=439015 ns
MON M01.R   data=0x00000000 resp=0 t=439035 ns
MON M01.AR  addr=0xa0010004            t=439335 ns
MON M01.R   data=0x00000000 resp=0 t=439355 ns
MON M01.AR  addr=0xa0010004            t=439655 ns
MON M01.R   data=0x00000000 resp=0 t=439675 ns
MON M01.AR  addr=0xa0010004            t=439975 ns
MON M01.R   data=0x00000000 resp=0 t=439995 ns
MON M01.AR  addr=0xa0010004            t=440295 ns
MON M01.R   data=0x00000000 resp=0 t=440315 ns
MON M01.AR  addr=0xa0010004            t=440615 ns
MON M01.R   data=0x00000000 resp=0 t=440635 ns
MON M01.AR  addr=0xa0010004            t=440935 ns
MON M01.R   data=0x00000000 resp=0 t=440955 ns
MON M01.AR  addr=0xa0010004            t=441255 ns
MON M01.R   data=0x00000000 resp=0 t=441275 ns
MON M01.AR  addr=0xa0010004            t=441575 ns
MON M01.R   data=0x00000000 resp=0 t=441595 ns
MON M01.AR  addr=0xa0010004            t=441895 ns
MON M01.R   data=0x00000000 resp=0 t=441915 ns
MON M01.AR  addr=0xa0010004            t=442215 ns
MON M01.R   data=0x00000000 resp=0 t=442235 ns
MON M01.AR  addr=0xa0010004            t=442535 ns
MON M01.R   data=0x00000000 resp=0 t=442555 ns
MON M01.AR  addr=0xa0010004            t=442855 ns
MON M01.R   data=0x00000000 resp=0 t=442875 ns
MON M01.AR  addr=0xa0010004            t=443175 ns
MON M01.R   data=0x00000000 resp=0 t=443195 ns
MON M01.AR  addr=0xa0010004            t=443495 ns
MON M01.R   data=0x00000000 resp=0 t=443515 ns
MON M01.AR  addr=0xa0010004            t=443815 ns
MON M01.R   data=0x00000000 resp=0 t=443835 ns
MON M01.AR  addr=0xa0010004            t=444135 ns
MON M01.R   data=0x00000000 resp=0 t=444155 ns
MON M01.AR  addr=0xa0010004            t=444455 ns
MON M01.R   data=0x00000000 resp=0 t=444475 ns
MON M01.AR  addr=0xa0010004            t=444775 ns
MON M01.R   data=0x00000000 resp=0 t=444795 ns
MON M01.AR  addr=0xa0010004            t=445095 ns
MON M01.R   data=0x00000000 resp=0 t=445115 ns
MON M01.AR  addr=0xa0010004            t=445415 ns
MON M01.R   data=0x00000000 resp=0 t=445435 ns
MON M01.AR  addr=0xa0010004            t=445735 ns
MON M01.R   data=0x00000000 resp=0 t=445755 ns
MON M01.AR  addr=0xa0010004            t=446055 ns
MON M01.R   data=0x00000000 resp=0 t=446075 ns
MON M01.AR  addr=0xa0010004            t=446375 ns
MON M01.R   data=0x00000000 resp=0 t=446395 ns
MON M01.AR  addr=0xa0010004            t=446695 ns
MON M01.R   data=0x00000000 resp=0 t=446715 ns
MON M01.AR  addr=0xa0010004            t=447015 ns
MON M01.R   data=0x00000000 resp=0 t=447035 ns
MON M01.AR  addr=0xa0010004            t=447335 ns
MON M01.R   data=0x00000000 resp=0 t=447355 ns
MON M01.AR  addr=0xa0010004            t=447655 ns
MON M01.R   data=0x00000000 resp=0 t=447675 ns
MON M01.AR  addr=0xa0010004            t=447975 ns
MON M01.R   data=0x00000000 resp=0 t=447995 ns
MON M01.AR  addr=0xa0010004            t=448295 ns
MON M01.R   data=0x00000000 resp=0 t=448315 ns
MON M01.AR  addr=0xa0010004            t=448615 ns
MON M01.R   data=0x00000000 resp=0 t=448635 ns
MON M01.AR  addr=0xa0010004            t=448935 ns
MON M01.R   data=0x00000000 resp=0 t=448955 ns
MON M01.AR  addr=0xa0010004            t=449255 ns
MON M01.R   data=0x00000000 resp=0 t=449275 ns
MON M01.AR  addr=0xa0010004            t=449575 ns
MON M01.R   data=0x00000000 resp=0 t=449595 ns
MON M01.AR  addr=0xa0010004            t=449895 ns
MON M01.R   data=0x00000000 resp=0 t=449915 ns
MON M01.AR  addr=0xa0010004            t=450215 ns
MON M01.R   data=0x00000000 resp=0 t=450235 ns
MON M01.AR  addr=0xa0010004            t=450535 ns
MON M01.R   data=0x00000000 resp=0 t=450555 ns
MON M01.AR  addr=0xa0010004            t=450855 ns
MON M01.R   data=0x00000000 resp=0 t=450875 ns
MON M01.AR  addr=0xa0010004            t=451175 ns
MON M01.R   data=0x00000000 resp=0 t=451195 ns
MON M01.AR  addr=0xa0010004            t=451495 ns
MON M01.R   data=0x00000000 resp=0 t=451515 ns
MON M01.AR  addr=0xa0010004            t=451815 ns
MON M01.R   data=0x00000000 resp=0 t=451835 ns
MON M01.AR  addr=0xa0010004            t=452135 ns
MON M01.R   data=0x00000000 resp=0 t=452155 ns
MON M01.AR  addr=0xa0010004            t=452455 ns
MON M01.R   data=0x00000000 resp=0 t=452475 ns
MON M01.AR  addr=0xa0010004            t=452775 ns
MON M01.R   data=0x00000000 resp=0 t=452795 ns
MON M01.AR  addr=0xa0010004            t=453095 ns
MON M01.R   data=0x00000000 resp=0 t=453115 ns
MON M01.AR  addr=0xa0010004            t=453415 ns
MON M01.R   data=0x00000000 resp=0 t=453435 ns
MON M01.AR  addr=0xa0010004            t=453735 ns
MON M01.R   data=0x00000000 resp=0 t=453755 ns
MON M01.AR  addr=0xa0010004            t=454055 ns
MON M01.R   data=0x00000000 resp=0 t=454075 ns
MON M01.AR  addr=0xa0010004            t=454375 ns
MON M01.R   data=0x00000000 resp=0 t=454395 ns
MON M01.AR  addr=0xa0010004            t=454695 ns
MON M01.R   data=0x00000000 resp=0 t=454715 ns
MON M01.AR  addr=0xa0010004            t=455015 ns
MON M01.R   data=0x00000000 resp=0 t=455035 ns
MON M01.AR  addr=0xa0010004            t=455335 ns
MON M01.R   data=0x00000000 resp=0 t=455355 ns
MON M01.AR  addr=0xa0010004            t=455655 ns
MON M01.R   data=0x00000000 resp=0 t=455675 ns
MON M01.AR  addr=0xa0010004            t=455975 ns
MON M01.R   data=0x00000000 resp=0 t=455995 ns
MON M01.AR  addr=0xa0010004            t=456295 ns
MON M01.R   data=0x00000000 resp=0 t=456315 ns
MON M01.AR  addr=0xa0010004            t=456615 ns
MON M01.R   data=0x00000000 resp=0 t=456635 ns
MON M01.AR  addr=0xa0010004            t=456935 ns
MON M01.R   data=0x00000000 resp=0 t=456955 ns
MON M01.AR  addr=0xa0010004            t=457255 ns
MON M01.R   data=0x00000000 resp=0 t=457275 ns
MON M01.AR  addr=0xa0010004            t=457575 ns
MON M01.R   data=0x00000000 resp=0 t=457595 ns
MON M01.AR  addr=0xa0010004            t=457895 ns
MON M01.R   data=0x00000000 resp=0 t=457915 ns
MON M01.AR  addr=0xa0010004            t=458215 ns
MON M01.R   data=0x00000000 resp=0 t=458235 ns
MON M01.AR  addr=0xa0010004            t=458535 ns
MON M01.R   data=0x00000000 resp=0 t=458555 ns
MON M01.AR  addr=0xa0010004            t=458855 ns
MON M01.R   data=0x00000000 resp=0 t=458875 ns
MON M01.AR  addr=0xa0010004            t=459175 ns
MON M01.R   data=0x00000000 resp=0 t=459195 ns
MON M01.AR  addr=0xa0010004            t=459495 ns
MON M01.R   data=0x00000000 resp=0 t=459515 ns
MON M01.AR  addr=0xa0010004            t=459815 ns
MON M01.R   data=0x00000000 resp=0 t=459835 ns
MON M01.AR  addr=0xa0010004            t=460135 ns
MON M01.R   data=0x00000000 resp=0 t=460155 ns
MON M01.AR  addr=0xa0010004            t=460455 ns
MON M01.R   data=0x00000000 resp=0 t=460475 ns
MON M01.AR  addr=0xa0010004            t=460775 ns
MON M01.R   data=0x00000000 resp=0 t=460795 ns
MON M01.AR  addr=0xa0010004            t=461095 ns
MON M01.R   data=0x00000000 resp=0 t=461115 ns
MON M01.AR  addr=0xa0010004            t=461415 ns
MON M01.R   data=0x00000000 resp=0 t=461435 ns
MON M01.AR  addr=0xa0010004            t=461735 ns
MON M01.R   data=0x00000000 resp=0 t=461755 ns
MON M01.AR  addr=0xa0010004            t=462055 ns
MON M01.R   data=0x00000000 resp=0 t=462075 ns
MON M01.AR  addr=0xa0010004            t=462375 ns
MON M01.R   data=0x00000000 resp=0 t=462395 ns
MON M01.AR  addr=0xa0010004            t=462695 ns
MON M01.R   data=0x00000000 resp=0 t=462715 ns
MON M01.AR  addr=0xa0010004            t=463015 ns
MON M01.R   data=0x00000000 resp=0 t=463035 ns
MON M01.AR  addr=0xa0010004            t=463335 ns
MON M01.R   data=0x00000000 resp=0 t=463355 ns
MON M01.AR  addr=0xa0010004            t=463655 ns
MON M01.R   data=0x00000000 resp=0 t=463675 ns
MON M01.AR  addr=0xa0010004            t=463975 ns
MON M01.R   data=0x00000000 resp=0 t=463995 ns
MON M01.AR  addr=0xa0010004            t=464295 ns
MON M01.R   data=0x00000000 resp=0 t=464315 ns
MON M01.AR  addr=0xa0010004            t=464615 ns
MON M01.R   data=0x00000000 resp=0 t=464635 ns
MON M01.AR  addr=0xa0010004            t=464935 ns
MON M01.R   data=0x00000000 resp=0 t=464955 ns
MON M01.AR  addr=0xa0010004            t=465255 ns
MON M01.R   data=0x00000000 resp=0 t=465275 ns
MON M01.AR  addr=0xa0010004            t=465575 ns
MON M01.R   data=0x00000000 resp=0 t=465595 ns
MON M01.AR  addr=0xa0010004            t=465895 ns
MON M01.R   data=0x00000000 resp=0 t=465915 ns
MON M01.AR  addr=0xa0010004            t=466215 ns
MON M01.R   data=0x00000000 resp=0 t=466235 ns
MON M01.AR  addr=0xa0010004            t=466535 ns
MON M01.R   data=0x00000000 resp=0 t=466555 ns
MON M01.AR  addr=0xa0010004            t=466855 ns
MON M01.R   data=0x00000000 resp=0 t=466875 ns
MON M01.AR  addr=0xa0010004            t=467175 ns
MON M01.R   data=0x00000000 resp=0 t=467195 ns
MON M01.AR  addr=0xa0010004            t=467495 ns
MON M01.R   data=0x00000000 resp=0 t=467515 ns
MON M01.AR  addr=0xa0010004            t=467815 ns
MON M01.R   data=0x00000000 resp=0 t=467835 ns
MON M01.AR  addr=0xa0010004            t=468135 ns
MON M01.R   data=0x00000000 resp=0 t=468155 ns
MON M01.AR  addr=0xa0010004            t=468455 ns
MON M01.R   data=0x00000000 resp=0 t=468475 ns
MON M01.AR  addr=0xa0010004            t=468775 ns
MON M01.R   data=0x00000000 resp=0 t=468795 ns
MON M01.AR  addr=0xa0010004            t=469095 ns
MON M01.R   data=0x00000000 resp=0 t=469115 ns
MON M01.AR  addr=0xa0010004            t=469415 ns
MON M01.R   data=0x00000000 resp=0 t=469435 ns
MON M01.AR  addr=0xa0010004            t=469735 ns
MON M01.R   data=0x00000000 resp=0 t=469755 ns
MON M01.AR  addr=0xa0010004            t=470055 ns
MON M01.R   data=0x00000000 resp=0 t=470075 ns
MON M01.AR  addr=0xa0010004            t=470375 ns
MON M01.R   data=0x00000000 resp=0 t=470395 ns
MON M01.AR  addr=0xa0010004            t=470695 ns
MON M01.R   data=0x00000000 resp=0 t=470715 ns
MON M01.AR  addr=0xa0010004            t=471015 ns
MON M01.R   data=0x00000000 resp=0 t=471035 ns
MON M01.AR  addr=0xa0010004            t=471335 ns
MON M01.R   data=0x00000000 resp=0 t=471355 ns
MON M01.AR  addr=0xa0010004            t=471655 ns
MON M01.R   data=0x00000000 resp=0 t=471675 ns
MON M01.AR  addr=0xa0010004            t=471975 ns
MON M01.R   data=0x00000000 resp=0 t=471995 ns
MON M01.AR  addr=0xa0010004            t=472295 ns
MON M01.R   data=0x00000000 resp=0 t=472315 ns
MON M01.AR  addr=0xa0010004            t=472615 ns
MON M01.R   data=0x00000000 resp=0 t=472635 ns
MON M01.AR  addr=0xa0010004            t=472935 ns
MON M01.R   data=0x00000000 resp=0 t=472955 ns
MON M01.AR  addr=0xa0010004            t=473255 ns
MON M01.R   data=0x00000000 resp=0 t=473275 ns
MON M01.AR  addr=0xa0010004            t=473575 ns
MON M01.R   data=0x00000000 resp=0 t=473595 ns
MON M01.AR  addr=0xa0010004            t=473895 ns
MON M01.R   data=0x00000000 resp=0 t=473915 ns
MON M01.AR  addr=0xa0010004            t=474215 ns
MON M01.R   data=0x00000000 resp=0 t=474235 ns
MON M01.AR  addr=0xa0010004            t=474535 ns
MON M01.R   data=0x00000000 resp=0 t=474555 ns
MON M01.AR  addr=0xa0010004            t=474855 ns
MON M01.R   data=0x00000000 resp=0 t=474875 ns
MON M01.AR  addr=0xa0010004            t=475175 ns
MON M01.R   data=0x00000000 resp=0 t=475195 ns
MON M01.AR  addr=0xa0010004            t=475495 ns
MON M01.R   data=0x00000000 resp=0 t=475515 ns
MON M01.AR  addr=0xa0010004            t=475815 ns
MON M01.R   data=0x00000000 resp=0 t=475835 ns
MON M01.AR  addr=0xa0010004            t=476135 ns
MON M01.R   data=0x00000000 resp=0 t=476155 ns
MON M01.AR  addr=0xa0010004            t=476455 ns
MON M01.R   data=0x00000000 resp=0 t=476475 ns
MON M01.AR  addr=0xa0010004            t=476775 ns
MON M01.R   data=0x00000000 resp=0 t=476795 ns
MON M01.AR  addr=0xa0010004            t=477095 ns
MON M01.R   data=0x00000000 resp=0 t=477115 ns
MON M01.AR  addr=0xa0010004            t=477415 ns
MON M01.R   data=0x00000000 resp=0 t=477435 ns
MON M01.AR  addr=0xa0010004            t=477735 ns
MON M01.R   data=0x00000000 resp=0 t=477755 ns
MON M01.AR  addr=0xa0010004            t=478055 ns
MON M01.R   data=0x00000000 resp=0 t=478075 ns
MON M01.AR  addr=0xa0010004            t=478375 ns
MON M01.R   data=0x00000000 resp=0 t=478395 ns
MON M01.AR  addr=0xa0010004            t=478695 ns
MON M01.R   data=0x00000000 resp=0 t=478715 ns
MON M01.AR  addr=0xa0010004            t=479015 ns
MON M01.R   data=0x00000000 resp=0 t=479035 ns
MON M01.AR  addr=0xa0010004            t=479335 ns
MON M01.R   data=0x00000000 resp=0 t=479355 ns
MON M01.AR  addr=0xa0010004            t=479655 ns
MON M01.R   data=0x00000000 resp=0 t=479675 ns
MON M01.AR  addr=0xa0010004            t=479975 ns
MON M01.R   data=0x00000000 resp=0 t=479995 ns
MON M01.AR  addr=0xa0010004            t=480295 ns
MON M01.R   data=0x00000000 resp=0 t=480315 ns
MON M01.AR  addr=0xa0010004            t=480615 ns
MON M01.R   data=0x00000000 resp=0 t=480635 ns
MON M01.AR  addr=0xa0010004            t=480935 ns
MON M01.R   data=0x00000000 resp=0 t=480955 ns
MON M01.AR  addr=0xa0010004            t=481255 ns
MON M01.R   data=0x00000000 resp=0 t=481275 ns
MON M01.AR  addr=0xa0010004            t=481575 ns
MON M01.R   data=0x00000000 resp=0 t=481595 ns
MON M01.AR  addr=0xa0010004            t=481895 ns
MON M01.R   data=0x00000000 resp=0 t=481915 ns
MON M01.AR  addr=0xa0010004            t=482215 ns
MON M01.R   data=0x00000000 resp=0 t=482235 ns
MON M01.AR  addr=0xa0010004            t=482535 ns
MON M01.R   data=0x00000000 resp=0 t=482555 ns
MON M01.AR  addr=0xa0010004            t=482855 ns
MON M01.R   data=0x00000000 resp=0 t=482875 ns
MON M01.AR  addr=0xa0010004            t=483175 ns
MON M01.R   data=0x00000000 resp=0 t=483195 ns
MON M01.AR  addr=0xa0010004            t=483495 ns
MON M01.R   data=0x00000000 resp=0 t=483515 ns
MON M01.AR  addr=0xa0010004            t=483815 ns
MON M01.R   data=0x00000000 resp=0 t=483835 ns
MON M01.AR  addr=0xa0010004            t=484135 ns
MON M01.R   data=0x00000000 resp=0 t=484155 ns
MON M01.AR  addr=0xa0010004            t=484455 ns
MON M01.R   data=0x00000000 resp=0 t=484475 ns
MON M01.AR  addr=0xa0010004            t=484775 ns
MON M01.R   data=0x00000000 resp=0 t=484795 ns
MON M01.AR  addr=0xa0010004            t=485095 ns
MON M01.R   data=0x00000000 resp=0 t=485115 ns
MON M01.AR  addr=0xa0010004            t=485415 ns
MON M01.R   data=0x00000000 resp=0 t=485435 ns
MON M01.AR  addr=0xa0010004            t=485735 ns
MON M01.R   data=0x00000000 resp=0 t=485755 ns
MON M01.AR  addr=0xa0010004            t=486055 ns
MON M01.R   data=0x00000000 resp=0 t=486075 ns
MON M01.AR  addr=0xa0010004            t=486375 ns
MON M01.R   data=0x00000000 resp=0 t=486395 ns
MON M01.AR  addr=0xa0010004            t=486695 ns
MON M01.R   data=0x00000000 resp=0 t=486715 ns
MON M01.AR  addr=0xa0010004            t=487015 ns
MON M01.R   data=0x00000000 resp=0 t=487035 ns
MON M01.AR  addr=0xa0010004            t=487335 ns
MON M01.R   data=0x00000000 resp=0 t=487355 ns
MON M01.AR  addr=0xa0010004            t=487655 ns
MON M01.R   data=0x00000000 resp=0 t=487675 ns
MON M01.AR  addr=0xa0010004            t=487975 ns
MON M01.R   data=0x00000000 resp=0 t=487995 ns
MON M01.AR  addr=0xa0010004            t=488295 ns
MON M01.R   data=0x00000000 resp=0 t=488315 ns
MON M01.AR  addr=0xa0010004            t=488615 ns
MON M01.R   data=0x00000000 resp=0 t=488635 ns
MON M01.AR  addr=0xa0010004            t=488935 ns
MON M01.R   data=0x00000000 resp=0 t=488955 ns
MON M01.AR  addr=0xa0010004            t=489255 ns
MON M01.R   data=0x00000000 resp=0 t=489275 ns
MON M01.AR  addr=0xa0010004            t=489575 ns
MON M01.R   data=0x00000000 resp=0 t=489595 ns
MON M01.AR  addr=0xa0010004            t=489895 ns
MON M01.R   data=0x00000000 resp=0 t=489915 ns
MON M01.AR  addr=0xa0010004            t=490215 ns
MON M01.R   data=0x00000000 resp=0 t=490235 ns
MON M01.AR  addr=0xa0010004            t=490535 ns
MON M01.R   data=0x00000000 resp=0 t=490555 ns
MON M01.AR  addr=0xa0010004            t=490855 ns
MON M01.R   data=0x00000000 resp=0 t=490875 ns
MON M01.AR  addr=0xa0010004            t=491175 ns
MON M01.R   data=0x00000000 resp=0 t=491195 ns
MON M01.AR  addr=0xa0010004            t=491495 ns
MON M01.R   data=0x00000000 resp=0 t=491515 ns
MON M01.AR  addr=0xa0010004            t=491815 ns
MON M01.R   data=0x00000000 resp=0 t=491835 ns
MON M01.AR  addr=0xa0010004            t=492135 ns
MON M01.R   data=0x00000000 resp=0 t=492155 ns
MON M01.AR  addr=0xa0010004            t=492455 ns
MON M01.R   data=0x00000000 resp=0 t=492475 ns
MON M01.AR  addr=0xa0010004            t=492775 ns
MON M01.R   data=0x00000000 resp=0 t=492795 ns
MON M01.AR  addr=0xa0010004            t=493095 ns
MON M01.R   data=0x00000000 resp=0 t=493115 ns
MON M01.AR  addr=0xa0010004            t=493415 ns
MON M01.R   data=0x00000000 resp=0 t=493435 ns
MON M01.AR  addr=0xa0010004            t=493735 ns
MON M01.R   data=0x00000000 resp=0 t=493755 ns
MON M01.AR  addr=0xa0010004            t=494055 ns
MON M01.R   data=0x00000000 resp=0 t=494075 ns
MON M01.AR  addr=0xa0010004            t=494375 ns
MON M01.R   data=0x00000000 resp=0 t=494395 ns
MON M01.AR  addr=0xa0010004            t=494695 ns
MON M01.R   data=0x00000000 resp=0 t=494715 ns
MON M01.AR  addr=0xa0010004            t=495015 ns
MON M01.R   data=0x00000000 resp=0 t=495035 ns
MON M01.AR  addr=0xa0010004            t=495335 ns
MON M01.R   data=0x00000000 resp=0 t=495355 ns
MON M01.AR  addr=0xa0010004            t=495655 ns
MON M01.R   data=0x00000000 resp=0 t=495675 ns
MON M01.AR  addr=0xa0010004            t=495975 ns
MON M01.R   data=0x00000000 resp=0 t=495995 ns
MON M01.AR  addr=0xa0010004            t=496295 ns
MON M01.R   data=0x00000000 resp=0 t=496315 ns
MON M01.AR  addr=0xa0010004            t=496615 ns
MON M01.R   data=0x00000000 resp=0 t=496635 ns
MON M01.AR  addr=0xa0010004            t=496935 ns
MON M01.R   data=0x00000000 resp=0 t=496955 ns
MON M01.AR  addr=0xa0010004            t=497255 ns
MON M01.R   data=0x00000000 resp=0 t=497275 ns
MON M01.AR  addr=0xa0010004            t=497575 ns
MON M01.R   data=0x00000000 resp=0 t=497595 ns
MON M01.AR  addr=0xa0010004            t=497895 ns
MON M01.R   data=0x00000000 resp=0 t=497915 ns
MON M01.AR  addr=0xa0010004            t=498215 ns
MON M01.R   data=0x00000000 resp=0 t=498235 ns
MON M01.AR  addr=0xa0010004            t=498535 ns
MON M01.R   data=0x00000000 resp=0 t=498555 ns
MON M01.AR  addr=0xa0010004            t=498855 ns
MON M01.R   data=0x00000000 resp=0 t=498875 ns
MON M01.AR  addr=0xa0010004            t=499175 ns
MON M01.R   data=0x00000000 resp=0 t=499195 ns
MON M01.AR  addr=0xa0010004            t=499495 ns
MON M01.R   data=0x00000000 resp=0 t=499515 ns
MON M01.AR  addr=0xa0010004            t=499815 ns
MON M01.R   data=0x00000000 resp=0 t=499835 ns
MON M01.AR  addr=0xa0010004            t=500135 ns
MON M01.R   data=0x00000000 resp=0 t=500155 ns
MON M01.AR  addr=0xa0010004            t=500455 ns
MON M01.R   data=0x00000000 resp=0 t=500475 ns
MON M01.AR  addr=0xa0010004            t=500775 ns
MON M01.R   data=0x00000000 resp=0 t=500795 ns
MON M01.AR  addr=0xa0010004            t=501095 ns
MON M01.R   data=0x00000000 resp=0 t=501115 ns
MON M01.AR  addr=0xa0010004            t=501415 ns
MON M01.R   data=0x00000000 resp=0 t=501435 ns
MON M01.AR  addr=0xa0010004            t=501735 ns
MON M01.R   data=0x00000000 resp=0 t=501755 ns
MON M01.AR  addr=0xa0010004            t=502055 ns
MON M01.R   data=0x00000000 resp=0 t=502075 ns
MON M01.AR  addr=0xa0010004            t=502375 ns
MON M01.R   data=0x00000000 resp=0 t=502395 ns
MON M01.AR  addr=0xa0010004            t=502695 ns
MON M01.R   data=0x00000000 resp=0 t=502715 ns
MON M01.AR  addr=0xa0010004            t=503015 ns
MON M01.R   data=0x00000000 resp=0 t=503035 ns
MON M01.AR  addr=0xa0010004            t=503335 ns
MON M01.R   data=0x00000000 resp=0 t=503355 ns
MON M01.AR  addr=0xa0010004            t=503655 ns
MON M01.R   data=0x00000000 resp=0 t=503675 ns
MON M01.AR  addr=0xa0010004            t=503975 ns
MON M01.R   data=0x00000000 resp=0 t=503995 ns
MON M01.AR  addr=0xa0010004            t=504295 ns
MON M01.R   data=0x00000000 resp=0 t=504315 ns
MON M01.AR  addr=0xa0010004            t=504615 ns
MON M01.R   data=0x00000000 resp=0 t=504635 ns
MON M01.AR  addr=0xa0010004            t=504935 ns
MON M01.R   data=0x00000000 resp=0 t=504955 ns
MON M01.AR  addr=0xa0010004            t=505255 ns
MON M01.R   data=0x00000000 resp=0 t=505275 ns
MON M01.AR  addr=0xa0010004            t=505575 ns
MON M01.R   data=0x00000000 resp=0 t=505595 ns
MON M01.AR  addr=0xa0010004            t=505895 ns
MON M01.R   data=0x00000000 resp=0 t=505915 ns
MON M01.AR  addr=0xa0010004            t=506215 ns
MON M01.R   data=0x00000000 resp=0 t=506235 ns
MON M01.AR  addr=0xa0010004            t=506535 ns
MON M01.R   data=0x00000000 resp=0 t=506555 ns
MON M01.AR  addr=0xa0010004            t=506855 ns
MON M01.R   data=0x00000000 resp=0 t=506875 ns
MON M01.AR  addr=0xa0010004            t=507175 ns
MON M01.R   data=0x00000000 resp=0 t=507195 ns
MON M01.AR  addr=0xa0010004            t=507495 ns
MON M01.R   data=0x00000000 resp=0 t=507515 ns
MON M01.AR  addr=0xa0010004            t=507815 ns
MON M01.R   data=0x00000000 resp=0 t=507835 ns
MON M01.AR  addr=0xa0010004            t=508135 ns
MON M01.R   data=0x00000000 resp=0 t=508155 ns
MON M01.AR  addr=0xa0010004            t=508455 ns
MON M01.R   data=0x00000000 resp=0 t=508475 ns
MON M01.AR  addr=0xa0010004            t=508775 ns
MON M01.R   data=0x00000000 resp=0 t=508795 ns
MON M01.AR  addr=0xa0010004            t=509095 ns
MON M01.R   data=0x00000000 resp=0 t=509115 ns
MON M01.AR  addr=0xa0010004            t=509415 ns
MON M01.R   data=0x00000000 resp=0 t=509435 ns
MON M01.AR  addr=0xa0010004            t=509735 ns
MON M01.R   data=0x00000000 resp=0 t=509755 ns
MON M01.AR  addr=0xa0010004            t=510055 ns
MON M01.R   data=0x00000000 resp=0 t=510075 ns
MON M01.AR  addr=0xa0010004            t=510375 ns
MON M01.R   data=0x00000000 resp=0 t=510395 ns
MON M01.AR  addr=0xa0010004            t=510695 ns
MON M01.R   data=0x00000000 resp=0 t=510715 ns
MON M01.AR  addr=0xa0010004            t=511015 ns
MON M01.R   data=0x00000000 resp=0 t=511035 ns
MON M01.AR  addr=0xa0010004            t=511335 ns
MON M01.R   data=0x00000000 resp=0 t=511355 ns
MON M01.AR  addr=0xa0010004            t=511655 ns
MON M01.R   data=0x00000000 resp=0 t=511675 ns
MON M01.AR  addr=0xa0010004            t=511975 ns
MON M01.R   data=0x00000000 resp=0 t=511995 ns
MON M01.AR  addr=0xa0010004            t=512295 ns
MON M01.R   data=0x00000000 resp=0 t=512315 ns
MON M01.AR  addr=0xa0010004            t=512615 ns
MON M01.R   data=0x00000000 resp=0 t=512635 ns
MON M01.AR  addr=0xa0010004            t=512935 ns
MON M01.R   data=0x00000000 resp=0 t=512955 ns
MON M01.AR  addr=0xa0010004            t=513255 ns
MON M01.R   data=0x00000000 resp=0 t=513275 ns
MON M01.AR  addr=0xa0010004            t=513575 ns
MON M01.R   data=0x00000000 resp=0 t=513595 ns
MON M01.AR  addr=0xa0010004            t=513895 ns
Fatal: [ddr_rd_driver] (.axi_vip_pkg.axi_slv_rd_driver(C_AXI_WID_WIDTH=1,C_AXI_RID_WIDTH=1,C_AXI_SUPPORTS_NARROW=0,C_AXI_HAS_REGION=0)::forward_progress_watchdog.PROGRESS.) 513905 ns : Forward progress timeout triggered. There are pending AR commands (         2), however, a corresponding RDATA+RLAST has not occured in (     50000) cycles. No forward progess.
Time: 513905 ns  Iteration: 4  Process: /axi_vip_pkg/axi_slv_rd_driver(C_AXI_WID_WIDTH=1,C_AXI_RID_WIDTH=1,C_AXI_SUPPORTS_NARROW=0,C_AXI_HAS_REGION=0)::forward_progress_watchdog/PROGRESS/Block14341_213  Scope: .axi_vip_pkg.axi_slv_rd_driver(C_AXI_WID_WIDTH=1,C_AXI_RID_WIDTH=1,C_AXI_SUPPORTS_NARROW=0,C_AXI_HAS_REGION=0)::forward_progress_watchdog.PROGRESS.  File: /tools/Xilinx/2025.1/Vivado/data/xilinx_vip/hdl/axi_vip_pkg.sv Line: 14344
$finish called at time : 513905 ns
run: Time (s): cpu = 00:00:00.88 ; elapsed = 00:00:14 . Memory (MB): peak = 1914.629 ; gain = 0.000 ; free physical = 26617 ; free virtual = 49721
R6_SIMRUN: launch complete
Executing Axi4 End Of Simulation checks
Warning: AXI4_ERRS_RLAST_ALL_DONE_EOS: All outstanding read bursts must have completed a the end of the simulation.
Time: 513905 ns  Iteration: 4  Process: /tb_keyhole/dut/sim_keyhole_i/axi_vip_0/inst/IF/PC/Always3109_860  Scope: tb_keyhole.dut.sim_keyhole_i.axi_vip_0.inst.IF.PC.arm_amba4_pc_msg_err  File: /tools/Xilinx/2025.1/Vivado/data/xilinx_vip/hdl/axi_vip_axi4pc.sv Line: 725
Executing Axi4 End Of Simulation checks
Warning: AXI4_ERRS_RLAST_ALL_DONE_EOS: All outstanding read bursts must have completed a the end of the simulation.
Time: 513905 ns  Iteration: 4  Process: /tb_keyhole/dut/sim_keyhole_i/axi_vip_1/inst/IF/PC/Always3109_1136  Scope: tb_keyhole.dut.sim_keyhole_i.axi_vip_1.inst.IF.PC.arm_amba4_pc_msg_err  File: /tools/Xilinx/2025.1/Vivado/data/xilinx_vip/hdl/axi_vip_axi4pc.sv Line: 725
INFO: xsimkernel Simulation Memory Usage: 324228 KB (Peak: 337564 KB), Simulation CPU Usage: 15130 ms
INFO: [Common 17-206] Exiting Vivado at Mon Aug 10 11:06:57 2026...
